Timestamp,Adj Close,Close,High,Low,Open,Volume
2026-09-14 13:30:00+00:00,333.1700134277344,333.1700134277344,334.8299865722656,332.4010009765625,334.8299865722656,1940943
2026-09-14 13:31:00+00:00,332.8800048828125,332.8800048828125,333.57000732421875,332.2099914550781,332.6600036621094,2199630
2026-09-14 13:32:00+00:00,332.4200134277344,332.4200134277344,333.1199951171875,331.7450866699219,332.875,263762
2026-09-14 13:33:00+00:00,332.4200134277344,332.4200134277344,333.17999267578125,331.8599853515625,332.4800109863281,165358
2026-09-14 13:34:00+00:00,332.7567138671875,332.7567138671875,333.25,332.42999267578125,332.42999267578125,249596
2026-09-14 13:35:00+00:00,331.4200134277344,331.4200134277344,332.7762145996094,331.3500061035156,332.7650146484375,244552
2026-09-14 13:36:00+00:00,331.7500915527344,331.7500915527344,331.8999938964844,331.3399963378906,331.385009765625,210031
2026-09-14 13:37:00+00:00,332.02398681640625,332.02398681640625,332.2698974609375,331.489990234375,331.7850036621094,121739
2026-09-14 13:38:00+00:00,331.70001220703125,331.70001220703125,332.20001220703125,331.6099853515625,332.0061950683594,105663
2026-09-14 13:39:00+00:00,331.94000244140625,331.94000244140625,332.04998779296875,331.4100036621094,331.7300109863281,263572
2026-09-14 13:40:00+00:00,332.0299987792969,332.0299987792969,332.1700134277344,331.43499755859375,331.8009033203125,149507
2026-09-14 13:41:00+00:00,332.6199951171875,332.6199951171875,332.9800109863281,332.0299987792969,332.04998779296875,207885
2026-09-14 13:42:00+00:00,333.8900146484375,333.8900146484375,334.20001220703125,332.6300048828125,332.6300048828125,309853
2026-09-14 13:43:00+00:00,333.239990234375,333.239990234375,333.9399108886719,333.1697998046875,333.9100036621094,133163
2026-09-14 13:44:00+00:00,332.5,332.5,333.2799987792969,332.1700134277344,333.239990234375,137754
2026-09-14 13:45:00+00:00,332.4399108886719,332.4399108886719,332.6300048828125,332.32000732421875,332.4599914550781,96182
2026-09-14 13:46:00+00:00,333.3299865722656,333.3299865722656,333.33990478515625,332.3999938964844,332.4200134277344,146162
2026-09-14 13:47:00+00:00,332.875,332.875,333.3599853515625,332.739990234375,333.3399963378906,148393
2026-09-14 13:48:00+00:00,332.17999267578125,332.17999267578125,332.9649963378906,332.0299987792969,332.9200134277344,148939
2026-09-14 13:49:00+00:00,332.7301025390625,332.7301025390625,333.0799865722656,332.1199951171875,332.1700134277344,125525
2026-09-14 13:50:00+00:00,332.4049987792969,332.4049987792969,332.8399963378906,332.25,332.7650146484375,252544
2026-09-14 13:51:00+00:00,333.57000732421875,333.57000732421875,333.6300048828125,332.3299865722656,332.3999938964844,225365
2026-09-14 13:52:00+00:00,333.4200134277344,333.4200134277344,333.8699951171875,333.2799987792969,333.6099853515625,169931
2026-09-14 13:53:00+00:00,333.6000061035156,333.6000061035156,333.7200012207031,333.3999938964844,333.3999938964844,122722
2026-09-14 13:54:00+00:00,334.1099853515625,334.1099853515625,334.14129638671875,333.510009765625,333.6000061035156,133947
2026-09-14 13:55:00+00:00,334.8100891113281,334.8100891113281,334.8299865722656,334.07000732421875,334.1099853515625,358633
2026-09-14 13:56:00+00:00,334.5,334.5,335.0799865722656,334.3608093261719,334.80499267578125,344926
2026-09-14 13:57:00+00:00,334.739990234375,334.739990234375,334.7699890136719,334.4599914550781,334.5199890136719,123784
2026-09-14 13:58:00+00:00,334.375,334.375,334.94000244140625,334.29998779296875,334.7200012207031,171562
2026-09-14 13:59:00+00:00,333.93499755859375,333.93499755859375,334.3900146484375,333.8457946777344,334.3623962402344,194442
2026-09-14 14:00:00+00:00,334.04058837890625,334.04058837890625,334.2179870605469,333.6650085449219,333.93499755859375,109003
2026-09-14 14:01:00+00:00,334.2287902832031,334.2287902832031,334.239990234375,333.7767028808594,334.05999755859375,92243
2026-09-14 14:02:00+00:00,334.2049865722656,334.2049865722656,334.489990234375,334.1142883300781,334.2300109863281,123420
2026-09-14 14:03:00+00:00,334.1000061035156,334.1000061035156,334.2774963378906,333.8138122558594,334.2171936035156,71051
2026-09-14 14:04:00+00:00,334.1549987792969,334.1549987792969,334.2900085449219,334.0799865722656,334.1199951171875,63307
2026-09-14 14:05:00+00:00,334.1449890136719,334.1449890136719,334.2900085449219,334.0450134277344,334.1600036621094,77640
2026-09-14 14:06:00+00:00,334.2178039550781,334.2178039550781,334.3500061035156,334.0400085449219,334.1449890136719,88805
2026-09-14 14:07:00+00:00,334.385009765625,334.385009765625,334.5299072265625,334.18060302734375,334.2001037597656,71251
2026-09-14 14:08:00+00:00,334.5304870605469,334.5304870605469,334.6300048828125,334.3299865722656,334.3949890136719,90839
2026-09-14 14:09:00+00:00,334.239990234375,334.239990234375,334.5400085449219,334.1600036621094,334.5199890136719,77809
2026-09-14 14:10:00+00:00,333.9949951171875,333.9949951171875,334.2398986816406,333.92498779296875,334.2200012207031,70818
2026-09-14 14:11:00+00:00,333.989990234375,333.989990234375,334.04998779296875,333.82000732421875,333.989990234375,68569
2026-09-14 14:12:00+00:00,333.69000244140625,333.69000244140625,334.02130126953125,333.6499938964844,334.010009765625,65509
2026-09-14 14:13:00+00:00,333.760009765625,333.760009765625,333.81988525390625,333.4100036621094,333.70001220703125,156064
2026-09-14 14:14:00+00:00,333.510009765625,333.510009765625,333.7550048828125,333.510009765625,333.7477111816406,49817
2026-09-14 14:15:00+00:00,333.4200134277344,333.4200134277344,333.55999755859375,333.32000732421875,333.5199890136719,76295
2026-09-14 14:16:00+00:00,333.3800048828125,333.3800048828125,333.510009765625,333.2900085449219,333.3999938964844,65132
2026-09-14 14:17:00+00:00,333.2298889160156,333.2298889160156,333.3949890136719,332.94000244140625,333.3550109863281,89755
2026-09-14 14:18:00+00:00,332.8599853515625,332.8599853515625,333.32000732421875,332.69000244140625,333.29998779296875,96173
2026-09-14 14:19:00+00:00,332.7099914550781,332.7099914550781,332.8500061035156,332.4800109863281,332.8500061035156,102889
2026-09-14 14:20:00+00:00,332.7616882324219,332.7616882324219,333.0299987792969,332.69000244140625,332.7099914550781,82546
2026-09-14 14:21:00+00:00,332.9200134277344,332.9200134277344,333.1600036621094,332.7001037597656,332.7001037597656,81888
2026-09-14 14:22:00+00:00,333.0899963378906,333.0899963378906,333.20001220703125,332.8299865722656,332.8500061035156,83686
2026-09-14 14:23:00+00:00,333.3299865722656,333.3299865722656,333.4200134277344,333.1033935546875,333.1300048828125,78192
2026-09-14 14:24:00+00:00,333.010009765625,333.010009765625,333.3900146484375,333.010009765625,333.33050537109375,61857
2026-09-14 14:25:00+00:00,332.9200134277344,332.9200134277344,333.1050109863281,332.80999755859375,333.0198974609375,49942
2026-09-14 14:26:00+00:00,332.8598937988281,332.8598937988281,333.0,332.760009765625,332.94000244140625,59306
2026-09-14 14:27:00+00:00,332.8949890136719,332.8949890136719,332.95001220703125,332.67999267578125,332.8699951171875,93599
2026-09-14 14:28:00+00:00,332.9800109863281,332.9800109863281,333.1600036621094,332.8999938964844,332.9049987792969,69806
2026-09-14 14:29:00+00:00,333.19500732421875,333.19500732421875,333.2799987792969,332.989990234375,332.989990234375,73318
2026-09-14 14:30:00+00:00,332.95001220703125,332.95001220703125,333.21649169921875,332.95001220703125,333.17999267578125,55973
2026-09-14 14:31:00+00:00,332.885009765625,332.885009765625,333.07501220703125,332.7850036621094,332.9599914550781,94221
2026-09-14 14:32:00+00:00,333.1400146484375,333.1400146484375,333.1799011230469,332.8800048828125,332.8900146484375,76236
2026-09-14 14:33:00+00:00,333.20001220703125,333.20001220703125,333.4670104980469,333.1400146484375,333.1400146484375,83295
2026-09-14 14:34:00+00:00,333.2449951171875,333.2449951171875,333.2900085449219,333.07000732421875,333.20001220703125,83315
2026-09-14 14:35:00+00:00,333.2900085449219,333.2900085449219,333.2900085449219,333.0072021484375,333.20001220703125,74362
2026-09-14 14:36:00+00:00,332.6050109863281,332.6050109863281,333.2900085449219,332.4599914550781,333.25,131640
2026-09-14 14:37:00+00:00,332.8800048828125,332.8800048828125,332.9100036621094,332.55499267578125,332.55499267578125,84341
2026-09-14 14:38:00+00:00,333.05010986328125,333.05010986328125,333.17999267578125,332.8800048828125,332.8800048828125,65344
2026-09-14 14:39:00+00:00,333.20001220703125,333.20001220703125,333.239990234375,332.885009765625,333.06561279296875,60222
2026-09-14 14:40:00+00:00,332.7900085449219,332.7900085449219,333.1980895996094,332.77801513671875,333.19000244140625,61173
2026-09-14 14:41:00+00:00,332.79998779296875,332.79998779296875,332.8900146484375,332.70001220703125,332.7850036621094,55274
2026-09-14 14:42:00+00:00,332.92999267578125,332.92999267578125,333.0150146484375,332.79998779296875,332.80499267578125,55673
2026-09-14 14:43:00+00:00,332.5,332.5,332.95001220703125,332.42010498046875,332.95001220703125,65542
2026-09-14 14:44:00+00:00,332.9700012207031,332.9700012207031,333.0,332.4599914550781,332.5400085449219,94777
2026-09-14 14:45:00+00:00,332.8599853515625,332.8599853515625,333.05999755859375,332.82000732421875,332.9800109863281,56444
2026-09-14 14:46:00+00:00,332.8800048828125,332.8800048828125,333.05999755859375,332.80999755859375,332.8599853515625,43493
2026-09-14 14:47:00+00:00,333.0,333.0,333.1094055175781,332.86199951171875,332.8900146484375,56084
2026-09-14 14:48:00+00:00,333.1400146484375,333.1400146484375,333.19000244140625,332.9800109863281,332.989990234375,52031
2026-09-14 14:49:00+00:00,333.114990234375,333.114990234375,333.1698913574219,332.8900146484375,333.1549987792969,58422
2026-09-14 14:50:00+00:00,332.9801025390625,332.9801025390625,333.177001953125,332.9775085449219,333.1400146484375,53877
2026-09-14 14:51:00+00:00,333.010009765625,333.010009765625,333.0249938964844,332.8999938964844,332.9800109863281,41411
2026-09-14 14:52:00+00:00,333.135009765625,333.135009765625,333.20001220703125,332.8999938964844,333.010009765625,65933
2026-09-14 14:53:00+00:00,332.760009765625,332.760009765625,333.1499938964844,332.5899963378906,333.1449890136719,116358
2026-09-14 14:54:00+00:00,332.5,332.5,332.760009765625,332.4599914550781,332.75,180175
2026-09-14 14:55:00+00:00,332.3599853515625,332.3599853515625,332.510009765625,332.2900085449219,332.5050048828125,95759
2026-09-14 14:56:00+00:00,332.1846923828125,332.1846923828125,332.44000244140625,332.1199951171875,332.3800048828125,94357
2026-09-14 14:57:00+00:00,332.3800048828125,332.3800048828125,332.3999938964844,332.1180114746094,332.20001220703125,61224
2026-09-14 14:58:00+00:00,332.57000732421875,332.57000732421875,332.5899963378906,332.20001220703125,332.3890075683594,83831
2026-09-14 14:59:00+00:00,332.9330139160156,332.9330139160156,332.989990234375,332.4800109863281,332.57049560546875,110961
2026-09-14 15:00:00+00:00,332.8500061035156,332.8500061035156,333.0,332.7699890136719,332.9800109863281,63153
2026-09-14 15:01:00+00:00,332.7900085449219,332.7900085449219,332.8500061035156,332.6499938964844,332.8299865722656,56312
2026-09-14 15:02:00+00:00,332.6700134277344,332.6700134277344,332.7898864746094,332.54998779296875,332.7799987792969,27735
2026-09-14 15:03:00+00:00,332.5851135253906,332.5851135253906,332.7900085449219,332.5851135253906,332.6600036621094,47763
2026-09-14 15:04:00+00:00,332.44500732421875,332.44500732421875,332.5870056152344,332.4200134277344,332.5849914550781,55313
2026-09-14 15:05:00+00:00,332.743896484375,332.743896484375,333.0400085449219,332.4360046386719,332.44000244140625,120222
2026-09-14 15:06:00+00:00,332.78009033203125,332.78009033203125,333.0,332.6099853515625,332.7149963378906,66513
2026-09-14 15:07:00+00:00,332.7550048828125,332.7550048828125,332.84991455078125,332.6099853515625,332.7799987792969,40313
2026-09-14 15:08:00+00:00,332.8299865722656,332.8299865722656,332.8699951171875,332.6499938964844,332.7550048828125,53477
2026-09-14 15:09:00+00:00,333.1000061035156,333.1000061035156,333.4599914550781,332.760009765625,332.82000732421875,130731
2026-09-14 15:10:00+00:00,332.9700012207031,332.9700012207031,333.09429931640625,332.94500732421875,333.0899963378906,41016
2026-09-14 15:11:00+00:00,332.7650146484375,332.7650146484375,333.0199890136719,332.70001220703125,332.989990234375,40211
2026-09-14 15:12:00+00:00,332.6099853515625,332.6099853515625,332.7699890136719,332.4800109863281,332.7699890136719,59962
2026-09-14 15:13:00+00:00,332.69500732421875,332.69500732421875,332.760009765625,332.5600891113281,332.58819580078125,30841
2026-09-14 15:14:00+00:00,332.7149963378906,332.7149963378906,332.75,332.6499938964844,332.70001220703125,35993
2026-09-14 15:15:00+00:00,332.79998779296875,332.79998779296875,332.8800048828125,332.5450134277344,332.715087890625,59960
2026-09-14 15:16:00+00:00,332.7992858886719,332.7992858886719,332.79998779296875,332.6400146484375,332.7699890136719,38714
2026-09-14 15:17:00+00:00,332.9049987792969,332.9049987792969,333.1300048828125,332.7799987792969,332.80999755859375,63701
2026-09-14 15:18:00+00:00,332.8999938964844,332.8999938964844,333.00909423828125,332.79400634765625,332.8399963378906,36430
2026-09-14 15:19:00+00:00,332.8500061035156,332.8500061035156,332.9100036621094,332.739990234375,332.9049987792969,35032
2026-09-14 15:20:00+00:00,332.70989990234375,332.70989990234375,332.8999938964844,332.6300048828125,332.8500061035156,27036
2026-09-14 15:21:00+00:00,332.6000061035156,332.6000061035156,332.8500061035156,332.6000061035156,332.7300109863281,35846
2026-09-14 15:22:00+00:00,332.5150146484375,332.5150146484375,332.7200012207031,332.42999267578125,332.65838623046875,98774
2026-09-14 15:23:00+00:00,332.5299987792969,332.5299987792969,332.82000732421875,332.42999267578125,332.5150146484375,84553
2026-09-14 15:24:00+00:00,332.6000061035156,332.6000061035156,332.6401062011719,332.4700012207031,332.510009765625,46790
2026-09-14 15:25:00+00:00,332.4849853515625,332.4849853515625,332.625,332.42999267578125,332.6099853515625,46425
2026-09-14 15:26:00+00:00,332.7651062011719,332.7651062011719,332.7898864746094,332.3299865722656,332.4649963378906,49142
2026-09-14 15:27:00+00:00,332.5400085449219,332.5400085449219,332.7799987792969,332.5400085449219,332.7650146484375,23024
2026-09-14 15:28:00+00:00,332.625,332.625,332.6300048828125,332.489990234375,332.5050048828125,34606
2026-09-14 15:29:00+00:00,332.6600036621094,332.6600036621094,332.7200012207031,332.55999755859375,332.6300048828125,51090
2026-09-14 15:30:00+00:00,332.80999755859375,332.80999755859375,332.8699951171875,332.6499938964844,332.6549987792969,38788
2026-09-14 15:31:00+00:00,332.9844055175781,332.9844055175781,332.9964904785156,332.7699890136719,332.7958984375,55220
2026-09-14 15:32:00+00:00,333.0899963378906,333.0899963378906,333.2799987792969,332.9100036621094,332.989990234375,94699
2026-09-14 15:33:00+00:00,333.6300048828125,333.6300048828125,333.8999938964844,333.0199890136719,333.0899963378906,155204
2026-09-14 15:34:00+00:00,334.2149963378906,334.2149963378906,334.3699951171875,333.54010009765625,333.619384765625,227034
2026-09-14 15:35:00+00:00,334.239990234375,334.239990234375,334.2668151855469,334.0,334.1600036621094,131524
2026-09-14 15:36:00+00:00,334.46429443359375,334.46429443359375,334.46429443359375,333.9700012207031,334.239990234375,114058
2026-09-14 15:37:00+00:00,334.6099853515625,334.6099853515625,334.6499938964844,334.3900146484375,334.4549865722656,125397
2026-09-14 15:38:00+00:00,334.260009765625,334.260009765625,334.635009765625,334.2001037597656,334.6300048828125,61298
2026-09-14 15:39:00+00:00,334.1050109863281,334.1050109863281,334.3900146484375,334.0849914550781,334.2699890136719,57439
2026-09-14 15:40:00+00:00,334.0199890136719,334.0199890136719,334.4200134277344,334.0,334.1099853515625,72300
2026-09-14 15:41:00+00:00,334.5050048828125,334.5050048828125,334.5899963378906,333.95001220703125,334.0199890136719,69796
2026-09-14 15:42:00+00:00,334.1700134277344,334.1700134277344,334.54998779296875,334.1050109863281,334.489990234375,47441
2026-09-14 15:43:00+00:00,334.260009765625,334.260009765625,334.2699890136719,334.0351867675781,334.1199951171875,46362
2026-09-14 15:44:00+00:00,334.3900146484375,334.3900146484375,334.4800109863281,334.260009765625,334.260009765625,59598
2026-09-14 15:45:00+00:00,334.57000732421875,334.57000732421875,334.57000732421875,334.3999938964844,334.4049987792969,47854
2026-09-14 15:46:00+00:00,334.6449890136719,334.6449890136719,334.75,334.55999755859375,334.55999755859375,83556
2026-09-14 15:47:00+00:00,334.6453857421875,334.6453857421875,334.760009765625,334.4700927734375,334.6449890136719,74902
2026-09-14 15:48:00+00:00,334.81500244140625,334.81500244140625,334.92999267578125,334.65008544921875,334.65008544921875,106176
2026-09-14 15:49:00+00:00,334.8800048828125,334.8800048828125,334.95001220703125,334.6610107421875,334.80999755859375,105935
2026-09-14 15:50:00+00:00,334.94500732421875,334.94500732421875,335.1600036621094,334.8651123046875,334.880615234375,222522
2026-09-14 15:51:00+00:00,334.6650085449219,334.6650085449219,334.9800109863281,334.5799865722656,334.94500732421875,71574
2026-09-14 15:52:00+00:00,334.62689208984375,334.62689208984375,334.80999755859375,334.60009765625,334.6600036621094,49581
2026-09-14 15:53:00+00:00,334.7650146484375,334.7650146484375,334.8800048828125,334.6300048828125,334.6300048828125,58433
2026-09-14 15:54:00+00:00,334.7149963378906,334.7149963378906,334.82000732421875,334.5299987792969,334.7799987792969,42892
2026-09-14 15:55:00+00:00,334.5849914550781,334.5849914550781,334.760009765625,334.56500244140625,334.7099914550781,43190
2026-09-14 15:56:00+00:00,334.8599853515625,334.8599853515625,334.9150085449219,334.5000915527344,334.6000061035156,76829
2026-09-14 15:57:00+00:00,335.3829040527344,335.3829040527344,335.5,334.8599853515625,334.8599853515625,193756
2026-09-14 15:58:00+00:00,335.260009765625,335.260009765625,335.44000244140625,335.1199951171875,335.3900146484375,105578
2026-09-14 15:59:00+00:00,335.0400085449219,335.0400085449219,335.3399963378906,334.9200134277344,335.260009765625,115499
2026-09-14 16:00:00+00:00,335.1400146484375,335.1400146484375,335.489990234375,335.05999755859375,335.05999755859375,146819
2026-09-14 16:01:00+00:00,334.7583923339844,334.7583923339844,335.2099914550781,334.75,335.1400146484375,52855
2026-09-14 16:02:00+00:00,334.79998779296875,334.79998779296875,334.92999267578125,334.7449951171875,334.7601013183594,57604
2026-09-14 16:03:00+00:00,334.9549865722656,334.9549865722656,335.04998779296875,334.6675109863281,334.79998779296875,45638
2026-09-14 16:04:00+00:00,334.6199951171875,334.6199951171875,335.0299987792969,334.6099853515625,334.9599914550781,63072
2026-09-14 16:05:00+00:00,334.6499938964844,334.6499938964844,334.74249267578125,334.55999755859375,334.6300048828125,50331
2026-09-14 16:06:00+00:00,334.5596923828125,334.5596923828125,334.7298889160156,334.4599914550781,334.6499938964844,92653
2026-09-14 16:07:00+00:00,334.55999755859375,334.55999755859375,334.70001220703125,334.4800109863281,334.5599060058594,51095
2026-09-14 16:08:00+00:00,334.6617126464844,334.6617126464844,334.6617126464844,334.45001220703125,334.5849914550781,29739
2026-09-14 16:09:00+00:00,334.8999938964844,334.8999938964844,334.9501037597656,334.6499938964844,334.6700134277344,51908
2026-09-14 16:10:00+00:00,334.8599853515625,334.8599853515625,335.0,334.7449951171875,334.9100036621094,65652
2026-09-14 16:11:00+00:00,334.8900146484375,334.8900146484375,335.1300048828125,334.8599853515625,334.8599853515625,53347
2026-09-14 16:12:00+00:00,335.0249938964844,335.0249938964844,335.05999755859375,334.8550109863281,334.885009765625,43376
2026-09-14 16:13:00+00:00,334.94000244140625,334.94000244140625,335.0299987792969,334.92999267578125,335.0299987792969,45462
2026-09-14 16:14:00+00:00,334.9010009765625,334.9010009765625,334.9700012207031,334.7900085449219,334.92999267578125,49090
2026-09-14 16:15:00+00:00,334.739990234375,334.739990234375,334.9200134277344,334.69000244140625,334.9100036621094,48175
2026-09-14 16:16:00+00:00,334.59991455078125,334.59991455078125,334.8399963378906,334.5849914550781,334.7449951171875,25527
2026-09-14 16:17:00+00:00,334.7200012207031,334.7200012207031,334.760009765625,334.5,334.57501220703125,31272
2026-09-14 16:18:00+00:00,334.989501953125,334.989501953125,335.0400085449219,334.67999267578125,334.7149963378906,50411
2026-09-14 16:19:00+00:00,334.7900085449219,334.7900085449219,335.0199890136719,334.75,334.9710998535156,58880
2026-09-14 16:20:00+00:00,334.69000244140625,334.69000244140625,334.8450012207031,334.57000732421875,334.79998779296875,29496
2026-09-14 16:21:00+00:00,334.66009521484375,334.66009521484375,334.7200012207031,334.59991455078125,334.67999267578125,28900
2026-09-14 16:22:00+00:00,334.7950134277344,334.7950134277344,334.8299865722656,334.68499755859375,334.69000244140625,25775
2026-09-14 16:23:00+00:00,334.7900085449219,334.7900085449219,334.8205871582031,334.6199951171875,334.7720031738281,34852
2026-09-14 16:24:00+00:00,334.7300109863281,334.7300109863281,334.8699951171875,334.7149963378906,334.79998779296875,38788
2026-09-14 16:25:00+00:00,334.659912109375,334.659912109375,334.7300109863281,334.5299987792969,334.7149963378906,52181
2026-09-14 16:26:00+00:00,334.57501220703125,334.57501220703125,334.72088623046875,334.57000732421875,334.6400146484375,30949
2026-09-14 16:27:00+00:00,334.57501220703125,334.57501220703125,334.6650085449219,334.5199890136719,334.5799865722656,75088
2026-09-14 16:28:00+00:00,334.3349914550781,334.3349914550781,334.6000061035156,334.32000732421875,334.6000061035156,88565
2026-09-14 16:29:00+00:00,334.5849914550781,334.5849914550781,334.6199951171875,334.30999755859375,334.3399963378906,70688
2026-09-14 16:30:00+00:00,334.3500061035156,334.3500061035156,334.5899963378906,334.2900085449219,334.5899963378906,77469
2026-09-14 16:31:00+00:00,334.1300048828125,334.1300048828125,334.5,334.1300048828125,334.3599853515625,53679
2026-09-14 16:32:00+00:00,334.2250061035156,334.2250061035156,334.3450012207031,334.1000061035156,334.1300048828125,63466
2026-09-14 16:33:00+00:00,334.57000732421875,334.57000732421875,334.6700134277344,334.239990234375,334.239990234375,59291
2026-09-14 16:34:00+00:00,334.7449951171875,334.7449951171875,334.7724914550781,334.54998779296875,334.56500244140625,51677
2026-09-14 16:35:00+00:00,334.73699951171875,334.73699951171875,334.79998779296875,334.64111328125,334.760009765625,40627
2026-09-14 16:36:00+00:00,334.7699890136719,334.7699890136719,334.8299865722656,334.7200927734375,334.7300109863281,40843
2026-09-14 16:37:00+00:00,334.6700134277344,334.6700134277344,334.84991455078125,334.6700134277344,334.7799987792969,36626
2026-09-14 16:38:00+00:00,334.7099914550781,334.7099914550781,334.8599853515625,334.67999267578125,334.69000244140625,36512
2026-09-14 16:39:00+00:00,334.7950134277344,334.7950134277344,334.8299865722656,334.6499938964844,334.7099914550781,22746
2026-09-14 16:40:00+00:00,334.8999938964844,334.8999938964844,334.9100036621094,334.760009765625,334.7900085449219,29907
2026-09-14 16:41:00+00:00,334.9849853515625,334.9849853515625,334.9880065917969,334.8699951171875,334.9100036621094,61774
2026-09-14 16:42:00+00:00,334.75,334.75,334.9800109863281,334.7101135253906,334.9800109863281,30439
2026-09-14 16:43:00+00:00,334.84991455078125,334.84991455078125,334.84991455078125,334.6600036621094,334.75,31517
2026-09-14 16:44:00+00:00,334.8900146484375,334.8900146484375,334.8900146484375,334.7699890136719,334.8500061035156,29061
2026-09-14 16:45:00+00:00,334.7099914550781,334.7099914550781,334.885009765625,334.6802062988281,334.885009765625,53332
2026-09-14 16:46:00+00:00,334.7298889160156,334.7298889160156,334.7300109863281,334.57000732421875,334.70001220703125,36975
2026-09-14 16:47:00+00:00,334.739990234375,334.739990234375,335.0199890136719,334.69500732421875,334.7099914550781,75159
2026-09-14 16:48:00+00:00,334.82501220703125,334.82501220703125,335.010009765625,334.6600036621094,334.7496032714844,47565
2026-09-14 16:49:00+00:00,334.8699951171875,334.8699951171875,334.875,334.67999267578125,334.81500244140625,47407
2026-09-14 16:50:00+00:00,334.739990234375,334.739990234375,334.9100036621094,334.69500732421875,334.8800048828125,41865
2026-09-14 16:51:00+00:00,334.9100036621094,334.9100036621094,334.95001220703125,334.69000244140625,334.7349853515625,50055
2026-09-14 16:52:00+00:00,334.889892578125,334.889892578125,334.95001220703125,334.760498046875,334.9410095214844,37138
2026-09-14 16:53:00+00:00,335.114990234375,335.114990234375,335.1600036621094,334.85198974609375,334.8699951171875,73004
2026-09-14 16:54:00+00:00,335.12420654296875,335.12420654296875,335.260009765625,334.92999267578125,335.114990234375,71398
2026-09-14 16:55:00+00:00,335.1600036621094,335.1600036621094,335.2099914550781,335.0400085449219,335.1499938964844,37204
2026-09-14 16:56:00+00:00,334.8399963378906,334.8399963378906,335.20001220703125,334.8299865722656,335.1449890136719,51071
2026-09-14 16:57:00+00:00,334.70001220703125,334.70001220703125,334.8500061035156,334.67999267578125,334.8399963378906,48501
2026-09-14 16:58:00+00:00,334.7200927734375,334.7200927734375,334.7200927734375,334.5400085449219,334.70001220703125,40370
2026-09-14 16:59:00+00:00,334.8599853515625,334.8599853515625,334.8699951171875,334.71759033203125,334.7300109863281,38217
2026-09-14 17:00:00+00:00,334.80999755859375,334.80999755859375,334.8999938964844,334.7200012207031,334.8550109863281,60525
2026-09-14 17:01:00+00:00,334.57000732421875,334.57000732421875,334.8349914550781,334.5627136230469,334.81500244140625,47965
2026-09-14 17:02:00+00:00,334.5199890136719,334.5199890136719,334.6099853515625,334.4849853515625,334.55999755859375,45503
2026-09-14 17:03:00+00:00,334.2699890136719,334.2699890136719,334.5249938964844,334.2099914550781,334.510009765625,59468
2026-09-14 17:04:00+00:00,334.42999267578125,334.42999267578125,334.4800109863281,334.2200012207031,334.2850036621094,43718
2026-09-14 17:05:00+00:00,334.3299865722656,334.3299865722656,334.4200134277344,334.19000244140625,334.3905029296875,42120
2026-09-14 17:06:00+00:00,334.3299865722656,334.3299865722656,334.42889404296875,334.2764892578125,334.32501220703125,26505
2026-09-14 17:07:00+00:00,334.30999755859375,334.30999755859375,334.4200134277344,334.30999755859375,334.3399963378906,18920
2026-09-14 17:08:00+00:00,334.37030029296875,334.37030029296875,334.3900146484375,334.25,334.2900085449219,18559
2026-09-14 17:09:00+00:00,334.38861083984375,334.38861083984375,334.44000244140625,334.294189453125,334.3710021972656,24994
2026-09-14 17:10:00+00:00,334.4599914550781,334.4599914550781,334.67999267578125,334.3699951171875,334.385009765625,74737
2026-09-14 17:11:00+00:00,334.5,334.5,334.6000061035156,334.3699951171875,334.4599914550781,38177
2026-09-14 17:12:00+00:00,334.6650085449219,334.6650085449219,335.17999267578125,334.4700012207031,334.5199890136719,172735
2026-09-14 17:13:00+00:00,334.8399963378906,334.8399963378906,334.8900146484375,334.6600036621094,334.67999267578125,37765
2026-09-14 17:14:00+00:00,334.7950134277344,334.7950134277344,334.95001220703125,334.70001220703125,334.8699951171875,33419
2026-09-14 17:15:00+00:00,334.5249938964844,334.5249938964844,334.8099060058594,334.4100036621094,334.7799987792969,60183
2026-09-14 17:16:00+00:00,334.260009765625,334.260009765625,334.5350036621094,334.260009765625,334.510009765625,33688
2026-09-14 17:17:00+00:00,334.1299133300781,334.1299133300781,334.2699890136719,334.0299987792969,334.260009765625,37798
2026-09-14 17:18:00+00:00,334.1400146484375,334.1400146484375,334.20001220703125,334.0,334.1199951171875,56167
2026-09-14 17:19:00+00:00,334.239990234375,334.239990234375,334.2950134277344,334.1050109863281,334.1400146484375,35337
2026-09-14 17:20:00+00:00,334.3175048828125,334.3175048828125,334.4800109863281,334.260009765625,334.260009765625,35012
2026-09-14 17:21:00+00:00,334.25,334.25,334.31988525390625,334.17999267578125,334.31988525390625,26858
2026-09-14 17:22:00+00:00,334.6304016113281,334.6304016113281,334.6499938964844,334.25,334.25,25868
2026-09-14 17:23:00+00:00,334.4599914550781,334.4599914550781,334.6400146484375,334.45001220703125,334.6300048828125,33410
2026-09-14 17:24:00+00:00,334.6000061035156,334.6000061035156,334.635009765625,334.4599914550781,334.4599914550781,44182
2026-09-14 17:25:00+00:00,334.5299987792969,334.5299987792969,334.6400146484375,334.4599914550781,334.5899963378906,31994
2026-09-14 17:26:00+00:00,334.54998779296875,334.54998779296875,334.5799865722656,334.4649963378906,334.5299987792969,32419
2026-09-14 17:27:00+00:00,334.5198974609375,334.5198974609375,334.5400085449219,334.4100036621094,334.5400085449219,36758
2026-09-14 17:28:00+00:00,334.55999755859375,334.55999755859375,334.64581298828125,334.489990234375,334.489990234375,36911
2026-09-14 17:29:00+00:00,334.6199951171875,334.6199951171875,334.67498779296875,334.4200134277344,334.55999755859375,40504
2026-09-14 17:30:00+00:00,334.55499267578125,334.55499267578125,334.6300048828125,334.3999938964844,334.6199951171875,27820
2026-09-14 17:31:00+00:00,334.3500061035156,334.3500061035156,334.6099853515625,334.3500061035156,334.55999755859375,24773
2026-09-14 17:32:00+00:00,334.3699951171875,334.3699951171875,334.5,334.30999755859375,334.3500061035156,32073
2026-09-14 17:33:00+00:00,334.32000732421875,334.32000732421875,334.4200134277344,334.2650146484375,334.3599853515625,26951
2026-09-14 17:34:00+00:00,334.3699951171875,334.3699951171875,334.460205078125,334.3299865722656,334.3299865722656,27130
2026-09-14 17:35:00+00:00,334.3500061035156,334.3500061035156,334.44500732421875,334.2900085449219,334.3599853515625,30124
2026-09-14 17:36:00+00:00,334.4007873535156,334.4007873535156,334.45001220703125,334.31500244140625,334.3500061035156,30665
2026-09-14 17:37:00+00:00,334.5895080566406,334.5895080566406,334.6400146484375,334.3450012207031,334.41259765625,34917
2026-09-14 17:38:00+00:00,334.57501220703125,334.57501220703125,334.69000244140625,334.54998779296875,334.5801086425781,34273
2026-09-14 17:39:00+00:00,334.64990234375,334.64990234375,334.70989990234375,334.55999755859375,334.56549072265625,26102
2026-09-14 17:40:00+00:00,334.6300048828125,334.6300048828125,334.67498779296875,334.6099853515625,334.6664123535156,19283
2026-09-14 17:41:00+00:00,334.5400085449219,334.5400085449219,334.7149963378906,334.5400085449219,334.63800048828125,27949
2026-09-14 17:42:00+00:00,334.5,334.5,334.57000732421875,334.45001220703125,334.5199890136719,15013
2026-09-14 17:43:00+00:00,334.5450134277344,334.5450134277344,334.6600036621094,334.4700012207031,334.49560546875,33191
2026-09-14 17:44:00+00:00,334.55999755859375,334.55999755859375,334.6600036621094,334.53759765625,334.5474853515625,19218
2026-09-14 17:45:00+00:00,334.375,334.375,334.55499267578125,334.3699951171875,334.55499267578125,24026
2026-09-14 17:46:00+00:00,334.5299987792969,334.5299987792969,334.5299987792969,334.3742980957031,334.389892578125,27181
2026-09-14 17:47:00+00:00,334.635009765625,334.635009765625,334.6351013183594,334.4200134277344,334.53009033203125,18290
2026-09-14 17:48:00+00:00,334.5299987792969,334.5299987792969,334.6600036621094,334.5299987792969,334.6376953125,49254
2026-09-14 17:49:00+00:00,334.3399963378906,334.3399963378906,334.4949951171875,334.3399963378906,334.4800109863281,20722
2026-09-14 17:50:00+00:00,334.3450012207031,334.3450012207031,334.4049987792969,334.29998779296875,334.3599853515625,30571
2026-09-14 17:51:00+00:00,334.30999755859375,334.30999755859375,334.3699951171875,334.2300109863281,334.3450012207031,43233
2026-09-14 17:52:00+00:00,334.2799987792969,334.2799987792969,334.389892578125,334.2149963378906,334.2850036621094,32767
2026-09-14 17:53:00+00:00,334.1075134277344,334.1075134277344,334.2900085449219,334.0799865722656,334.2900085449219,59969
2026-09-14 17:54:00+00:00,334.1700134277344,334.1700134277344,334.20001220703125,334.010009765625,334.1065979003906,58385
2026-09-14 17:55:00+00:00,334.125,334.125,334.19000244140625,334.0799865722656,334.17498779296875,37842
2026-09-14 17:56:00+00:00,334.1698913574219,334.1698913574219,334.2300109863281,334.1099853515625,334.1199951171875,30679
2026-09-14 17:57:00+00:00,334.1034851074219,334.1034851074219,334.17498779296875,334.0,334.1549987792969,48652
2026-09-14 17:58:00+00:00,334.0249938964844,334.0249938964844,334.1300048828125,333.8100891113281,334.1300048828125,85838
2026-09-14 17:59:00+00:00,333.875,333.875,334.0799865722656,333.8599853515625,334.0199890136719,31023
2026-09-14 18:00:00+00:00,333.7200012207031,333.7200012207031,333.94000244140625,333.67010498046875,333.8699951171875,57016
2026-09-14 18:01:00+00:00,333.6199035644531,333.6199035644531,333.760009765625,333.57000732421875,333.739990234375,37197
2026-09-14 18:02:00+00:00,333.8900146484375,333.8900146484375,333.9200134277344,333.57000732421875,333.6099853515625,40153
2026-09-14 18:03:00+00:00,333.6361999511719,333.6361999511719,333.889892578125,333.6361999511719,333.8800048828125,28107
2026-09-14 18:04:00+00:00,333.81500244140625,333.81500244140625,333.8299865722656,333.6199951171875,333.635009765625,27678
2026-09-14 18:05:00+00:00,333.875,333.875,333.8999938964844,333.7900085449219,333.81500244140625,24901
2026-09-14 18:06:00+00:00,333.7749938964844,333.7749938964844,333.9700012207031,333.760009765625,333.8800048828125,48578
2026-09-14 18:07:00+00:00,333.7300109863281,333.7300109863281,333.7749938964844,333.6401062011719,333.7749938964844,34679
2026-09-14 18:08:00+00:00,333.82989501953125,333.82989501953125,333.840087890625,333.7200012207031,333.739990234375,22212
2026-09-14 18:09:00+00:00,333.7900085449219,333.7900085449219,333.8599853515625,333.7900085449219,333.82000732421875,21239
2026-09-14 18:10:00+00:00,333.9800109863281,333.9800109863281,334.0,333.7601013183594,333.7950134277344,36582
2026-09-14 18:11:00+00:00,333.8949890136719,333.8949890136719,333.9700012207031,333.80999755859375,333.9700012207031,31127
2026-09-14 18:12:00+00:00,333.92999267578125,333.92999267578125,333.94000244140625,333.8599853515625,333.8999938964844,23315
2026-09-14 18:13:00+00:00,333.92999267578125,333.92999267578125,334.0,333.8699951171875,333.94000244140625,20747
2026-09-14 18:14:00+00:00,334.1415100097656,334.1415100097656,334.1579895019531,333.92999267578125,333.94000244140625,61489
2026-09-14 18:15:00+00:00,334.05999755859375,334.05999755859375,334.24481201171875,334.0400085449219,334.1499938964844,29909
2026-09-14 18:16:00+00:00,334.2099914550781,334.2099914550781,334.2099914550781,334.0400085449219,334.05999755859375,36670
2026-09-14 18:17:00+00:00,334.2349853515625,334.2349853515625,334.32000732421875,334.16180419921875,334.2290954589844,30531
2026-09-14 18:18:00+00:00,334.1600036621094,334.1600036621094,334.260009765625,334.1099853515625,334.2349853515625,26586
2026-09-14 18:19:00+00:00,334.19000244140625,334.19000244140625,334.2449951171875,334.1400146484375,334.17498779296875,19517
2026-09-14 18:20:00+00:00,334.2325134277344,334.2325134277344,334.260009765625,334.1700134277344,334.17010498046875,27637
2026-09-14 18:21:00+00:00,334.0899963378906,334.0899963378906,334.2325134277344,334.05999755859375,334.2325134277344,38955
2026-09-14 18:22:00+00:00,334.2699890136719,334.2699890136719,334.2759094238281,334.1099853515625,334.1099853515625,33944
2026-09-14 18:23:00+00:00,334.21649169921875,334.21649169921875,334.30999755859375,334.20001220703125,334.2699890136719,27754
2026-09-14 18:24:00+00:00,334.2998962402344,334.2998962402344,334.3599853515625,334.17498779296875,334.2200012207031,24933
2026-09-14 18:25:00+00:00,334.2200012207031,334.2200012207031,334.29998779296875,334.17999267578125,334.2900085449219,26088
2026-09-14 18:26:00+00:00,334.20001220703125,334.20001220703125,334.239990234375,334.1600036621094,334.2099914550781,20966
2026-09-14 18:27:00+00:00,334.19000244140625,334.19000244140625,334.2699890136719,334.15008544921875,334.2200012207031,21912
2026-09-14 18:28:00+00:00,334.3500061035156,334.3500061035156,334.3999938964844,334.19000244140625,334.19000244140625,31463
2026-09-14 18:29:00+00:00,334.489990234375,334.489990234375,334.5400085449219,334.3550109863281,334.3550109863281,44325
2026-09-14 18:30:00+00:00,334.45001220703125,334.45001220703125,334.4999084472656,334.3999938964844,334.489990234375,31619
2026-09-14 18:31:00+00:00,334.2049865722656,334.2049865722656,334.5050048828125,333.4800109863281,334.44500732421875,276607
2026-09-14 18:32:00+00:00,334.44000244140625,334.44000244140625,334.6000061035156,334.17999267578125,334.2049865722656,92857
2026-09-14 18:33:00+00:00,334.3999938964844,334.3999938964844,334.548095703125,334.3399963378906,334.44000244140625,55904
2026-09-14 18:34:00+00:00,334.239990234375,334.239990234375,334.6099853515625,334.17498779296875,334.3999938964844,63895
2026-09-14 18:35:00+00:00,334.1400146484375,334.1400146484375,334.25,333.81500244140625,334.2200012207031,89520
2026-09-14 18:36:00+00:00,334.4299011230469,334.4299011230469,334.4299011230469,334.07000732421875,334.0899963378906,36229
2026-09-14 18:37:00+00:00,334.260009765625,334.260009765625,334.4299011230469,334.2099914550781,334.4299011230469,29935
2026-09-14 18:38:00+00:00,334.3800964355469,334.3800964355469,334.44000244140625,334.2300109863281,334.260009765625,27248
2026-09-14 18:39:00+00:00,334.3500061035156,334.3500061035156,334.4200134277344,334.32000732421875,334.3800048828125,25162
2026-09-14 18:40:00+00:00,334.45001220703125,334.45001220703125,334.5400085449219,334.30999755859375,334.3349914550781,48822
2026-09-14 18:41:00+00:00,334.4100036621094,334.4100036621094,334.46990966796875,334.3599853515625,334.4599914550781,34210
2026-09-14 18:42:00+00:00,334.3999938964844,334.3999938964844,334.4580078125,334.3500061035156,334.3900146484375,27743
2026-09-14 18:43:00+00:00,334.2099914550781,334.2099914550781,334.43499755859375,334.17999267578125,334.3999938964844,60957
2026-09-14 18:44:00+00:00,334.53338623046875,334.53338623046875,334.5400085449219,334.19000244140625,334.2049865722656,63561
2026-09-14 18:45:00+00:00,334.55999755859375,334.55999755859375,334.7200012207031,334.4849853515625,334.5400085449219,55977
2026-09-14 18:46:00+00:00,334.489990234375,334.489990234375,334.5799865722656,334.4049987792969,334.55999755859375,39218
2026-09-14 18:47:00+00:00,334.5899963378906,334.5899963378906,334.6300048828125,334.4100036621094,334.50799560546875,51205
2026-09-14 18:48:00+00:00,334.6700134277344,334.6700134277344,334.75,334.5799865722656,334.5899963378906,42235
2026-09-14 18:49:00+00:00,334.6300048828125,334.6300048828125,334.69000244140625,334.57000732421875,334.6700134277344,55518
2026-09-14 18:50:00+00:00,334.6400146484375,334.6400146484375,334.70001220703125,334.6000061035156,334.6300048828125,34801
2026-09-14 18:51:00+00:00,334.6700134277344,334.6700134277344,334.7200012207031,334.5799865722656,334.6600036621094,48584
2026-09-14 18:52:00+00:00,334.45001220703125,334.45001220703125,334.68499755859375,334.4200134277344,334.68499755859375,61850
2026-09-14 18:53:00+00:00,334.45001220703125,334.45001220703125,334.510009765625,334.3299865722656,334.44000244140625,45781
2026-09-14 18:54:00+00:00,334.4346008300781,334.4346008300781,334.45001220703125,334.2699890136719,334.4460144042969,41787
2026-09-14 18:55:00+00:00,334.30999755859375,334.30999755859375,334.4599914550781,334.2850036621094,334.44000244140625,44744
2026-09-14 18:56:00+00:00,334.4100036621094,334.4100036621094,334.42498779296875,334.3299865722656,334.3299865722656,36067
2026-09-14 18:57:00+00:00,334.2699890136719,334.2699890136719,334.4800109863281,334.239990234375,334.4100036621094,34195
2026-09-14 18:58:00+00:00,334.39801025390625,334.39801025390625,334.4200134277344,334.2200012207031,334.260009765625,39674
2026-09-14 18:59:00+00:00,334.1400146484375,334.1400146484375,334.44000244140625,334.1199951171875,334.4049987792969,61150
2026-09-14 19:00:00+00:00,334.1449890136719,334.1449890136719,334.2049865722656,334.0,334.1700134277344,57855
2026-09-14 19:01:00+00:00,333.94500732421875,333.94500732421875,334.19500732421875,333.8900146484375,334.1499938964844,65986
2026-09-14 19:02:00+00:00,334.2099914550781,334.2099914550781,334.2349853515625,333.84271240234375,333.94000244140625,86763
2026-09-14 19:03:00+00:00,334.3200988769531,334.3200988769531,334.4800109863281,334.19000244140625,334.20001220703125,55253
2026-09-14 19:04:00+00:00,334.3500061035156,334.3500061035156,334.5299987792969,334.32000732421875,334.3399963378906,58736
2026-09-14 19:05:00+00:00,334.4320068359375,334.4320068359375,334.45001220703125,334.2843933105469,334.3399963378906,43187
2026-09-14 19:06:00+00:00,334.5450134277344,334.5450134277344,334.5899963378906,334.3500061035156,334.43341064453125,72826
2026-09-14 19:07:00+00:00,334.4100036621094,334.4100036621094,334.56500244140625,334.3800048828125,334.5199890136719,61565
2026-09-14 19:08:00+00:00,334.4800109863281,334.4800109863281,334.5150146484375,334.402099609375,334.4049987792969,53908
2026-09-14 19:09:00+00:00,334.6000061035156,334.6000061035156,334.6300048828125,334.4851989746094,334.489990234375,71205
2026-09-14 19:10:00+00:00,334.93499755859375,334.93499755859375,335.010009765625,334.5899963378906,334.6000061035156,160323
2026-09-14 19:11:00+00:00,334.7049865722656,334.7049865722656,334.9700012207031,334.6835021972656,334.93499755859375,96503
2026-09-14 19:12:00+00:00,335.0799865722656,335.0799865722656,335.125,334.70001220703125,334.70001220703125,131136
2026-09-14 19:13:00+00:00,335.25,335.25,335.2799987792969,334.8890075683594,335.0799865722656,91552
2026-09-14 19:14:00+00:00,335.25,335.25,335.3800048828125,335.239990234375,335.25,91892
2026-09-14 19:15:00+00:00,335.32000732421875,335.32000732421875,335.3999938964844,335.2200012207031,335.239990234375,97041
2026-09-14 19:16:00+00:00,335.3699951171875,335.3699951171875,335.3900146484375,335.25,335.31500244140625,86843
2026-09-14 19:17:00+00:00,335.2449951171875,335.2449951171875,335.4200134277344,335.2200012207031,335.3800048828125,80089
2026-09-14 19:18:00+00:00,335.30499267578125,335.30499267578125,335.3299865722656,335.2300109863281,335.239990234375,65476
2026-09-14 19:19:00+00:00,335.14239501953125,335.14239501953125,335.3299865722656,335.1199951171875,335.30499267578125,94293
2026-09-14 19:20:00+00:00,334.79888916015625,334.79888916015625,335.2398986816406,334.76348876953125,335.135009765625,109023
2026-09-14 19:21:00+00:00,334.79998779296875,334.79998779296875,334.8699035644531,334.5621032714844,334.80999755859375,93045
2026-09-14 19:22:00+00:00,335.0050048828125,335.0050048828125,335.05999755859375,334.80999755859375,334.8117980957031,54848
2026-09-14 19:23:00+00:00,334.6549987792969,334.6549987792969,334.989990234375,334.6400146484375,334.9849853515625,63605
2026-09-14 19:24:00+00:00,334.6400146484375,334.6400146484375,334.67999267578125,334.4700012207031,334.6300048828125,67168
2026-09-14 19:25:00+00:00,334.6499938964844,334.6499938964844,334.7298889160156,334.5306091308594,334.6400146484375,37759
2026-09-14 19:26:00+00:00,334.5199890136719,334.5199890136719,334.6600036621094,334.44500732421875,334.6499938964844,45031
2026-09-14 19:27:00+00:00,334.4200134277344,334.4200134277344,334.5400085449219,334.3599853515625,334.5199890136719,57132
2026-09-14 19:28:00+00:00,334.3599853515625,334.3599853515625,334.44000244140625,334.2904968261719,334.4100036621094,54186
2026-09-14 19:29:00+00:00,334.3999938964844,334.3999938964844,334.4200134277344,334.2900085449219,334.3450012207031,49373
2026-09-14 19:30:00+00:00,334.3800048828125,334.3800048828125,334.43499755859375,334.1734924316406,334.39990234375,103650
2026-09-14 19:31:00+00:00,334.2799987792969,334.2799987792969,334.42999267578125,334.19000244140625,334.3599853515625,51578
2026-09-14 19:32:00+00:00,334.3599853515625,334.3599853515625,334.4049987792969,334.2449951171875,334.2900085449219,110329
2026-09-14 19:33:00+00:00,334.5140075683594,334.5140075683594,334.5140075683594,334.3500061035156,334.3500061035156,47689
2026-09-14 19:34:00+00:00,334.4700012207031,334.4700012207031,334.5899963378906,334.44000244140625,334.5,48400
2026-09-14 19:35:00+00:00,334.3900146484375,334.3900146484375,334.5484924316406,334.3900146484375,334.4800109863281,60275
2026-09-14 19:36:00+00:00,334.4549865722656,334.4549865722656,334.4599914550781,334.2900085449219,334.3800048828125,36392
2026-09-14 19:37:00+00:00,334.510009765625,334.510009765625,334.5201110839844,334.3399963378906,334.45001220703125,62785
2026-09-14 19:38:00+00:00,334.4700012207031,334.4700012207031,334.5199890136719,334.3949890136719,334.5,38538
2026-09-14 19:39:00+00:00,334.5350036621094,334.5350036621094,334.5799865722656,334.4601135253906,334.489990234375,52290
2026-09-14 19:40:00+00:00,334.5400085449219,334.5400085449219,334.57000732421875,334.4800109863281,334.5400085449219,57981
2026-09-14 19:41:00+00:00,334.3500061035156,334.3500061035156,334.5299987792969,334.3299865722656,334.510009765625,63864
2026-09-14 19:42:00+00:00,334.2001037597656,334.2001037597656,334.3599853515625,334.1499938964844,334.3500061035156,75413
2026-09-14 19:43:00+00:00,334.2349853515625,334.2349853515625,334.25,334.0965881347656,334.2099914550781,49208
2026-09-14 19:44:00+00:00,333.9320068359375,333.9320068359375,334.2349853515625,333.92999267578125,334.2349853515625,90129
2026-09-14 19:45:00+00:00,333.8800964355469,333.8800964355469,333.9800109863281,333.82000732421875,333.93499755859375,116623
2026-09-14 19:46:00+00:00,334.07989501953125,334.07989501953125,334.0950012207031,333.8900146484375,333.8900146484375,75671
2026-09-14 19:47:00+00:00,334.1099853515625,334.1099853515625,334.1400146484375,333.9800109863281,334.07000732421875,51957
2026-09-14 19:48:00+00:00,333.885009765625,333.885009765625,334.1099853515625,333.8599853515625,334.1000061035156,96682
2026-09-14 19:49:00+00:00,333.8699951171875,333.8699951171875,333.9200134277344,333.7820129394531,333.885009765625,81043
2026-09-14 19:50:00+00:00,334.2300109863281,334.2300109863281,334.3099060058594,333.82000732421875,333.8500061035156,116876
2026-09-14 19:51:00+00:00,334.29998779296875,334.29998779296875,334.30999755859375,334.19500732421875,334.2250061035156,87381
2026-09-14 19:52:00+00:00,334.3800048828125,334.3800048828125,334.3999938964844,334.2550048828125,334.29998779296875,84668
2026-09-14 19:53:00+00:00,334.3046875,334.3046875,334.4100036621094,334.2200012207031,334.3800048828125,100860
2026-09-14 19:54:00+00:00,334.0299987792969,334.0299987792969,334.3299865722656,333.9800109863281,334.3299865722656,111638
2026-09-14 19:55:00+00:00,333.3908996582031,333.3908996582031,334.1099853515625,333.1099853515625,334.0400085449219,497272
2026-09-14 19:56:00+00:00,333.4800109863281,333.4800109863281,333.6299133300781,333.2900085449219,333.3800048828125,237842
2026-09-14 19:57:00+00:00,333.30499267578125,333.30499267578125,333.489990234375,333.19000244140625,333.4800109863281,276397
2026-09-14 19:58:00+00:00,333.2749938964844,333.2749938964844,333.4200134277344,333.19000244140625,333.3099060058594,483828
2026-09-14 19:59:00+00:00,333.04998779296875,333.04998779296875,333.3699951171875,333.0,333.2900085449219,817355
2026-09-15 13:30:00+00:00,331.0299987792969,331.0299987792969,331.1300048828125,328.3500061035156,330.260009765625,1296997
2026-09-15 13:31:00+00:00,330.4200134277344,330.4200134277344,331.5,330.2699890136719,330.9599914550781,205009
2026-09-15 13:32:00+00:00,330.5899963378906,330.5899963378906,331.2786865234375,330.3800048828125,330.3900146484375,108865
2026-09-15 13:33:00+00:00,329.98968505859375,329.98968505859375,330.6799011230469,329.8900146484375,330.6400146484375,148125
2026-09-15 13:34:00+00:00,330.1700134277344,330.1700134277344,330.28289794921875,329.69000244140625,329.9800109863281,92368
2026-09-15 13:35:00+00:00,330.3699951171875,330.3699951171875,330.6300048828125,330.0450134277344,330.1199951171875,138301
2026-09-15 13:36:00+00:00,330.6449890136719,330.6449890136719,330.760009765625,330.2749938964844,330.3699951171875,87578
2026-09-15 13:37:00+00:00,330.9200134277344,330.9200134277344,330.9200134277344,330.5199890136719,330.6300048828125,85119
2026-09-15 13:38:00+00:00,331.2250061035156,331.2250061035156,331.3999938964844,330.7799987792969,330.9150085449219,123069
2026-09-15 13:39:00+00:00,331.28509521484375,331.28509521484375,331.375,330.9200134277344,331.2300109863281,81279
2026-09-15 13:40:00+00:00,330.6200866699219,330.6200866699219,331.3399963378906,330.2701110839844,331.25,93584
2026-09-15 13:41:00+00:00,330.7900085449219,330.7900085449219,330.8900146484375,330.45001220703125,330.6499938964844,62744
2026-09-15 13:42:00+00:00,330.2049865722656,330.2049865722656,330.8500061035156,330.19000244140625,330.739990234375,69955
2026-09-15 13:43:00+00:00,330.30999755859375,330.30999755859375,330.5050048828125,330.1700134277344,330.2049865722656,71791
2026-09-15 13:44:00+00:00,330.30499267578125,330.30499267578125,330.5899963378906,330.2650146484375,330.29119873046875,60411
2026-09-15 13:45:00+00:00,330.6400146484375,330.6400146484375,330.67498779296875,330.0220031738281,330.3299865722656,141260
2026-09-15 13:46:00+00:00,330.5400085449219,330.5400085449219,330.8699951171875,330.5101013183594,330.69000244140625,114305
2026-09-15 13:47:00+00:00,330.5950012207031,330.5950012207031,330.7799987792969,330.3999938964844,330.5199890136719,56559
2026-09-15 13:48:00+00:00,330.2850036621094,330.2850036621094,330.5899963378906,330.20001220703125,330.5834045410156,137937
2026-09-15 13:49:00+00:00,330.4599914550781,330.4599914550781,330.5899963378906,330.2601013183594,330.2900085449219,73200
2026-09-15 13:50:00+00:00,330.2699890136719,330.2699890136719,330.6000061035156,330.260009765625,330.4700012207031,82335
2026-09-15 13:51:00+00:00,330.19000244140625,330.19000244140625,330.55999755859375,330.1000061035156,330.2699890136719,55198
2026-09-15 13:52:00+00:00,330.7950134277344,330.7950134277344,330.8399963378906,330.18499755859375,330.2149963378906,87269
2026-09-15 13:53:00+00:00,330.7250061035156,330.7250061035156,330.9800109863281,330.5400085449219,330.7699890136719,66776
2026-09-15 13:54:00+00:00,330.7349853515625,330.7349853515625,330.82000732421875,330.55999755859375,330.7250061035156,52704
2026-09-15 13:55:00+00:00,330.7099914550781,330.7099914550781,330.8999938964844,330.5603942871094,330.7099914550781,50811
2026-09-15 13:56:00+00:00,330.5299987792969,330.5299987792969,330.7099914550781,330.45001220703125,330.7099914550781,58587
2026-09-15 13:57:00+00:00,331.32000732421875,331.32000732421875,331.45001220703125,330.4400939941406,330.5299987792969,149000
2026-09-15 13:58:00+00:00,331.4200134277344,331.4200134277344,331.5899963378906,331.19000244140625,331.3674011230469,183878
2026-09-15 13:59:00+00:00,330.7099914550781,330.7099914550781,331.57000732421875,330.7099914550781,331.42498779296875,118909
2026-09-15 14:00:00+00:00,330.5450134277344,330.5450134277344,330.7349853515625,330.0199890136719,330.7349853515625,248802
2026-09-15 14:01:00+00:00,330.3999938964844,330.3999938964844,330.6000061035156,330.1000061035156,330.510009765625,107472
2026-09-15 14:02:00+00:00,330.4750061035156,330.4750061035156,330.5199890136719,330.1449890136719,330.3800048828125,96603
2026-09-15 14:03:00+00:00,330.6300048828125,330.6300048828125,330.69000244140625,330.3699951171875,330.4800109863281,80676
2026-09-15 14:04:00+00:00,330.2200012207031,330.2200012207031,330.6000061035156,330.0899963378906,330.6000061035156,84103
2026-09-15 14:05:00+00:00,330.1036071777344,330.1036071777344,330.2200012207031,329.75,330.2200012207031,195380
2026-09-15 14:06:00+00:00,329.57000732421875,329.57000732421875,330.1099853515625,329.54998779296875,330.1033020019531,102003
2026-09-15 14:07:00+00:00,329.69000244140625,329.69000244140625,329.75,329.4599914550781,329.5899963378906,108650
2026-09-15 14:08:00+00:00,329.6510009765625,329.6510009765625,329.7349853515625,329.5799865722656,329.67401123046875,125922
2026-09-15 14:09:00+00:00,329.7200012207031,329.7200012207031,329.739990234375,329.489990234375,329.6650085449219,95491
2026-09-15 14:10:00+00:00,329.6499938964844,329.6499938964844,330.1000061035156,329.6000061035156,329.7300109863281,75738
2026-09-15 14:11:00+00:00,330.239990234375,330.239990234375,330.2699890136719,329.6099853515625,329.6650085449219,71747
2026-09-15 14:12:00+00:00,329.57501220703125,329.57501220703125,330.30999755859375,329.510009765625,330.2449951171875,79801
2026-09-15 14:13:00+00:00,329.5350036621094,329.5350036621094,329.7200012207031,329.4100036621094,329.5799865722656,78470
2026-09-15 14:14:00+00:00,329.755615234375,329.755615234375,329.9399108886719,329.5201110839844,329.5350036621094,59674
2026-09-15 14:15:00+00:00,329.55999755859375,329.55999755859375,329.7900085449219,329.5216979980469,329.7300109863281,39040
2026-09-15 14:16:00+00:00,329.80999755859375,329.80999755859375,329.989990234375,329.54998779296875,329.54998779296875,48297
2026-09-15 14:17:00+00:00,329.5566101074219,329.5566101074219,329.8387145996094,329.4200134277344,329.82000732421875,59040
2026-09-15 14:18:00+00:00,329.6400146484375,329.6400146484375,329.7900085449219,329.5050048828125,329.54998779296875,45634
2026-09-15 14:19:00+00:00,329.6000061035156,329.6000061035156,329.7250061035156,329.5,329.6499938964844,47888
2026-09-15 14:20:00+00:00,330.2349853515625,330.2349853515625,330.2699890136719,329.58709716796875,329.614990234375,83411
2026-09-15 14:21:00+00:00,329.9649963378906,329.9649963378906,330.2349853515625,329.875,330.2349853515625,58402
2026-09-15 14:22:00+00:00,329.8699951171875,329.8699951171875,330.039794921875,329.70001220703125,329.9700012207031,51163
2026-09-15 14:23:00+00:00,329.5299987792969,329.5299987792969,329.8900146484375,329.4800109863281,329.8500061035156,39515
2026-09-15 14:24:00+00:00,329.3900146484375,329.3900146484375,329.6099853515625,329.2900085449219,329.55999755859375,71819
2026-09-15 14:25:00+00:00,329.6600036621094,329.6600036621094,329.7900085449219,329.3699951171875,329.3949890136719,51711
2026-09-15 14:26:00+00:00,329.52508544921875,329.52508544921875,329.7250061035156,329.4100036621094,329.6632080078125,52891
2026-09-15 14:27:00+00:00,329.45001220703125,329.45001220703125,329.6300048828125,329.3999938964844,329.5487976074219,46305
2026-09-15 14:28:00+00:00,329.4700012207031,329.4700012207031,329.5398864746094,329.32000732421875,329.4549865722656,44228
2026-09-15 14:29:00+00:00,329.5400085449219,329.5400085449219,329.6499938964844,329.375,329.489990234375,69589
2026-09-15 14:30:00+00:00,329.1000061035156,329.1000061035156,329.55999755859375,329.0588073730469,329.45001220703125,271290
2026-09-15 14:31:00+00:00,329.239990234375,329.239990234375,329.3399963378906,329.0,329.06500244140625,52970
2026-09-15 14:32:00+00:00,329.125,329.125,329.2799987792969,329.110107421875,329.2300109863281,33457
2026-09-15 14:33:00+00:00,329.1600036621094,329.1600036621094,329.29998779296875,329.0899963378906,329.135009765625,43464
2026-09-15 14:34:00+00:00,329.1499938964844,329.1499938964844,329.20001220703125,328.8800048828125,329.1700134277344,92092
2026-09-15 14:35:00+00:00,329.3999938964844,329.3999938964844,329.5,329.1028137207031,329.1449890136719,68922
2026-09-15 14:36:00+00:00,329.5378112792969,329.5378112792969,329.5400085449219,329.36700439453125,329.3900146484375,37788
2026-09-15 14:37:00+00:00,329.239990234375,329.239990234375,329.6600036621094,329.2099914550781,329.5,58858
2026-09-15 14:38:00+00:00,329.239990234375,329.239990234375,329.2879943847656,329.07501220703125,329.20001220703125,39264
2026-09-15 14:39:00+00:00,329.3599853515625,329.3599853515625,329.42999267578125,329.2149963378906,329.2300109863281,35793
2026-09-15 14:40:00+00:00,329.8999938964844,329.8999938964844,329.95001220703125,329.2550048828125,329.3399963378906,92799
2026-09-15 14:41:00+00:00,329.80999755859375,329.80999755859375,329.9800109863281,329.70001220703125,329.8999938964844,87193
2026-09-15 14:42:00+00:00,329.4599914550781,329.4599914550781,329.8699951171875,329.4599914550781,329.82000732421875,45760
2026-09-15 14:43:00+00:00,329.6050109863281,329.6050109863281,329.739990234375,329.4549865722656,329.4849853515625,42638
2026-09-15 14:44:00+00:00,329.5299987792969,329.5299987792969,329.6000061035156,329.3800048828125,329.6000061035156,61512
2026-09-15 14:45:00+00:00,329.55999755859375,329.55999755859375,329.6000061035156,329.45001220703125,329.5249938964844,35572
2026-09-15 14:46:00+00:00,329.6650085449219,329.6650085449219,329.8299865722656,329.4200134277344,329.5199890136719,54744
2026-09-15 14:47:00+00:00,329.8900146484375,329.8900146484375,329.9150085449219,329.6300048828125,329.6400146484375,39362
2026-09-15 14:48:00+00:00,329.4700012207031,329.4700012207031,329.92999267578125,329.4599914550781,329.9200134277344,44787
2026-09-15 14:49:00+00:00,329.6099853515625,329.6099853515625,329.6700134277344,329.4601135253906,329.4750061035156,39651
2026-09-15 14:50:00+00:00,329.7099914550781,329.7099914550781,329.7799987792969,329.5199890136719,329.6083068847656,32430
2026-09-15 14:51:00+00:00,329.67999267578125,329.67999267578125,329.8399963378906,329.4800109863281,329.7099914550781,41411
2026-09-15 14:52:00+00:00,329.7799987792969,329.7799987792969,329.8800048828125,329.6000061035156,329.6650085449219,36634
2026-09-15 14:53:00+00:00,329.5400085449219,329.5400085449219,329.7900085449219,329.42999267578125,329.7699890136719,44142
2026-09-15 14:54:00+00:00,329.68499755859375,329.68499755859375,329.7200012207031,329.5199890136719,329.54998779296875,40062
2026-09-15 14:55:00+00:00,329.9949951171875,329.9949951171875,330.0398864746094,329.5400085449219,329.6899108886719,72425
2026-09-15 14:56:00+00:00,330.0398864746094,330.0398864746094,330.125,329.8200988769531,329.9949951171875,66575
2026-09-15 14:57:00+00:00,330.05999755859375,330.05999755859375,330.17999267578125,330.01959228515625,330.0284118652344,107270
2026-09-15 14:58:00+00:00,330.0950012207031,330.0950012207031,330.29998779296875,329.8299865722656,330.039306640625,243070
2026-09-15 14:59:00+00:00,329.760009765625,329.760009765625,330.1000061035156,329.7099914550781,330.07000732421875,33876
2026-09-15 15:00:00+00:00,329.8900146484375,329.8900146484375,329.8900146484375,329.70001220703125,329.7900085449219,50959
2026-09-15 15:01:00+00:00,329.8500061035156,329.8500061035156,330.0299987792969,329.75,329.8699951171875,44059
2026-09-15 15:02:00+00:00,329.9949951171875,329.9949951171875,330.0849914550781,329.760009765625,329.80999755859375,42656
2026-09-15 15:03:00+00:00,329.8699951171875,329.8699951171875,330.0400085449219,329.8299865722656,329.9700012207031,55822
2026-09-15 15:04:00+00:00,329.5700988769531,329.5700988769531,329.864990234375,329.5400085449219,329.8399963378906,39710
2026-09-15 15:05:00+00:00,329.3450012207031,329.3450012207031,329.6099853515625,329.3399963378906,329.56500244140625,48487
2026-09-15 15:06:00+00:00,329.4599914550781,329.4599914550781,329.5899963378906,329.285888671875,329.3500061035156,42660
2026-09-15 15:07:00+00:00,329.5299987792969,329.5299987792969,329.70001220703125,329.3999938964844,329.4599914550781,34526
2026-09-15 15:08:00+00:00,329.3349914550781,329.3349914550781,329.54998779296875,329.2825012207031,329.5400085449219,33175
2026-09-15 15:09:00+00:00,329.2900085449219,329.2900085449219,329.4150085449219,329.260009765625,329.3125,29246
2026-09-15 15:10:00+00:00,329.3399963378906,329.3399963378906,329.36248779296875,329.1099853515625,329.2799987792969,47125
2026-09-15 15:11:00+00:00,329.2149963378906,329.2149963378906,329.3900146484375,329.04998779296875,329.3500061035156,60011
2026-09-15 15:12:00+00:00,329.6199951171875,329.6199951171875,329.6600036621094,329.17999267578125,329.22601318359375,53326
2026-09-15 15:13:00+00:00,329.7149963378906,329.7149963378906,329.82000732421875,329.5299987792969,329.6000061035156,47574
2026-09-15 15:14:00+00:00,329.5199890136719,329.5199890136719,329.7900085449219,329.4599914550781,329.7200012207031,33701
2026-09-15 15:15:00+00:00,329.4649963378906,329.4649963378906,329.5899963378906,329.3900146484375,329.510009765625,1289142
2026-09-15 15:16:00+00:00,329.42999267578125,329.42999267578125,329.4949951171875,329.3399963378906,329.44000244140625,42424
2026-09-15 15:17:00+00:00,329.55999755859375,329.55999755859375,329.55999755859375,329.260009765625,329.42999267578125,48400
2026-09-15 15:18:00+00:00,329.7401123046875,329.7401123046875,329.8299865722656,329.510009765625,329.5599060058594,38370
2026-09-15 15:19:00+00:00,330.19000244140625,330.19000244140625,330.2637939453125,329.739990234375,329.75,83522
2026-09-15 15:20:00+00:00,330.1199951171875,330.1199951171875,330.2099914550781,330.07000732421875,330.1700134277344,32215
2026-09-15 15:21:00+00:00,330.2898864746094,330.2898864746094,330.2998962402344,330.0799865722656,330.0950012207031,69044
2026-09-15 15:22:00+00:00,330.03399658203125,330.03399658203125,330.3299865722656,330.0,330.281005859375,66470
2026-09-15 15:23:00+00:00,330.07501220703125,330.07501220703125,330.2699890136719,330.0199890136719,330.0299987792969,42985
2026-09-15 15:24:00+00:00,329.9150085449219,329.9150085449219,330.05999755859375,329.8900146484375,330.05999755859375,42597
2026-09-15 15:25:00+00:00,329.7799987792969,329.7799987792969,329.95001220703125,329.7300109863281,329.92999267578125,34114
2026-09-15 15:26:00+00:00,330.05499267578125,330.05499267578125,330.0899963378906,329.789794921875,329.7900085449219,48278
2026-09-15 15:27:00+00:00,330.0,330.0,330.1099853515625,329.739990234375,330.07000732421875,34126
2026-09-15 15:28:00+00:00,329.8299865722656,329.8299865722656,330.0199890136719,329.70001220703125,330.010009765625,43080
2026-09-15 15:29:00+00:00,329.9100036621094,329.9100036621094,330.0,329.8212890625,329.8599853515625,32206
2026-09-15 15:30:00+00:00,329.9100036621094,329.9100036621094,330.010009765625,329.79998779296875,329.9200134277344,46263
2026-09-15 15:31:00+00:00,329.6199951171875,329.6199951171875,329.9100036621094,329.6099853515625,329.9100036621094,46774
2026-09-15 15:32:00+00:00,329.6600036621094,329.6600036621094,329.6600036621094,329.3399963378906,329.6300048828125,55717
2026-09-15 15:33:00+00:00,329.44000244140625,329.44000244140625,329.6650085449219,329.4200134277344,329.6650085449219,19993
2026-09-15 15:34:00+00:00,329.5398864746094,329.5398864746094,329.5398864746094,329.37701416015625,329.4599914550781,36456
2026-09-15 15:35:00+00:00,329.6199951171875,329.6199951171875,329.67999267578125,329.4599914550781,329.5400085449219,35066
2026-09-15 15:36:00+00:00,329.7049865722656,329.7049865722656,329.75,329.5799865722656,329.6099853515625,31131
2026-09-15 15:37:00+00:00,329.5199890136719,329.5199890136719,329.7101135253906,329.5050048828125,329.70001220703125,36289
2026-09-15 15:38:00+00:00,329.5899963378906,329.5899963378906,329.67999267578125,329.5450134277344,329.5450134277344,28256
2026-09-15 15:39:00+00:00,329.5899963378906,329.5899963378906,329.69500732421875,329.510009765625,329.5899963378906,30201
2026-09-15 15:40:00+00:00,329.6700134277344,329.6700134277344,329.70001220703125,329.54998779296875,329.5799865722656,46104
2026-09-15 15:41:00+00:00,329.67999267578125,329.67999267578125,329.7300109863281,329.5400085449219,329.6700134277344,38359
2026-09-15 15:42:00+00:00,329.9649963378906,329.9649963378906,329.9700012207031,329.69000244140625,329.69000244140625,45277
2026-09-15 15:43:00+00:00,329.8699951171875,329.8699951171875,329.95001220703125,329.80499267578125,329.95001220703125,39651
2026-09-15 15:44:00+00:00,329.9049987792969,329.9049987792969,329.9700012207031,329.8699951171875,329.875,29359
2026-09-15 15:45:00+00:00,329.9700012207031,329.9700012207031,330.0,329.885009765625,329.8999938964844,35288
2026-09-15 15:46:00+00:00,329.9700012207031,329.9700012207031,330.0400085449219,329.9150085449219,329.9800109863281,41892
2026-09-15 15:47:00+00:00,329.6549987792969,329.6549987792969,329.9750061035156,329.6466979980469,329.95001220703125,29460
2026-09-15 15:48:00+00:00,329.6724853515625,329.6724853515625,329.7799987792969,329.6499938964844,329.6700134277344,22413
2026-09-15 15:49:00+00:00,329.5,329.5,329.70941162109375,329.3800048828125,329.67999267578125,33149
2026-09-15 15:50:00+00:00,329.6199951171875,329.6199951171875,329.80999755859375,329.4750061035156,329.5,69446
2026-09-15 15:51:00+00:00,329.5,329.5,329.62908935546875,329.4599914550781,329.6099853515625,31612
2026-09-15 15:52:00+00:00,329.4200134277344,329.4200134277344,329.6300048828125,329.4200134277344,329.489990234375,31274
2026-09-15 15:53:00+00:00,329.5450134277344,329.5450134277344,329.6099853515625,329.3999938964844,329.4200134277344,36453
2026-09-15 15:54:00+00:00,329.32000732421875,329.32000732421875,329.55999755859375,329.2850036621094,329.5199890136719,23633
2026-09-15 15:55:00+00:00,329.6449890136719,329.6449890136719,329.7799987792969,329.29010009765625,329.31500244140625,47378
2026-09-15 15:56:00+00:00,329.5799865722656,329.5799865722656,329.6600036621094,329.4800109863281,329.6449890136719,23526
2026-09-15 15:57:00+00:00,329.67999267578125,329.67999267578125,329.67999267578125,329.5705871582031,329.5705871582031,34627
2026-09-15 15:58:00+00:00,329.6099853515625,329.6099853515625,329.760009765625,329.5299987792969,329.67999267578125,25624
2026-09-15 15:59:00+00:00,329.6000061035156,329.6000061035156,329.7200012207031,329.5892028808594,329.6199951171875,28354
2026-09-15 16:00:00+00:00,329.6199951171875,329.6199951171875,329.7900085449219,329.5899963378906,329.6050109863281,29616
2026-09-15 16:01:00+00:00,329.6000061035156,329.6000061035156,329.67999267578125,329.5950012207031,329.6199951171875,18387
2026-09-15 16:02:00+00:00,329.625,329.625,329.6499938964844,329.54998779296875,329.6000061035156,27475
2026-09-15 16:03:00+00:00,329.6499938964844,329.6499938964844,329.75,329.5,329.6260070800781,50435
2026-09-15 16:04:00+00:00,329.7300109863281,329.7300109863281,329.82501220703125,329.6400146484375,329.6400146484375,25130
2026-09-15 16:05:00+00:00,329.7049865722656,329.7049865722656,329.7650146484375,329.6300048828125,329.760009765625,52270
2026-09-15 16:06:00+00:00,329.7300109863281,329.7300109863281,329.7900085449219,329.67999267578125,329.69000244140625,26589
2026-09-15 16:07:00+00:00,329.7099914550781,329.7099914550781,329.79998779296875,329.55999755859375,329.7300109863281,38537
2026-09-15 16:08:00+00:00,330.2250061035156,330.2250061035156,330.2799987792969,329.70001220703125,329.7149963378906,48328
2026-09-15 16:09:00+00:00,330.114990234375,330.114990234375,330.2900085449219,330.010009765625,330.2300109863281,34575
2026-09-15 16:10:00+00:00,330.2799987792969,330.2799987792969,330.3399963378906,330.0954895019531,330.1050109863281,46182
2026-09-15 16:11:00+00:00,330.29998779296875,330.29998779296875,330.3299865722656,330.2099914550781,330.239990234375,36680
2026-09-15 16:12:00+00:00,330.32501220703125,330.32501220703125,330.3399963378906,330.2164001464844,330.30999755859375,51386
2026-09-15 16:13:00+00:00,330.3299865722656,330.3299865722656,330.42999267578125,330.239990234375,330.3399963378906,51143
2026-09-15 16:14:00+00:00,330.114990234375,330.114990234375,330.364990234375,330.0632019042969,330.30999755859375,38506
2026-09-15 16:15:00+00:00,330.159912109375,330.159912109375,330.2200012207031,330.0,330.1000061035156,41621
2026-09-15 16:16:00+00:00,330.1449890136719,330.1449890136719,330.19000244140625,330.0199890136719,330.1400146484375,22797
2026-09-15 16:17:00+00:00,330.2200012207031,330.2200012207031,330.33538818359375,330.1499938964844,330.1499938964844,41710
2026-09-15 16:18:00+00:00,330.114990234375,330.114990234375,330.239990234375,330.0799865722656,330.2250061035156,21523
2026-09-15 16:19:00+00:00,330.2850036621094,330.2850036621094,330.3299865722656,330.1400146484375,330.1400146484375,29067
2026-09-15 16:20:00+00:00,330.3800048828125,330.3800048828125,330.4599914550781,330.2749938964844,330.2799987792969,54630
2026-09-15 16:21:00+00:00,330.6600036621094,330.6600036621094,330.7300109863281,330.3800048828125,330.3800048828125,59062
2026-09-15 16:22:00+00:00,330.75,330.75,330.8699951171875,330.6328125,330.67498779296875,47355
2026-09-15 16:23:00+00:00,330.7650146484375,330.7650146484375,330.82000732421875,330.64678955078125,330.7101135253906,41054
2026-09-15 16:24:00+00:00,330.6296081542969,330.6296081542969,330.80999755859375,330.6099853515625,330.7699890136719,22113
2026-09-15 16:25:00+00:00,330.6700134277344,330.6700134277344,330.739990234375,330.590087890625,330.6300964355469,24507
2026-09-15 16:26:00+00:00,330.6199951171875,330.6199951171875,330.67498779296875,330.510009765625,330.67498779296875,34837
2026-09-15 16:27:00+00:00,330.57000732421875,330.57000732421875,330.69000244140625,330.55999755859375,330.625,21743
2026-09-15 16:28:00+00:00,330.5899963378906,330.5899963378906,330.6600036621094,330.510009765625,330.57000732421875,27724
2026-09-15 16:29:00+00:00,330.4190979003906,330.4190979003906,330.6199951171875,330.3900146484375,330.6050109863281,43125
2026-09-15 16:30:00+00:00,330.32501220703125,330.32501220703125,330.4200134277344,330.260009765625,330.40020751953125,30238
2026-09-15 16:31:00+00:00,330.44000244140625,330.44000244140625,330.4599914550781,330.2550048828125,330.3299865722656,37604
2026-09-15 16:32:00+00:00,330.510009765625,330.510009765625,330.62921142578125,330.4100036621094,330.44000244140625,39888
2026-09-15 16:33:00+00:00,330.5199890136719,330.5199890136719,330.6099853515625,330.5,330.510009765625,28308
2026-09-15 16:34:00+00:00,330.5199890136719,330.5199890136719,330.5799865722656,330.5,330.5299987792969,35674
2026-09-15 16:35:00+00:00,330.29998779296875,330.29998779296875,330.5299987792969,330.2200927734375,330.510009765625,39874
2026-09-15 16:36:00+00:00,330.19989013671875,330.19989013671875,330.375,330.1300048828125,330.2950134277344,52541
2026-09-15 16:37:00+00:00,330.17999267578125,330.17999267578125,330.32110595703125,330.1499938964844,330.20001220703125,28587
2026-09-15 16:38:00+00:00,330.1300048828125,330.1300048828125,330.1859130859375,330.0,330.1794128417969,52709
2026-09-15 16:39:00+00:00,330.0920104980469,330.0920104980469,330.17498779296875,330.07000732421875,330.1300048828125,21041
2026-09-15 16:40:00+00:00,330.12249755859375,330.12249755859375,330.17999267578125,330.014404296875,330.0899963378906,26505
2026-09-15 16:41:00+00:00,329.8399963378906,329.8399963378906,330.1199951171875,329.80010986328125,330.1199951171875,69089
2026-09-15 16:42:00+00:00,329.8949890136719,329.8949890136719,329.92498779296875,329.8006896972656,329.8399963378906,20347
2026-09-15 16:43:00+00:00,329.79998779296875,329.79998779296875,329.9100036621094,329.7699890136719,329.9100036621094,41785
2026-09-15 16:44:00+00:00,329.9224853515625,329.9224853515625,329.989990234375,329.80499267578125,329.80499267578125,41782
2026-09-15 16:45:00+00:00,330.0350036621094,330.0350036621094,330.1000061035156,329.84259033203125,329.92999267578125,41282
2026-09-15 16:46:00+00:00,330.122802734375,330.122802734375,330.19000244140625,330.0,330.04998779296875,34705
2026-09-15 16:47:00+00:00,330.114990234375,330.114990234375,330.17999267578125,330.04010009765625,330.1199951171875,23607
2026-09-15 16:48:00+00:00,330.0249938964844,330.0249938964844,330.1300048828125,329.9649963378906,330.1199951171875,28894
2026-09-15 16:49:00+00:00,330.05999755859375,330.05999755859375,330.05999755859375,329.9501037597656,330.0249938964844,22836
2026-09-15 16:50:00+00:00,330.0199890136719,330.0199890136719,330.1300048828125,330.0,330.0400085449219,27352
2026-09-15 16:51:00+00:00,329.8999938964844,329.8999938964844,330.07000732421875,329.8999938964844,330.0199890136719,32331
2026-09-15 16:52:00+00:00,329.9750061035156,329.9750061035156,330.0,329.8699951171875,329.885009765625,22382
2026-09-15 16:53:00+00:00,329.82000732421875,329.82000732421875,329.97198486328125,329.7702941894531,329.97198486328125,25739
2026-09-15 16:54:00+00:00,329.968994140625,329.968994140625,329.9700012207031,329.82501220703125,329.82501220703125,35566
2026-09-15 16:55:00+00:00,329.80999755859375,329.80999755859375,330.010009765625,329.78021240234375,329.95001220703125,27420
2026-09-15 16:56:00+00:00,329.57000732421875,329.57000732421875,329.80999755859375,329.5299987792969,329.7950134277344,39851
2026-09-15 16:57:00+00:00,329.6199951171875,329.6199951171875,329.639892578125,329.4200134277344,329.54998779296875,58261
2026-09-15 16:58:00+00:00,329.659912109375,329.659912109375,329.6650085449219,329.5450134277344,329.6199951171875,24737
2026-09-15 16:59:00+00:00,329.5299987792969,329.5299987792969,329.67999267578125,329.44000244140625,329.6549987792969,34969
2026-09-15 17:00:00+00:00,329.6400146484375,329.6400146484375,329.7200012207031,329.5199890136719,329.5199890136719,33332
2026-09-15 17:01:00+00:00,329.6199951171875,329.6199951171875,329.7200012207031,329.6199951171875,329.6499938964844,27154
2026-09-15 17:02:00+00:00,329.6449890136719,329.6449890136719,329.6759033203125,329.4750061035156,329.6199951171875,31974
2026-09-15 17:03:00+00:00,329.7200012207031,329.7200012207031,329.760009765625,329.5799865722656,329.64898681640625,22461
2026-09-15 17:04:00+00:00,329.6199951171875,329.6199951171875,329.7372131347656,329.5899963378906,329.7372131347656,21887
2026-09-15 17:05:00+00:00,329.5799865722656,329.5799865722656,329.659912109375,329.5400085449219,329.614990234375,37791
2026-09-15 17:06:00+00:00,329.6499938964844,329.6499938964844,329.70001220703125,329.5799865722656,329.5950012207031,21210
2026-09-15 17:07:00+00:00,329.7900085449219,329.7900085449219,329.8699951171875,329.6499938964844,329.6499938964844,262655
2026-09-15 17:08:00+00:00,329.8800048828125,329.8800048828125,329.8900146484375,329.7900085449219,329.79998779296875,23219
2026-09-15 17:09:00+00:00,329.75,329.75,329.9200134277344,329.75,329.8800048828125,36401
2026-09-15 17:10:00+00:00,329.79998779296875,329.79998779296875,329.8399963378906,329.739990234375,329.760009765625,19488
2026-09-15 17:11:00+00:00,329.9200134277344,329.9200134277344,329.9599914550781,329.81500244140625,329.81500244140625,28904
2026-09-15 17:12:00+00:00,329.82000732421875,329.82000732421875,329.92999267578125,329.82000732421875,329.92999267578125,20172
2026-09-15 17:13:00+00:00,329.8900146484375,329.8900146484375,329.8900146484375,329.7699890136719,329.79998779296875,27006
2026-09-15 17:14:00+00:00,329.8399963378906,329.8399963378906,329.8800048828125,329.80999755859375,329.8800048828125,21617
2026-09-15 17:15:00+00:00,329.8500061035156,329.8500061035156,329.8800048828125,329.7950134277344,329.81500244140625,19384
2026-09-15 17:16:00+00:00,329.8800048828125,329.8800048828125,329.9100036621094,329.8030090332031,329.8399963378906,22881
2026-09-15 17:17:00+00:00,329.67999267578125,329.67999267578125,329.8900146484375,329.6499938964844,329.8900146484375,23303
2026-09-15 17:18:00+00:00,329.7268981933594,329.7268981933594,329.81988525390625,329.6700134277344,329.6700134277344,22972
2026-09-15 17:19:00+00:00,329.6499938964844,329.6499938964844,329.7300109863281,329.6499938964844,329.7099914550781,17473
2026-09-15 17:20:00+00:00,329.79998779296875,329.79998779296875,329.8299865722656,329.6600036621094,329.6600036621094,18976
2026-09-15 17:21:00+00:00,329.82000732421875,329.82000732421875,329.8550109863281,329.760009765625,329.80999755859375,21016
2026-09-15 17:22:00+00:00,329.7650146484375,329.7650146484375,329.82000732421875,329.69000244140625,329.82000732421875,17517
2026-09-15 17:23:00+00:00,329.8550109863281,329.8550109863281,329.8550109863281,329.7300109863281,329.7650146484375,29497
2026-09-15 17:24:00+00:00,329.7749938964844,329.7749938964844,329.8550109863281,329.7749938964844,329.8550109863281,22854
2026-09-15 17:25:00+00:00,329.79998779296875,329.79998779296875,329.8999938964844,329.7300109863281,329.7799987792969,44974
2026-09-15 17:26:00+00:00,329.8500061035156,329.8500061035156,329.8900146484375,329.79998779296875,329.79998779296875,24320
2026-09-15 17:27:00+00:00,329.92498779296875,329.92498779296875,329.9800109863281,329.82501220703125,329.8550109863281,24030
2026-09-15 17:28:00+00:00,329.94000244140625,329.94000244140625,329.94000244140625,329.8734130859375,329.92999267578125,19640
2026-09-15 17:29:00+00:00,330.0299987792969,330.0299987792969,330.05499267578125,329.93499755859375,329.93499755859375,28481
2026-09-15 17:30:00+00:00,330.1700134277344,330.1700134277344,330.25,330.0400085449219,330.0400085449219,62544
2026-09-15 17:31:00+00:00,330.4599914550781,330.4599914550781,330.4800109863281,330.1300048828125,330.1600036621094,33559
2026-09-15 17:32:00+00:00,330.44500732421875,330.44500732421875,330.55999755859375,330.4200134277344,330.4679870605469,33442
2026-09-15 17:33:00+00:00,330.4599914550781,330.4599914550781,330.5,330.40008544921875,330.44000244140625,32589
2026-09-15 17:34:00+00:00,330.3301086425781,330.3301086425781,330.5199890136719,330.3299865722656,330.4289855957031,29400
2026-09-15 17:35:00+00:00,330.3500061035156,330.3500061035156,330.45001220703125,330.32000732421875,330.32000732421875,26127
2026-09-15 17:36:00+00:00,330.2127990722656,330.2127990722656,330.42999267578125,330.18011474609375,330.3399963378906,23326
2026-09-15 17:37:00+00:00,330.4200134277344,330.4200134277344,330.42999267578125,330.2200012207031,330.2200012207031,21246
2026-09-15 17:38:00+00:00,330.4750061035156,330.4750061035156,330.4750061035156,330.35101318359375,330.44000244140625,22776
2026-09-15 17:39:00+00:00,330.4700012207031,330.4700012207031,330.4849853515625,330.3800048828125,330.4750061035156,40234
2026-09-15 17:40:00+00:00,330.4200134277344,330.4200134277344,330.489990234375,330.30999755859375,330.45001220703125,19037
2026-09-15 17:41:00+00:00,330.29998779296875,330.29998779296875,330.4800109863281,330.2825927734375,330.44000244140625,19432
2026-09-15 17:42:00+00:00,330.2300109863281,330.2300109863281,330.3399963378906,330.1820068359375,330.3299865722656,17614
2026-09-15 17:43:00+00:00,330.4100036621094,330.4100036621094,330.4200134277344,330.2200012207031,330.243408203125,23462
2026-09-15 17:44:00+00:00,330.5199890136719,330.5199890136719,330.57501220703125,330.4100036621094,330.4150085449219,37267
2026-09-15 17:45:00+00:00,330.6050109863281,330.6050109863281,330.6050109863281,330.4800109863281,330.5199890136719,40672
2026-09-15 17:46:00+00:00,330.54998779296875,330.54998779296875,330.7799987792969,330.5299987792969,330.6050109863281,73973
2026-09-15 17:47:00+00:00,330.3800964355469,330.3800964355469,330.6099853515625,330.3599853515625,330.57000732421875,24758
2026-09-15 17:48:00+00:00,330.3301086425781,330.3301086425781,330.4100036621094,330.3301086425781,330.385009765625,21665
2026-09-15 17:49:00+00:00,330.2799987792969,330.2799987792969,330.3599853515625,330.2344970703125,330.3500061035156,23764
2026-09-15 17:50:00+00:00,330.2699890136719,330.2699890136719,330.3699951171875,330.260009765625,330.2900085449219,18082
2026-09-15 17:51:00+00:00,330.43499755859375,330.43499755859375,330.43499755859375,330.25,330.2900085449219,37714
2026-09-15 17:52:00+00:00,330.4100036621094,330.4100036621094,330.5299987792969,330.3900146484375,330.44000244140625,24014
2026-09-15 17:53:00+00:00,330.3550109863281,330.3550109863281,330.4200134277344,330.29010009765625,330.4150085449219,17860
2026-09-15 17:54:00+00:00,330.55999755859375,330.55999755859375,330.55999755859375,330.3500061035156,330.3599853515625,28224
2026-09-15 17:55:00+00:00,330.49200439453125,330.49200439453125,330.56988525390625,330.44000244140625,330.56988525390625,26974
2026-09-15 17:56:00+00:00,330.4100036621094,330.4100036621094,330.489990234375,330.32000732421875,330.489990234375,29284
2026-09-15 17:57:00+00:00,330.4750061035156,330.4750061035156,330.5150146484375,330.3999938964844,330.4100036621094,25931
2026-09-15 17:58:00+00:00,330.4800109863281,330.4800109863281,330.5,330.42999267578125,330.4700012207031,22692
2026-09-15 17:59:00+00:00,330.4200134277344,330.4200134277344,330.5299987792969,330.4200134277344,330.48919677734375,21088
2026-09-15 18:00:00+00:00,330.3500061035156,330.3500061035156,330.5299987792969,330.32501220703125,330.4200134277344,24959
2026-09-15 18:01:00+00:00,330.4299011230469,330.4299011230469,330.42999267578125,330.3349914550781,330.3450012207031,39852
2026-09-15 18:02:00+00:00,330.6300048828125,330.6300048828125,330.6400146484375,330.3900146484375,330.4100036621094,35000
2026-09-15 18:03:00+00:00,330.6650085449219,330.6650085449219,330.67498779296875,330.518798828125,330.635009765625,32336
2026-09-15 18:04:00+00:00,330.6199951171875,330.6199951171875,330.70001220703125,330.5400085449219,330.6650085449219,35353
2026-09-15 18:05:00+00:00,330.54998779296875,330.54998779296875,330.6499938964844,330.5400085449219,330.6000061035156,27347
2026-09-15 18:06:00+00:00,330.7699890136719,330.7699890136719,330.7900085449219,330.54998779296875,330.54998779296875,35948
2026-09-15 18:07:00+00:00,330.7200012207031,330.7200012207031,330.8299865722656,330.7149963378906,330.7701110839844,34341
2026-09-15 18:08:00+00:00,330.6400146484375,330.6400146484375,330.7298889160156,330.614990234375,330.7200012207031,23959
2026-09-15 18:09:00+00:00,330.6300048828125,330.6300048828125,330.7049865722656,330.61749267578125,330.6400146484375,26148
2026-09-15 18:10:00+00:00,330.79998779296875,330.79998779296875,330.80999755859375,330.6199951171875,330.6300048828125,37540
2026-09-15 18:11:00+00:00,330.69500732421875,330.69500732421875,330.79998779296875,330.68499755859375,330.7950134277344,30379
2026-09-15 18:12:00+00:00,330.70989990234375,330.70989990234375,330.7900085449219,330.67999267578125,330.7099914550781,20221
2026-09-15 18:13:00+00:00,330.70001220703125,330.70001220703125,330.75408935546875,330.6300048828125,330.69989013671875,28357
2026-09-15 18:14:00+00:00,330.67498779296875,330.67498779296875,330.7200012207031,330.6499938964844,330.7099914550781,16505
2026-09-15 18:15:00+00:00,330.6700134277344,330.6700134277344,330.7049865722656,330.6199951171875,330.67498779296875,28894
2026-09-15 18:16:00+00:00,330.67999267578125,330.67999267578125,330.739990234375,330.6099853515625,330.6549987792969,32242
2026-09-15 18:17:00+00:00,330.57000732421875,330.57000732421875,330.7300109863281,330.5400085449219,330.6700134277344,30978
2026-09-15 18:18:00+00:00,330.6199951171875,330.6199951171875,330.6300048828125,330.510009765625,330.5799865722656,23420
2026-09-15 18:19:00+00:00,330.5350036621094,330.5350036621094,330.6199951171875,330.510009765625,330.6099853515625,22561
2026-09-15 18:20:00+00:00,330.4200134277344,330.4200134277344,330.5899963378906,330.3804931640625,330.5299987792969,32403
2026-09-15 18:21:00+00:00,330.4961853027344,330.4961853027344,330.5400085449219,330.3900146484375,330.43499755859375,22987
2026-09-15 18:22:00+00:00,330.375,330.375,330.5050048828125,330.3699951171875,330.489990234375,19855
2026-09-15 18:23:00+00:00,330.29998779296875,330.29998779296875,330.3900146484375,330.2749938964844,330.3800048828125,21474
2026-09-15 18:24:00+00:00,330.2799987792969,330.2799987792969,330.3985900878906,330.239990234375,330.29998779296875,26442
2026-09-15 18:25:00+00:00,330.3595886230469,330.3595886230469,330.3699951171875,330.2500915527344,330.2799987792969,24358
2026-09-15 18:26:00+00:00,330.2699890136719,330.2699890136719,330.3599853515625,330.1499938964844,330.3500061035156,47905
2026-09-15 18:27:00+00:00,330.2200012207031,330.2200012207031,330.2950134277344,330.20001220703125,330.260009765625,27022
2026-09-15 18:28:00+00:00,330.4200134277344,330.4200134277344,330.4200134277344,330.2449951171875,330.25,25368
2026-09-15 18:29:00+00:00,330.4100036621094,330.4100036621094,330.4800109863281,330.3804016113281,330.4200134277344,21903
2026-09-15 18:30:00+00:00,330.2749938964844,330.2749938964844,330.4100036621094,330.24468994140625,330.3999938964844,29257
2026-09-15 18:31:00+00:00,330.1700134277344,330.1700134277344,330.30499267578125,330.15008544921875,330.2799987792969,31806
2026-09-15 18:32:00+00:00,330.1300048828125,330.1300048828125,330.19000244140625,330.0899963378906,330.1700134277344,22192
2026-09-15 18:33:00+00:00,330.1050109863281,330.1050109863281,330.1700134277344,330.10369873046875,330.1199951171875,26308
2026-09-15 18:34:00+00:00,330.17498779296875,330.17498779296875,330.17498779296875,330.1000061035156,330.1000061035156,31912
2026-09-15 18:35:00+00:00,330.1700134277344,330.1700134277344,330.2300109863281,330.1499938964844,330.17999267578125,25841
2026-09-15 18:36:00+00:00,330.2200012207031,330.2200012207031,330.239990234375,330.1300048828125,330.1600036621094,26560
2026-09-15 18:37:00+00:00,330.25,330.25,330.2699890136719,330.20001220703125,330.2099914550781,27731
2026-09-15 18:38:00+00:00,330.4150085449219,330.4150085449219,330.5,330.239990234375,330.239990234375,50472
2026-09-15 18:39:00+00:00,330.31500244140625,330.31500244140625,330.4549865722656,330.30999755859375,330.4200134277344,35331
2026-09-15 18:40:00+00:00,330.2449951171875,330.2449951171875,330.3599853515625,330.2300109863281,330.32000732421875,29423
2026-09-15 18:41:00+00:00,330.2799987792969,330.2799987792969,330.4200134277344,330.1400146484375,330.239990234375,59015
2026-09-15 18:42:00+00:00,330.2401123046875,330.2401123046875,330.29998779296875,330.17999267578125,330.2720031738281,19409
2026-09-15 18:43:00+00:00,330.2300109863281,330.2300109863281,330.25,330.1300048828125,330.239990234375,25912
2026-09-15 18:44:00+00:00,330.2799987792969,330.2799987792969,330.2900085449219,330.20001220703125,330.2300109863281,27777
2026-09-15 18:45:00+00:00,330.2149963378906,330.2149963378906,330.32000732421875,330.20001220703125,330.29998779296875,23256
2026-09-15 18:46:00+00:00,330.239990234375,330.239990234375,330.3999938964844,330.2149963378906,330.2200012207031,33515
2026-09-15 18:47:00+00:00,330.239990234375,330.239990234375,330.29998779296875,330.2200927734375,330.239990234375,23796
2026-09-15 18:48:00+00:00,330.3819885253906,330.3819885253906,330.3974914550781,330.25,330.25,29703
2026-09-15 18:49:00+00:00,330.260009765625,330.260009765625,330.4700012207031,330.260009765625,330.3949890136719,34359
2026-09-15 18:50:00+00:00,330.22509765625,330.22509765625,330.3900146484375,330.22509765625,330.2699890136719,33867
2026-09-15 18:51:00+00:00,330.2099914550781,330.2099914550781,330.260009765625,330.17999267578125,330.2499084472656,29319
2026-09-15 18:52:00+00:00,330.2200012207031,330.2200012207031,330.25,330.1614990234375,330.2200012207031,20824
2026-09-15 18:53:00+00:00,330.1400146484375,330.1400146484375,330.20001220703125,330.04998779296875,330.20001220703125,25494
2026-09-15 18:54:00+00:00,330.22430419921875,330.22430419921875,330.2699890136719,330.1499938964844,330.1499938964844,26347
2026-09-15 18:55:00+00:00,330.239990234375,330.239990234375,330.2651062011719,330.1199951171875,330.2349853515625,28816
2026-09-15 18:56:00+00:00,330.24200439453125,330.24200439453125,330.32000732421875,330.19500732421875,330.2550048828125,26802
2026-09-15 18:57:00+00:00,330.2699890136719,330.2699890136719,330.3550109863281,330.20001220703125,330.2449951171875,29005
2026-09-15 18:58:00+00:00,330.29998779296875,330.29998779296875,330.30999755859375,330.2300109863281,330.2749938964844,24374
2026-09-15 18:59:00+00:00,330.5199890136719,330.5199890136719,330.54998779296875,330.29998779296875,330.30999755859375,61176
2026-09-15 19:00:00+00:00,330.5199890136719,330.5199890136719,330.55999755859375,330.3699951171875,330.510009765625,33462
2026-09-15 19:01:00+00:00,330.54998779296875,330.54998779296875,330.54998779296875,330.4700012207031,330.5000915527344,21760
2026-09-15 19:02:00+00:00,330.5199890136719,330.5199890136719,330.55841064453125,330.489990234375,330.5450134277344,25074
2026-09-15 19:03:00+00:00,330.4599914550781,330.4599914550781,330.5899963378906,330.4599914550781,330.5,36830
2026-09-15 19:04:00+00:00,330.3900146484375,330.3900146484375,330.489990234375,330.3800964355469,330.4649963378906,24562
2026-09-15 19:05:00+00:00,330.3374938964844,330.3374938964844,330.4200134277344,330.2900085449219,330.3800048828125,33175
2026-09-15 19:06:00+00:00,330.239990234375,330.239990234375,330.3900146484375,330.2099914550781,330.3500061035156,30869
2026-09-15 19:07:00+00:00,330.32501220703125,330.32501220703125,330.3599853515625,330.2200012207031,330.2200012207031,28250
2026-09-15 19:08:00+00:00,330.2640075683594,330.2640075683594,330.3299865722656,330.2301025390625,330.3219909667969,28941
2026-09-15 19:09:00+00:00,330.2698974609375,330.2698974609375,330.29998779296875,330.2099914550781,330.2799987792969,24803
2026-09-15 19:10:00+00:00,330.2200012207031,330.2200012207031,330.29998779296875,330.18499755859375,330.2650146484375,32879
2026-09-15 19:11:00+00:00,330.20001220703125,330.20001220703125,330.260009765625,330.18499755859375,330.2098083496094,31380
2026-09-15 19:12:00+00:00,330.18499755859375,330.18499755859375,330.2355041503906,330.1400146484375,330.19000244140625,22717
2026-09-15 19:13:00+00:00,330.1499938964844,330.1499938964844,330.20001220703125,330.1099853515625,330.19500732421875,27844
2026-09-15 19:14:00+00:00,330.17999267578125,330.17999267578125,330.2099914550781,330.1099853515625,330.1400146484375,43861
2026-09-15 19:15:00+00:00,330.1099853515625,330.1099853515625,330.2200012207031,330.01019287109375,330.19000244140625,58083
2026-09-15 19:16:00+00:00,329.9800109863281,329.9800109863281,330.1199951171875,329.8953857421875,330.1050109863281,61862
2026-09-15 19:17:00+00:00,329.8900146484375,329.8900146484375,330.0398864746094,329.8699951171875,330.0,31296
2026-09-15 19:18:00+00:00,329.9100036621094,329.9100036621094,329.9800109863281,329.8299865722656,329.8800048828125,46985
2026-09-15 19:19:00+00:00,329.9150085449219,329.9150085449219,329.9757080078125,329.875,329.9049987792969,39824
2026-09-15 19:20:00+00:00,329.9800109863281,329.9800109863281,330.010009765625,329.8550109863281,329.9150085449219,35641
2026-09-15 19:21:00+00:00,330.0339050292969,330.0339050292969,330.0799865722656,329.94000244140625,329.9700012207031,42063
2026-09-15 19:22:00+00:00,330.0799865722656,330.0799865722656,330.1400146484375,330.0199890136719,330.0299987792969,52100
2026-09-15 19:23:00+00:00,330.0950012207031,330.0950012207031,330.125,330.0299987792969,330.07000732421875,36996
2026-09-15 19:24:00+00:00,330.2799987792969,330.2799987792969,330.2799987792969,330.04998779296875,330.0799865722656,51918
2026-09-15 19:25:00+00:00,330.1199951171875,330.1199951171875,330.2900085449219,330.0799865722656,330.2900085449219,47473
2026-09-15 19:26:00+00:00,330.2300109863281,330.2300109863281,330.2598876953125,330.05999755859375,330.1099853515625,46396
2026-09-15 19:27:00+00:00,330.1499938964844,330.1499938964844,330.25,330.1499938964844,330.2250061035156,25288
2026-09-15 19:28:00+00:00,330.05999755859375,330.05999755859375,330.1700134277344,330.0,330.1700134277344,41056
2026-09-15 19:29:00+00:00,330.239990234375,330.239990234375,330.260009765625,330.04998779296875,330.07000732421875,74618
2026-09-15 19:30:00+00:00,329.8800048828125,329.8800048828125,330.239990234375,329.85009765625,330.239990234375,87798
2026-09-15 19:31:00+00:00,330.05499267578125,330.05499267578125,330.05499267578125,329.89129638671875,329.8999938964844,57070
2026-09-15 19:32:00+00:00,330.10101318359375,330.10101318359375,330.1499938964844,330.0400085449219,330.0599060058594,45819
2026-09-15 19:33:00+00:00,330.1600036621094,330.1600036621094,330.18231201171875,330.05999755859375,330.1050109863281,59120
2026-09-15 19:34:00+00:00,330.1700134277344,330.1700134277344,330.2250061035156,330.1499938964844,330.154296875,41861
2026-09-15 19:35:00+00:00,330.07000732421875,330.07000732421875,330.2099914550781,330.04998779296875,330.17498779296875,42863
2026-09-15 19:36:00+00:00,329.9800109863281,329.9800109863281,330.0799865722656,329.9700012207031,330.07000732421875,34201
2026-09-15 19:37:00+00:00,329.9949951171875,329.9949951171875,330.0,329.8500061035156,329.9800109863281,63695
2026-09-15 19:38:00+00:00,330.0050048828125,330.0050048828125,330.07000732421875,329.9599914550781,329.989990234375,56545
2026-09-15 19:39:00+00:00,329.8900146484375,329.8900146484375,330.0199890136719,329.864990234375,330.0050048828125,64954
2026-09-15 19:40:00+00:00,330.010009765625,330.010009765625,330.0199890136719,329.8500061035156,329.8800048828125,76413
2026-09-15 19:41:00+00:00,329.98419189453125,329.98419189453125,330.1050109863281,329.93450927734375,329.989990234375,80474
2026-09-15 19:42:00+00:00,329.92999267578125,329.92999267578125,330.0400085449219,329.9200134277344,329.9800109863281,56013
2026-09-15 19:43:00+00:00,330.0799865722656,330.0799865722656,330.1300048828125,329.8900146484375,329.92999267578125,70700
2026-09-15 19:44:00+00:00,330.2560119628906,330.2560119628906,330.3699951171875,330.0899963378906,330.0899963378906,96663
2026-09-15 19:45:00+00:00,330.3500061035156,330.3500061035156,330.3800048828125,330.21051025390625,330.2699890136719,68761
2026-09-15 19:46:00+00:00,330.3288879394531,330.3288879394531,330.4100036621094,330.31500244140625,330.364990234375,89125
2026-09-15 19:47:00+00:00,330.2900085449219,330.2900085449219,330.3500061035156,330.2099914550781,330.32501220703125,121520
2026-09-15 19:48:00+00:00,330.1700134277344,330.1700134277344,330.2799987792969,330.07000732421875,330.2799987792969,59796
2026-09-15 19:49:00+00:00,330.2650146484375,330.2650146484375,330.2699890136719,330.1400146484375,330.1700134277344,78262
2026-09-15 19:50:00+00:00,330.6099853515625,330.6099853515625,330.7650146484375,330.25,330.260009765625,181799
2026-09-15 19:51:00+00:00,330.4649963378906,330.4649963378906,330.69500732421875,330.4501037597656,330.6050109863281,134908
2026-09-15 19:52:00+00:00,330.760009765625,330.760009765625,330.8598937988281,330.3800048828125,330.4700012207031,164516
2026-09-15 19:53:00+00:00,330.9700012207031,330.9700012207031,331.17999267578125,330.7349853515625,330.760009765625,235422
2026-09-15 19:54:00+00:00,331.56500244140625,331.56500244140625,331.760009765625,330.8900146484375,330.9700012207031,353954
2026-09-15 19:55:00+00:00,331.5849914550781,331.5849914550781,331.760009765625,331.2900085449219,331.57000732421875,331100
2026-09-15 19:56:00+00:00,331.42999267578125,331.42999267578125,331.67999267578125,331.3999938964844,331.57000732421875,241276
2026-09-15 19:57:00+00:00,331.239990234375,331.239990234375,331.4599914550781,331.1300048828125,331.44000244140625,315738
2026-09-15 19:58:00+00:00,331.29998779296875,331.29998779296875,331.30999755859375,331.17999267578125,331.25,417441
2026-09-15 19:59:00+00:00,331.3349914550781,331.3349914550781,331.3666076660156,331.1099853515625,331.29998779296875,704219
2026-09-16 13:30:00+00:00,333.2850036621094,333.2850036621094,333.92999267578125,332.3399963378906,332.4200134277344,1358921
2026-09-16 13:31:00+00:00,332.7900085449219,332.7900085449219,333.74951171875,332.3999938964844,333.2900085449219,193101
2026-09-16 13:32:00+00:00,333.37359619140625,333.37359619140625,333.44989013671875,331.8699951171875,332.75,168170
2026-09-16 13:33:00+00:00,334.32501220703125,334.32501220703125,334.5198974609375,333.0,333.3399963378906,323606
2026-09-16 13:34:00+00:00,334.2250061035156,334.2250061035156,334.5794982910156,333.94000244140625,334.3500061035156,190140
2026-09-16 13:35:00+00:00,333.8699951171875,333.8699951171875,334.3900146484375,333.74200439453125,334.260009765625,141764
2026-09-16 13:36:00+00:00,333.8638000488281,333.8638000488281,333.9100036621094,333.1697082519531,333.8399963378906,130627
2026-09-16 13:37:00+00:00,334.5,334.5,334.6499938964844,333.7699890136719,333.8399963378906,211852
2026-09-16 13:38:00+00:00,334.8699951171875,334.8699951171875,334.92498779296875,334.2699890136719,334.5400085449219,179740
2026-09-16 13:39:00+00:00,334.6199951171875,334.6199951171875,335.4800109863281,334.6199951171875,334.8800048828125,281591
2026-09-16 13:40:00+00:00,335.0799865722656,335.0799865722656,335.1098937988281,333.8800048828125,334.5799865722656,220001
2026-09-16 13:41:00+00:00,334.1976013183594,334.1976013183594,335.2799987792969,334.0799865722656,335.1098937988281,173487
2026-09-16 13:42:00+00:00,333.739990234375,333.739990234375,334.34991455078125,333.6000061035156,334.1300048828125,114648
2026-09-16 13:43:00+00:00,333.1199951171875,333.1199951171875,333.8299865722656,333.1199951171875,333.7699890136719,174087
2026-09-16 13:44:00+00:00,333.69000244140625,333.69000244140625,333.7900085449219,333.07000732421875,333.1199951171875,126299
2026-09-16 13:45:00+00:00,333.989990234375,333.989990234375,334.2699890136719,333.3999938964844,333.5799865722656,165086
2026-09-16 13:46:00+00:00,334.4049987792969,334.4049987792969,334.44000244140625,333.8599853515625,333.9800109863281,140961
2026-09-16 13:47:00+00:00,334.489990234375,334.489990234375,334.9700012207031,334.3299865722656,334.44000244140625,133496
2026-09-16 13:48:00+00:00,334.3399963378906,334.3399963378906,334.81988525390625,334.239990234375,334.4599914550781,93834
2026-09-16 13:49:00+00:00,334.6000061035156,334.6000061035156,334.75799560546875,334.1328125,334.3399963378906,100687
2026-09-16 13:50:00+00:00,334.68719482421875,334.68719482421875,334.80999755859375,334.410400390625,334.6000061035156,125515
2026-09-16 13:51:00+00:00,333.82501220703125,333.82501220703125,334.69000244140625,333.80999755859375,334.6700134277344,141066
2026-09-16 13:52:00+00:00,333.7449951171875,333.7449951171875,333.9800109863281,333.4700012207031,333.80938720703125,172370
2026-09-16 13:53:00+00:00,333.5350036621094,333.5350036621094,333.7799987792969,333.260009765625,333.7099914550781,131995
2026-09-16 13:54:00+00:00,333.2749938964844,333.2749938964844,334.2878112792969,332.87060546875,333.510009765625,164812
2026-09-16 13:55:00+00:00,332.8500061035156,332.8500061035156,333.2799987792969,332.69000244140625,333.2799987792969,143516
2026-09-16 13:56:00+00:00,332.489990234375,332.489990234375,332.9200134277344,332.25,332.8999938964844,107581
2026-09-16 13:57:00+00:00,332.6400146484375,332.6400146484375,332.7900085449219,332.30999755859375,332.5199890136719,122363
2026-09-16 13:58:00+00:00,333.260009765625,333.260009765625,333.32000732421875,332.5899963378906,332.6199951171875,125883
2026-09-16 13:59:00+00:00,334.1216125488281,334.1216125488281,334.1449890136719,333.04998779296875,333.2701110839844,178096
2026-09-16 14:00:00+00:00,333.4049987792969,333.4049987792969,334.260009765625,333.385009765625,334.0950012207031,124370
2026-09-16 14:01:00+00:00,333.7749938964844,333.7749938964844,333.80499267578125,333.3301086425781,333.4599914550781,61204
2026-09-16 14:02:00+00:00,333.2850036621094,333.2850036621094,333.8299865722656,333.25,333.75,85119
2026-09-16 14:03:00+00:00,333.489990234375,333.489990234375,333.59991455078125,333.260009765625,333.29058837890625,54743
2026-09-16 14:04:00+00:00,333.510009765625,333.510009765625,333.57000732421875,333.29998779296875,333.4700012207031,42100
2026-09-16 14:05:00+00:00,333.7349853515625,333.7349853515625,333.8599853515625,333.489990234375,333.510009765625,48600
2026-09-16 14:06:00+00:00,333.8301086425781,333.8301086425781,333.9100036621094,333.6000061035156,333.7699890136719,65872
2026-09-16 14:07:00+00:00,333.8900146484375,333.8900146484375,333.9800109863281,333.7449951171875,333.8789978027344,57352
2026-09-16 14:08:00+00:00,334.05999755859375,334.05999755859375,334.0899963378906,333.760009765625,333.8974914550781,60428
2026-09-16 14:09:00+00:00,333.8971862792969,333.8971862792969,334.1300048828125,333.7820129394531,334.0899963378906,165240
2026-09-16 14:10:00+00:00,334.0899963378906,334.0899963378906,334.1099853515625,333.7799987792969,333.8949890136719,68954
2026-09-16 14:11:00+00:00,334.0,334.0,334.1400146484375,333.9100036621094,334.07000732421875,53847
2026-09-16 14:12:00+00:00,333.7699890136719,333.7699890136719,334.14990234375,333.7500915527344,333.9800109863281,56581
2026-09-16 14:13:00+00:00,333.8299865722656,333.8299865722656,333.8900146484375,333.6499938964844,333.7699890136719,52084
2026-09-16 14:14:00+00:00,333.5067138671875,333.5067138671875,333.81878662109375,333.5067138671875,333.81878662109375,60154
2026-09-16 14:15:00+00:00,333.6600036621094,333.6600036621094,333.67999267578125,333.2959899902344,333.56988525390625,80162
2026-09-16 14:16:00+00:00,333.4599914550781,333.4599914550781,333.6698913574219,333.3900146484375,333.6449890136719,49272
2026-09-16 14:17:00+00:00,333.6000061035156,333.6000061035156,333.6000061035156,333.30999755859375,333.4800109863281,67703
2026-09-16 14:18:00+00:00,333.71258544921875,333.71258544921875,333.75,333.5674133300781,333.5674133300781,39534
2026-09-16 14:19:00+00:00,333.4800109863281,333.4800109863281,333.8299865722656,333.4200134277344,333.7250061035156,55493
2026-09-16 14:20:00+00:00,333.20098876953125,333.20098876953125,333.489990234375,332.94000244140625,333.489990234375,82539
2026-09-16 14:21:00+00:00,332.9649963378906,332.9649963378906,333.2900085449219,332.8999938964844,333.20001220703125,63603
2026-09-16 14:22:00+00:00,333.260009765625,333.260009765625,333.67669677734375,332.9599914550781,333.010009765625,62986
2026-09-16 14:23:00+00:00,333.3599853515625,333.3599853515625,333.3599853515625,333.1000061035156,333.23040771484375,37673
2026-09-16 14:24:00+00:00,333.2650146484375,333.2650146484375,333.4800109863281,333.25,333.364990234375,45408
2026-09-16 14:25:00+00:00,333.2200012207031,333.2200012207031,333.54998779296875,333.1600036621094,333.2850036621094,41470
2026-09-16 14:26:00+00:00,333.010009765625,333.010009765625,333.239990234375,333.010009765625,333.239990234375,62787
2026-09-16 14:27:00+00:00,332.900390625,332.900390625,333.1199951171875,332.8999938964844,333.010009765625,62330
2026-09-16 14:28:00+00:00,333.0089111328125,333.0089111328125,333.0498962402344,332.7099914550781,332.91571044921875,66827
2026-09-16 14:29:00+00:00,333.2655944824219,333.2655944824219,333.5,332.9100036621094,332.97198486328125,88348
2026-09-16 14:30:00+00:00,333.42999267578125,333.42999267578125,333.5150146484375,333.19000244140625,333.32000732421875,101992
2026-09-16 14:31:00+00:00,333.5299987792969,333.5299987792969,333.70001220703125,333.3999938964844,333.4649963378906,110240
2026-09-16 14:32:00+00:00,333.8702087402344,333.8702087402344,333.95001220703125,333.5400085449219,333.54998779296875,59018
2026-09-16 14:33:00+00:00,333.8599853515625,333.8599853515625,333.9695129394531,333.7099914550781,333.885009765625,47030
2026-09-16 14:34:00+00:00,334.0199890136719,334.0199890136719,334.04998779296875,333.8301086425781,333.8800048828125,131432
2026-09-16 14:35:00+00:00,333.8450012207031,333.8450012207031,334.2799987792969,333.79998779296875,334.0450134277344,71935
2026-09-16 14:36:00+00:00,333.777099609375,333.777099609375,333.92999267578125,333.7336120605469,333.864990234375,53728
2026-09-16 14:37:00+00:00,333.8349914550781,333.8349914550781,333.9100036621094,333.5400085449219,333.81500244140625,33356
2026-09-16 14:38:00+00:00,333.8500061035156,333.8500061035156,333.94000244140625,333.66009521484375,333.8299865722656,36433
2026-09-16 14:39:00+00:00,333.7200012207031,333.7200012207031,333.90008544921875,333.7099914550781,333.8800048828125,38418
2026-09-16 14:40:00+00:00,333.69000244140625,333.69000244140625,333.7200012207031,333.5400085449219,333.7200012207031,23984
2026-09-16 14:41:00+00:00,333.37420654296875,333.37420654296875,333.7200012207031,333.3299865722656,333.7200012207031,47898
2026-09-16 14:42:00+00:00,333.42010498046875,333.42010498046875,333.510009765625,333.2275085449219,333.375,40370
2026-09-16 14:43:00+00:00,333.6600036621094,333.6600036621094,333.75,333.44000244140625,333.489990234375,27587
2026-09-16 14:44:00+00:00,333.9200134277344,333.9200134277344,333.9800109863281,333.46160888671875,333.6300964355469,40706
2026-09-16 14:45:00+00:00,333.5899963378906,333.5899963378906,333.9457092285156,333.54998779296875,333.90008544921875,35006
2026-09-16 14:46:00+00:00,333.5201110839844,333.5201110839844,333.739990234375,333.4849853515625,333.6099853515625,30474
2026-09-16 14:47:00+00:00,333.7099914550781,333.7099914550781,333.7099914550781,333.489990234375,333.54998779296875,27906
2026-09-16 14:48:00+00:00,333.69000244140625,333.69000244140625,333.7749938964844,333.5899963378906,333.75,21972
2026-09-16 14:49:00+00:00,333.739990234375,333.739990234375,333.8699951171875,333.6700134277344,333.7149963378906,44415
2026-09-16 14:50:00+00:00,333.7099914550781,333.7099914550781,333.8299865722656,333.6199951171875,333.760009765625,33262
2026-09-16 14:51:00+00:00,333.69000244140625,333.69000244140625,333.8599853515625,333.6499938964844,333.7099914550781,17564
2026-09-16 14:52:00+00:00,333.82000732421875,333.82000732421875,333.8800048828125,333.67999267578125,333.67999267578125,32505
2026-09-16 14:53:00+00:00,333.7674865722656,333.7674865722656,333.8500061035156,333.7099914550781,333.79998779296875,26954
2026-09-16 14:54:00+00:00,334.0299987792969,334.0299987792969,334.1300048828125,333.75,333.760009765625,43934
2026-09-16 14:55:00+00:00,333.8799133300781,333.8799133300781,334.1098937988281,333.80999755859375,334.0350036621094,33746
2026-09-16 14:56:00+00:00,333.9599914550781,333.9599914550781,334.05499267578125,333.7850036621094,333.8500061035156,50340
2026-09-16 14:57:00+00:00,334.04010009765625,334.04010009765625,334.1000061035156,333.8900146484375,334.010009765625,26159
2026-09-16 14:58:00+00:00,333.9798889160156,333.9798889160156,334.1300048828125,333.8900146484375,334.07000732421875,29151
2026-09-16 14:59:00+00:00,334.0299987792969,334.0299987792969,334.0799865722656,333.8900146484375,333.93499755859375,52730
2026-09-16 15:00:00+00:00,333.989990234375,333.989990234375,334.07000732421875,333.95001220703125,334.0299987792969,44715
2026-09-16 15:01:00+00:00,333.7349853515625,333.7349853515625,334.0199890136719,333.6600036621094,334.0199890136719,44924
2026-09-16 15:02:00+00:00,333.6300048828125,333.6300048828125,333.8399963378906,333.6300048828125,333.7598876953125,33157
2026-09-16 15:03:00+00:00,333.6700134277344,333.6700134277344,333.760009765625,333.54998779296875,333.6300048828125,34813
2026-09-16 15:04:00+00:00,333.80499267578125,333.80499267578125,333.8399963378906,333.6099853515625,333.70989990234375,36991
2026-09-16 15:05:00+00:00,333.6401062011719,333.6401062011719,333.8399963378906,333.5849914550781,333.81500244140625,31652
2026-09-16 15:06:00+00:00,333.7699890136719,333.7699890136719,333.7950134277344,333.6600036621094,333.67999267578125,24467
2026-09-16 15:07:00+00:00,333.6268005371094,333.6268005371094,333.7998962402344,333.5299987792969,333.7998962402344,41648
2026-09-16 15:08:00+00:00,333.6499938964844,333.6499938964844,333.6700134277344,333.4599914550781,333.6000061035156,71413
2026-09-16 15:09:00+00:00,333.7200012207031,333.7200012207031,333.7650146484375,333.5975036621094,333.6700134277344,34782
2026-09-16 15:10:00+00:00,333.6499938964844,333.6499938964844,333.739990234375,333.6199951171875,333.7300109863281,24706
2026-09-16 15:11:00+00:00,333.6099853515625,333.6099853515625,333.7900085449219,333.5799865722656,333.6650085449219,36353
2026-09-16 15:12:00+00:00,333.510009765625,333.510009765625,333.6099853515625,333.4700012207031,333.6099853515625,29685
2026-09-16 15:13:00+00:00,333.6549987792969,333.6549987792969,333.69000244140625,333.4700012207031,333.489990234375,43219
2026-09-16 15:14:00+00:00,333.6700134277344,333.6700134277344,333.67498779296875,333.5299987792969,333.6401062011719,22072
2026-09-16 15:15:00+00:00,333.7300109863281,333.7300109863281,333.7699890136719,333.6199951171875,333.6499938964844,24704
2026-09-16 15:16:00+00:00,333.6610107421875,333.6610107421875,333.75,333.625,333.739990234375,29887
2026-09-16 15:17:00+00:00,333.6400146484375,333.6400146484375,333.6700134277344,333.5899963378906,333.6549987792969,26526
2026-09-16 15:18:00+00:00,333.6199951171875,333.6199951171875,333.7099914550781,333.5299987792969,333.6400146484375,20653
2026-09-16 15:19:00+00:00,333.6199951171875,333.6199951171875,333.6600036621094,333.510009765625,333.6199951171875,26981
2026-09-16 15:20:00+00:00,333.57501220703125,333.57501220703125,333.6600036621094,333.510009765625,333.6199951171875,137367
2026-09-16 15:21:00+00:00,333.19000244140625,333.19000244140625,333.6400146484375,333.1499938964844,333.57501220703125,51003
2026-09-16 15:22:00+00:00,333.1099853515625,333.1099853515625,333.2699890136719,333.0799865722656,333.2099914550781,43471
2026-09-16 15:23:00+00:00,333.17999267578125,333.17999267578125,333.29998779296875,333.0950012207031,333.1199951171875,40027
2026-09-16 15:24:00+00:00,333.1000061035156,333.1000061035156,333.2099914550781,333.0400085449219,333.19000244140625,36738
2026-09-16 15:25:00+00:00,333.19000244140625,333.19000244140625,333.2033996582031,333.05999755859375,333.1199951171875,36669
2026-09-16 15:26:00+00:00,332.79998779296875,332.79998779296875,333.2200012207031,332.7900085449219,333.19500732421875,56904
2026-09-16 15:27:00+00:00,332.5799865722656,332.5799865722656,332.82989501953125,332.4700012207031,332.7900085449219,66862
2026-09-16 15:28:00+00:00,332.3699951171875,332.3699951171875,332.6600036621094,332.28009033203125,332.5899963378906,61329
2026-09-16 15:29:00+00:00,332.70001220703125,332.70001220703125,332.70001220703125,332.27508544921875,332.3599853515625,51026
2026-09-16 15:30:00+00:00,332.7127990722656,332.7127990722656,333.0,332.67999267578125,332.7001037597656,61078
2026-09-16 15:31:00+00:00,332.6400146484375,332.6400146484375,332.7900085449219,332.5899963378906,332.7095031738281,48337
2026-09-16 15:32:00+00:00,332.8349914550781,332.8349914550781,332.8900146484375,332.5799865722656,332.6099853515625,47323
2026-09-16 15:33:00+00:00,332.7099914550781,332.7099914550781,332.9100036621094,332.6499938964844,332.8299865722656,38563
2026-09-16 15:34:00+00:00,332.760009765625,332.760009765625,332.7799987792969,332.6300048828125,332.6499938964844,28036
2026-09-16 15:35:00+00:00,332.82000732421875,332.82000732421875,332.9342956542969,332.6900939941406,332.7300109863281,67396
2026-09-16 15:36:00+00:00,332.8599853515625,332.8599853515625,332.8900146484375,332.69000244140625,332.7799987792969,20889
2026-09-16 15:37:00+00:00,332.7998962402344,332.7998962402344,332.8500061035156,332.6400146484375,332.8424072265625,23176
2026-09-16 15:38:00+00:00,332.8500061035156,332.8500061035156,332.86749267578125,332.70001220703125,332.7601013183594,24410
2026-09-16 15:39:00+00:00,333.0199890136719,333.0199890136719,333.0899963378906,332.8349914550781,332.8500061035156,47793
2026-09-16 15:40:00+00:00,333.0249938964844,333.0249938964844,333.0799865722656,332.9100036621094,333.0150146484375,47632
2026-09-16 15:41:00+00:00,332.9100036621094,332.9100036621094,333.0400085449219,332.82000732421875,333.0249938964844,38244
2026-09-16 15:42:00+00:00,332.9549865722656,332.9549865722656,332.9800109863281,332.8599853515625,332.92999267578125,30686
2026-09-16 15:43:00+00:00,332.8800048828125,332.8800048828125,332.9800109863281,332.8504943847656,332.9599914550781,21487
2026-09-16 15:44:00+00:00,333.1449890136719,333.1449890136719,333.1449890136719,332.8299865722656,332.885009765625,32747
2026-09-16 15:45:00+00:00,333.1050109863281,333.1050109863281,333.1099853515625,332.94000244140625,333.1099853515625,23187
2026-09-16 15:46:00+00:00,333.2300109863281,333.2300109863281,333.239990234375,333.0400085449219,333.1199951171875,29344
2026-09-16 15:47:00+00:00,333.2900085449219,333.2900085449219,333.57000732421875,333.20001220703125,333.239990234375,121503
2026-09-16 15:48:00+00:00,333.0,333.0,333.2997131347656,332.93499755859375,333.2749938964844,46414
2026-09-16 15:49:00+00:00,333.00140380859375,333.00140380859375,333.05999755859375,332.91009521484375,333.0199890136719,33924
2026-09-16 15:50:00+00:00,332.94000244140625,332.94000244140625,333.0849914550781,332.8699951171875,333.0799865722656,63512
2026-09-16 15:51:00+00:00,332.7200012207031,332.7200012207031,332.94500732421875,332.6600036621094,332.94500732421875,56935
2026-09-16 15:52:00+00:00,332.7349853515625,332.7349853515625,332.80999755859375,332.4919128417969,332.7200012207031,57110
2026-09-16 15:53:00+00:00,332.6546936035156,332.6546936035156,332.7699890136719,332.6300048828125,332.7099914550781,54005
2026-09-16 15:54:00+00:00,332.777099609375,332.777099609375,332.82000732421875,332.6199951171875,332.6449890136719,30172
2026-09-16 15:55:00+00:00,332.70001220703125,332.70001220703125,332.79949951171875,332.6600036621094,332.79949951171875,31163
2026-09-16 15:56:00+00:00,332.6809997558594,332.6809997558594,332.7200012207031,332.6300048828125,332.7200012207031,19779
2026-09-16 15:57:00+00:00,332.79998779296875,332.79998779296875,332.82000732421875,332.6000061035156,332.67999267578125,31067
2026-09-16 15:58:00+00:00,332.6700134277344,332.6700134277344,332.989990234375,332.6465148925781,332.82501220703125,47319
2026-09-16 15:59:00+00:00,332.7799987792969,332.7799987792969,332.79998779296875,332.6099853515625,332.6700134277344,35622
2026-09-16 16:00:00+00:00,332.8699951171875,332.8699951171875,332.875,332.7524108886719,332.7799987792969,27933
2026-09-16 16:01:00+00:00,332.739990234375,332.739990234375,332.8550109863281,332.6700134277344,332.8500061035156,27021
2026-09-16 16:02:00+00:00,332.965087890625,332.965087890625,332.9800109863281,332.7250061035156,332.7250061035156,20820
2026-09-16 16:03:00+00:00,332.8599853515625,332.8599853515625,332.9800109863281,332.7699890136719,332.9800109863281,23044
2026-09-16 16:04:00+00:00,332.8399963378906,332.8399963378906,332.95001220703125,332.82000732421875,332.8599853515625,22798
2026-09-16 16:05:00+00:00,332.93499755859375,332.93499755859375,332.989990234375,332.8299865722656,332.8500061035156,22071
2026-09-16 16:06:00+00:00,333.0,333.0,333.07501220703125,332.92999267578125,332.92999267578125,28141
2026-09-16 16:07:00+00:00,333.19000244140625,333.19000244140625,333.19000244140625,332.9599914550781,333.0,28531
2026-09-16 16:08:00+00:00,333.42999267578125,333.42999267578125,333.4599914550781,333.1199951171875,333.1499938964844,38929
2026-09-16 16:09:00+00:00,333.32501220703125,333.32501220703125,333.44000244140625,333.2760009765625,333.4200134277344,28225
2026-09-16 16:10:00+00:00,333.0849914550781,333.0849914550781,333.3599853515625,333.0299987792969,333.31500244140625,40195
2026-09-16 16:11:00+00:00,332.9800109863281,332.9800109863281,333.1050109863281,332.8938903808594,333.1050109863281,35214
2026-09-16 16:12:00+00:00,332.8999938964844,332.8999938964844,333.010009765625,332.8399963378906,333.0098876953125,28553
2026-09-16 16:13:00+00:00,332.9100036621094,332.9100036621094,332.9100036621094,332.760009765625,332.87188720703125,25930
2026-09-16 16:14:00+00:00,332.82000732421875,332.82000732421875,332.95001220703125,332.80999755859375,332.8800048828125,24271
2026-09-16 16:15:00+00:00,332.9100036621094,332.9100036621094,332.9700012207031,332.79998779296875,332.79998779296875,14668
2026-09-16 16:16:00+00:00,332.7200012207031,332.7200012207031,332.90008544921875,332.67999267578125,332.8999938964844,22514
2026-09-16 16:17:00+00:00,332.7950134277344,332.7950134277344,332.8080139160156,332.6099853515625,332.7099914550781,23244
2026-09-16 16:18:00+00:00,332.7149963378906,332.7149963378906,332.83990478515625,332.67498779296875,332.7950134277344,26089
2026-09-16 16:19:00+00:00,332.53009033203125,332.53009033203125,332.7055969238281,332.5299987792969,332.70001220703125,41343
2026-09-16 16:20:00+00:00,332.5299987792969,332.5299987792969,332.5450134277344,332.3999938964844,332.5450134277344,50010
2026-09-16 16:21:00+00:00,332.45001220703125,332.45001220703125,332.55999755859375,332.4200134277344,332.5101013183594,24273
2026-09-16 16:22:00+00:00,332.42999267578125,332.42999267578125,332.4599914550781,332.3299865722656,332.44000244140625,23235
2026-09-16 16:23:00+00:00,332.5050048828125,332.5050048828125,332.510009765625,332.3599853515625,332.4200134277344,27701
2026-09-16 16:24:00+00:00,332.69000244140625,332.69000244140625,332.7200012207031,332.489990234375,332.5,482433
2026-09-16 16:25:00+00:00,332.56500244140625,332.56500244140625,332.7099914550781,332.510009765625,332.7099914550781,26228
2026-09-16 16:26:00+00:00,332.57861328125,332.57861328125,332.6099853515625,332.5,332.5400085449219,20930
2026-09-16 16:27:00+00:00,332.6300048828125,332.6300048828125,332.6400146484375,332.5000915527344,332.5950012207031,27941
2026-09-16 16:28:00+00:00,332.7099914550781,332.7099914550781,332.7099914550781,332.55499267578125,332.6300048828125,29019
2026-09-16 16:29:00+00:00,332.7200012207031,332.7200012207031,332.7799987792969,332.69000244140625,332.7200012207031,32510
2026-09-16 16:30:00+00:00,332.5450134277344,332.5450134277344,332.7799987792969,332.5299987792969,332.7099914550781,42140
2026-09-16 16:31:00+00:00,332.5199890136719,332.5199890136719,332.64990234375,332.489990234375,332.53009033203125,31700
2026-09-16 16:32:00+00:00,332.3699951171875,332.3699951171875,332.5329895019531,332.29998779296875,332.5101013183594,48320
2026-09-16 16:33:00+00:00,332.3299865722656,332.3299865722656,332.44989013671875,332.2900085449219,332.3999938964844,33408
2026-09-16 16:34:00+00:00,332.4700012207031,332.4700012207031,332.4800109863281,332.32000732421875,332.3299865722656,16383
2026-09-16 16:35:00+00:00,332.4648132324219,332.4648132324219,332.5199890136719,332.4200134277344,332.4800109863281,25711
2026-09-16 16:36:00+00:00,332.3699951171875,332.3699951171875,332.4599914550781,332.3599853515625,332.44000244140625,21280
2026-09-16 16:37:00+00:00,332.3800964355469,332.3800964355469,332.4100036621094,332.30999755859375,332.39990234375,25574
2026-09-16 16:38:00+00:00,332.64990234375,332.64990234375,332.64990234375,332.3800048828125,332.385009765625,60932
2026-09-16 16:39:00+00:00,332.61480712890625,332.61480712890625,332.69000244140625,332.56500244140625,332.6400146484375,49666
2026-09-16 16:40:00+00:00,332.7799072265625,332.7799072265625,332.82989501953125,332.6000061035156,332.6199951171875,51649
2026-09-16 16:41:00+00:00,332.5299987792969,332.5299987792969,332.79998779296875,332.5299987792969,332.760009765625,28870
2026-09-16 16:42:00+00:00,332.5899963378906,332.5899963378906,332.6885986328125,332.5199890136719,332.52099609375,26940
2026-09-16 16:43:00+00:00,332.82000732421875,332.82000732421875,332.82000732421875,332.5882873535156,332.5899963378906,20873
2026-09-16 16:44:00+00:00,332.8399963378906,332.8399963378906,332.8800048828125,332.7799987792969,332.80499267578125,45597
2026-09-16 16:45:00+00:00,332.94000244140625,332.94000244140625,332.94000244140625,332.8399963378906,332.8399963378906,31065
2026-09-16 16:46:00+00:00,332.9200134277344,332.9200134277344,332.9800109863281,332.8399963378906,332.92999267578125,26964
2026-09-16 16:47:00+00:00,332.7099914550781,332.7099914550781,332.9200134277344,332.67010498046875,332.9200134277344,36379
2026-09-16 16:48:00+00:00,332.5849914550781,332.5849914550781,332.7300109863281,332.55999755859375,332.70001220703125,30292
2026-09-16 16:49:00+00:00,332.6549987792969,332.6549987792969,332.69989013671875,332.55999755859375,332.57000732421875,19589
2026-09-16 16:50:00+00:00,332.4700012207031,332.4700012207031,332.659912109375,332.45001220703125,332.6549987792969,29564
2026-09-16 16:51:00+00:00,332.5199890136719,332.5199890136719,332.5526123046875,332.45001220703125,332.4700012207031,13653
2026-09-16 16:52:00+00:00,332.44000244140625,332.44000244140625,332.5498962402344,332.3301086425781,332.5249938964844,37300
2026-09-16 16:53:00+00:00,332.42718505859375,332.42718505859375,332.44000244140625,332.3599853515625,332.42999267578125,20894
2026-09-16 16:54:00+00:00,332.63690185546875,332.63690185546875,332.6418151855469,332.3994140625,332.4200134277344,31331
2026-09-16 16:55:00+00:00,332.69500732421875,332.69500732421875,332.793212890625,332.6199951171875,332.63250732421875,26385
2026-09-16 16:56:00+00:00,332.4930114746094,332.4930114746094,332.69500732421875,332.4866943359375,332.69000244140625,26784
2026-09-16 16:57:00+00:00,332.68499755859375,332.68499755859375,332.69989013671875,332.4801025390625,332.4801025390625,28722
2026-09-16 16:58:00+00:00,332.67999267578125,332.67999267578125,332.7699890136719,332.6571960449219,332.6899108886719,21737
2026-09-16 16:59:00+00:00,332.62078857421875,332.62078857421875,332.70001220703125,332.6199951171875,332.68499755859375,48669
2026-09-16 17:00:00+00:00,332.625,332.625,332.6951904296875,332.54998779296875,332.6099853515625,21310
2026-09-16 17:01:00+00:00,332.5,332.5,332.6300048828125,332.3800048828125,332.6264953613281,36654
2026-09-16 17:02:00+00:00,332.614990234375,332.614990234375,332.614990234375,332.4800109863281,332.4801025390625,21512
2026-09-16 17:03:00+00:00,332.5419006347656,332.5419006347656,332.6098937988281,332.4599914550781,332.57000732421875,21314
2026-09-16 17:04:00+00:00,332.6050109863281,332.6050109863281,332.6400146484375,332.5400085449219,332.57000732421875,24241
2026-09-16 17:05:00+00:00,332.5,332.5,332.67999267578125,332.5,332.6099853515625,25355
2026-09-16 17:06:00+00:00,332.55999755859375,332.55999755859375,332.5899963378906,332.4750061035156,332.4750061035156,22871
2026-09-16 17:07:00+00:00,332.6300048828125,332.6300048828125,332.6600036621094,332.55999755859375,332.55999755859375,21938
2026-09-16 17:08:00+00:00,332.75,332.75,332.7965087890625,332.6549987792969,332.6549987792969,29570
2026-09-16 17:09:00+00:00,332.6700134277344,332.6700134277344,332.7699890136719,332.6099853515625,332.739990234375,24842
2026-09-16 17:10:00+00:00,332.82000732421875,332.82000732421875,332.82000732421875,332.70001220703125,332.70001220703125,24517
2026-09-16 17:11:00+00:00,332.7950134277344,332.7950134277344,332.8500061035156,332.7500915527344,332.80999755859375,24182
2026-09-16 17:12:00+00:00,332.7699890136719,332.7699890136719,332.82000732421875,332.7300109863281,332.7799987792969,16573
2026-09-16 17:13:00+00:00,332.8699951171875,332.8699951171875,332.9136047363281,332.7650146484375,332.7650146484375,25749
2026-09-16 17:14:00+00:00,332.8900146484375,332.8900146484375,332.9798889160156,332.8699951171875,332.8699951171875,28617
2026-09-16 17:15:00+00:00,332.84130859375,332.84130859375,332.9200134277344,332.80999755859375,332.9049987792969,27308
2026-09-16 17:16:00+00:00,332.90008544921875,332.90008544921875,332.9399108886719,332.8349914550781,332.8349914550781,15801
2026-09-16 17:17:00+00:00,332.84710693359375,332.84710693359375,332.94000244140625,332.8406982421875,332.94000244140625,27840
2026-09-16 17:18:00+00:00,332.8599853515625,332.8599853515625,332.8949890136719,332.8399963378906,332.8500061035156,16938
2026-09-16 17:19:00+00:00,332.875,332.875,332.94000244140625,332.8500061035156,332.85101318359375,30736
2026-09-16 17:20:00+00:00,333.0,333.0,333.010009765625,332.875,332.875,43848
2026-09-16 17:21:00+00:00,333.20001220703125,333.20001220703125,333.2200012207031,333.0,333.010009765625,31596
2026-09-16 17:22:00+00:00,333.114990234375,333.114990234375,333.2300109863281,333.114990234375,333.2099914550781,42936
2026-09-16 17:23:00+00:00,332.9399108886719,332.9399108886719,333.1370849609375,332.92498779296875,333.1199951171875,26475
2026-09-16 17:24:00+00:00,333.047607421875,333.047607421875,333.04998779296875,332.8999938964844,332.91009521484375,25049
2026-09-16 17:25:00+00:00,333.2049865722656,333.2049865722656,333.2300109863281,333.0,333.0400085449219,26727
2026-09-16 17:26:00+00:00,333.18499755859375,333.18499755859375,333.2799987792969,333.1499938964844,333.2049865722656,32672
2026-09-16 17:27:00+00:00,333.1600036621094,333.1600036621094,333.25,333.1199951171875,333.17669677734375,16796
2026-09-16 17:28:00+00:00,333.20001220703125,333.20001220703125,333.2099914550781,333.1199035644531,333.1600036621094,24253
2026-09-16 17:29:00+00:00,333.2699890136719,333.2699890136719,333.2799987792969,333.20001220703125,333.20001220703125,19021
2026-09-16 17:30:00+00:00,333.2200012207031,333.2200012207031,333.3299865722656,333.2099914550781,333.2799987792969,30333
2026-09-16 17:31:00+00:00,333.2900085449219,333.2900085449219,333.29998779296875,333.2200927734375,333.2200927734375,20730
2026-09-16 17:32:00+00:00,333.3450012207031,333.3450012207031,333.3580017089844,333.25,333.2900085449219,24545
2026-09-16 17:33:00+00:00,333.3500061035156,333.3500061035156,333.3699951171875,333.30010986328125,333.3320007324219,19309
2026-09-16 17:34:00+00:00,333.3599853515625,333.3599853515625,333.45001220703125,333.3399963378906,333.3507995605469,34349
2026-09-16 17:35:00+00:00,333.1650085449219,333.1650085449219,333.364990234375,333.15008544921875,333.364990234375,59296
2026-09-16 17:36:00+00:00,333.2699890136719,333.2699890136719,333.2799987792969,333.1600036621094,333.17999267578125,33171
2026-09-16 17:37:00+00:00,333.29998779296875,333.29998779296875,333.30670166015625,333.239990234375,333.25,38421
2026-09-16 17:38:00+00:00,333.25,333.25,333.2900085449219,333.2250061035156,333.2699890136719,42450
2026-09-16 17:39:00+00:00,333.2699890136719,333.2699890136719,333.3599853515625,333.2200012207031,333.2449951171875,42766
2026-09-16 17:40:00+00:00,333.135009765625,333.135009765625,333.2900085449219,333.1050109863281,333.2598876953125,47165
2026-09-16 17:41:00+00:00,333.17999267578125,333.17999267578125,333.19000244140625,333.0799865722656,333.15899658203125,32247
2026-09-16 17:42:00+00:00,333.1300048828125,333.1300048828125,333.2300109863281,333.10540771484375,333.19000244140625,40843
2026-09-16 17:43:00+00:00,333.04998779296875,333.04998779296875,333.20001220703125,333.0400085449219,333.1200866699219,38013
2026-09-16 17:44:00+00:00,333.1499938964844,333.1499938964844,333.1499938964844,333.0,333.0450134277344,52343
2026-09-16 17:45:00+00:00,333.1099853515625,333.1099853515625,333.19000244140625,333.0799865722656,333.1499938964844,41195
2026-09-16 17:46:00+00:00,333.2300109863281,333.2300109863281,333.2550048828125,333.1099853515625,333.1099853515625,41463
2026-09-16 17:47:00+00:00,333.20001220703125,333.20001220703125,333.239990234375,333.1499938964844,333.2200012207031,49443
2026-09-16 17:48:00+00:00,333.1400146484375,333.1400146484375,333.20989990234375,333.1099853515625,333.19500732421875,16524
2026-09-16 17:49:00+00:00,333.1000061035156,333.1000061035156,333.17498779296875,333.0899963378906,333.1476135253906,25261
2026-09-16 17:50:00+00:00,333.2101135253906,333.2101135253906,333.2200012207031,333.03009033203125,333.114990234375,65072
2026-09-16 17:51:00+00:00,333.2998962402344,333.2998962402344,333.3500061035156,333.215087890625,333.215087890625,36499
2026-09-16 17:52:00+00:00,333.281005859375,333.281005859375,333.3299865722656,333.23748779296875,333.2699890136719,33615
2026-09-16 17:53:00+00:00,333.25,333.25,333.3030090332031,333.0899963378906,333.2900085449219,30794
2026-09-16 17:54:00+00:00,333.1400146484375,333.1400146484375,333.32000732421875,333.1300048828125,333.32000732421875,34989
2026-09-16 17:55:00+00:00,333.05999755859375,333.05999755859375,333.20001220703125,333.05999755859375,333.1549987792969,30804
2026-09-16 17:56:00+00:00,333.0899963378906,333.0899963378906,333.135009765625,333.04998779296875,333.1000061035156,16609
2026-09-16 17:57:00+00:00,333.20001220703125,333.20001220703125,333.2300109863281,333.0610046386719,333.0799865722656,25419
2026-09-16 17:58:00+00:00,333.3598937988281,333.3598937988281,333.4100036621094,333.1903991699219,333.2149963378906,39991
2026-09-16 17:59:00+00:00,333.32000732421875,333.32000732421875,333.3699951171875,333.2699890136719,333.3450012207031,28193
2026-09-16 18:00:00+00:00,333.3800048828125,333.3800048828125,333.54998779296875,333.0799865722656,333.3399963378906,207219
2026-09-16 18:01:00+00:00,333.6300048828125,333.6300048828125,333.70001220703125,333.17999267578125,333.3800048828125,147375
2026-09-16 18:02:00+00:00,333.81500244140625,333.81500244140625,334.0,333.6099853515625,333.6499938964844,84593
2026-09-16 18:03:00+00:00,333.9200134277344,333.9200134277344,334.05999755859375,333.7720031738281,333.8399963378906,61272
2026-09-16 18:04:00+00:00,333.94000244140625,333.94000244140625,334.1228942871094,333.7799987792969,333.94000244140625,63493
2026-09-16 18:05:00+00:00,333.92999267578125,333.92999267578125,334.0799865722656,333.79998779296875,333.9501037597656,89201
2026-09-16 18:06:00+00:00,333.875,333.875,334.1199951171875,333.840087890625,333.93499755859375,65634
2026-09-16 18:07:00+00:00,334.07501220703125,334.07501220703125,334.2200012207031,333.8800048828125,333.8800048828125,55171
2026-09-16 18:08:00+00:00,334.1000061035156,334.1000061035156,334.2300109863281,334.07501220703125,334.07501220703125,52901
2026-09-16 18:09:00+00:00,334.2666931152344,334.2666931152344,334.3280029296875,334.0799865722656,334.0799865722656,57389
2026-09-16 18:10:00+00:00,334.20001220703125,334.20001220703125,334.3299865722656,334.0199890136719,334.29998779296875,46963
2026-09-16 18:11:00+00:00,334.0199890136719,334.0199890136719,334.2449951171875,333.8800048828125,334.2200012207031,67542
2026-09-16 18:12:00+00:00,334.0751037597656,334.0751037597656,334.1781005859375,333.9599914550781,334.0199890136719,40811
2026-09-16 18:13:00+00:00,334.1300048828125,334.1300048828125,334.239990234375,334.0260925292969,334.0849914550781,45453
2026-09-16 18:14:00+00:00,334.1000061035156,334.1000061035156,334.2200012207031,334.0600891113281,334.1400146484375,46445
2026-09-16 18:15:00+00:00,334.2699890136719,334.2699890136719,334.3299865722656,334.0799865722656,334.0799865722656,52889
2026-09-16 18:16:00+00:00,334.5,334.5,334.5299987792969,334.2099914550781,334.260009765625,72053
2026-09-16 18:17:00+00:00,334.5350036621094,334.5350036621094,334.5899963378906,334.4100036621094,334.5166015625,74971
2026-09-16 18:18:00+00:00,334.4549865722656,334.4549865722656,334.7900085449219,334.4100036621094,334.5350036621094,101263
2026-09-16 18:19:00+00:00,334.3200988769531,334.3200988769531,334.4800109863281,334.1199951171875,334.4800109863281,102117
2026-09-16 18:20:00+00:00,334.1549987792969,334.1549987792969,334.30999755859375,334.0899963378906,334.30999755859375,63460
2026-09-16 18:21:00+00:00,334.2950134277344,334.2950134277344,334.3999938964844,334.1675109863281,334.1675109863281,47762
2026-09-16 18:22:00+00:00,334.3800048828125,334.3800048828125,334.3999938964844,334.17999267578125,334.2850036621094,38785
2026-09-16 18:23:00+00:00,334.3900146484375,334.3900146484375,334.44000244140625,334.32000732421875,334.3999938964844,44368
2026-09-16 18:24:00+00:00,334.3550109863281,334.3550109863281,334.4421081542969,334.2799987792969,334.3800048828125,36577
2026-09-16 18:25:00+00:00,334.3299865722656,334.3299865722656,334.58990478515625,334.3299865722656,334.35308837890625,57585
2026-09-16 18:26:00+00:00,334.4800109863281,334.4800109863281,334.4800109863281,334.2799987792969,334.3299865722656,71710
2026-09-16 18:27:00+00:00,334.4100036621094,334.4100036621094,334.6400146484375,334.260009765625,334.5,64579
2026-09-16 18:28:00+00:00,334.3900146484375,334.3900146484375,334.45001220703125,334.2699890136719,334.42999267578125,52657
2026-09-16 18:29:00+00:00,334.5899963378906,334.5899963378906,334.6400146484375,334.3699951171875,334.38800048828125,50366
2026-09-16 18:30:00+00:00,334.5400085449219,334.5400085449219,334.69000244140625,334.3999938964844,334.6299133300781,76900
2026-09-16 18:31:00+00:00,334.4200134277344,334.4200134277344,334.6050109863281,334.3999938964844,334.5450134277344,65355
2026-09-16 18:32:00+00:00,333.94000244140625,333.94000244140625,334.4599914550781,333.9045104980469,334.4599914550781,127349
2026-09-16 18:33:00+00:00,333.8299865722656,333.8299865722656,334.30999755859375,333.760009765625,333.92999267578125,97172
2026-09-16 18:34:00+00:00,333.6600036621094,333.6600036621094,333.9800109863281,333.6400146484375,333.864990234375,91520
2026-09-16 18:35:00+00:00,333.29010009765625,333.29010009765625,333.6499938964844,333.2699890136719,333.6300048828125,76294
2026-09-16 18:36:00+00:00,332.8299865722656,332.8299865722656,333.45001220703125,332.8299865722656,333.3500061035156,94514
2026-09-16 18:37:00+00:00,332.8599853515625,332.8599853515625,332.9200134277344,332.6449890136719,332.8599853515625,76434
2026-09-16 18:38:00+00:00,333.2792053222656,333.2792053222656,333.45001220703125,332.8999938964844,332.8999938964844,77882
2026-09-16 18:39:00+00:00,333.70001220703125,333.70001220703125,333.8304138183594,333.20001220703125,333.2699890136719,71431
2026-09-16 18:40:00+00:00,334.0452880859375,334.0452880859375,334.1099853515625,333.625,333.70001220703125,58054
2026-09-16 18:41:00+00:00,334.1700134277344,334.1700134277344,334.30999755859375,334.0700988769531,334.0899963378906,70420
2026-09-16 18:42:00+00:00,334.489990234375,334.489990234375,334.5,334.0799865722656,334.19000244140625,84969
2026-09-16 18:43:00+00:00,334.27020263671875,334.27020263671875,334.6499938964844,334.27020263671875,334.489990234375,121175
2026-09-16 18:44:00+00:00,333.92999267578125,333.92999267578125,334.3299865722656,333.9200134277344,334.3299865722656,50462
2026-09-16 18:45:00+00:00,334.19000244140625,334.19000244140625,334.2799987792969,333.7506103515625,333.9200134277344,77270
2026-09-16 18:46:00+00:00,333.8815002441406,333.8815002441406,334.2349853515625,333.8550109863281,334.20001220703125,125118
2026-09-16 18:47:00+00:00,333.68499755859375,333.68499755859375,333.8999938964844,333.6300048828125,333.8674011230469,50316
2026-09-16 18:48:00+00:00,333.385009765625,333.385009765625,333.7099914550781,333.385009765625,333.6600036621094,51502
2026-09-16 18:49:00+00:00,333.69000244140625,333.69000244140625,333.760009765625,333.360107421875,333.3804931640625,65508
2026-09-16 18:50:00+00:00,333.3999938964844,333.3999938964844,333.69000244140625,333.3013916015625,333.69000244140625,54960
2026-09-16 18:51:00+00:00,333.57000732421875,333.57000732421875,333.57000732421875,333.2300109863281,333.3699951171875,44522
2026-09-16 18:52:00+00:00,333.2699890136719,333.2699890136719,333.5799865722656,333.1000061035156,333.5799865722656,58815
2026-09-16 18:53:00+00:00,332.92999267578125,332.92999267578125,333.32000732421875,332.92999267578125,333.2900085449219,115387
2026-09-16 18:54:00+00:00,332.9800109863281,332.9800109863281,333.06500244140625,332.8299865722656,332.95001220703125,93921
2026-09-16 18:55:00+00:00,333.0050048828125,333.0050048828125,333.20001220703125,332.8900146484375,332.9700012207031,62933
2026-09-16 18:56:00+00:00,332.8999938964844,332.8999938964844,333.0299987792969,332.82000732421875,333.0050048828125,47251
2026-09-16 18:57:00+00:00,332.5899963378906,332.5899963378906,332.8900146484375,332.5299987792969,332.8900146484375,81235
2026-09-16 18:58:00+00:00,332.2200012207031,332.2200012207031,332.5899963378906,332.1000061035156,332.5719909667969,75418
2026-09-16 18:59:00+00:00,332.1099853515625,332.1099853515625,332.3848876953125,332.04998779296875,332.25,74497
2026-09-16 19:00:00+00:00,332.2900085449219,332.2900085449219,332.3999938964844,332.0299987792969,332.1099853515625,70237
2026-09-16 19:01:00+00:00,332.1199951171875,332.1199951171875,332.3599853515625,332.1000061035156,332.3299865722656,68923
2026-09-16 19:02:00+00:00,332.19000244140625,332.19000244140625,332.2799987792969,331.9200134277344,332.1000061035156,65631
2026-09-16 19:03:00+00:00,332.360107421875,332.360107421875,332.4700012207031,332.1099853515625,332.20001220703125,60781
2026-09-16 19:04:00+00:00,332.29998779296875,332.29998779296875,332.639892578125,332.2799987792969,332.3699951171875,71246
2026-09-16 19:05:00+00:00,332.3399963378906,332.3399963378906,332.42999267578125,332.1462097167969,332.29998779296875,98848
2026-09-16 19:06:00+00:00,332.3800048828125,332.3800048828125,332.57000732421875,332.29998779296875,332.3399963378906,68635
2026-09-16 19:07:00+00:00,332.1700134277344,332.1700134277344,332.385009765625,332.1000061035156,332.385009765625,45275
2026-09-16 19:08:00+00:00,332.125,332.125,332.2742919921875,331.92999267578125,332.1499938964844,218849
2026-09-16 19:09:00+00:00,331.81439208984375,331.81439208984375,332.1700134277344,331.7900085449219,332.1499938964844,60191
2026-09-16 19:10:00+00:00,331.41009521484375,331.41009521484375,331.8999938964844,331.41009521484375,331.7900085449219,99154
2026-09-16 19:11:00+00:00,330.9808044433594,330.9808044433594,331.4700012207031,330.9700012207031,331.42999267578125,134064
2026-09-16 19:12:00+00:00,330.8299865722656,330.8299865722656,331.0899963378906,330.70001220703125,330.9849853515625,75170
2026-09-16 19:13:00+00:00,330.8301086425781,330.8301086425781,330.9898986816406,330.760009765625,330.8367004394531,56905
2026-09-16 19:14:00+00:00,330.81500244140625,330.81500244140625,331.1300048828125,330.7300109863281,330.8420104980469,80783
2026-09-16 19:15:00+00:00,330.9649963378906,330.9649963378906,331.239990234375,330.7699890136719,330.8299865722656,97392
2026-09-16 19:16:00+00:00,331.13250732421875,331.13250732421875,331.13250732421875,330.8500061035156,330.99530029296875,55592
2026-09-16 19:17:00+00:00,331.07501220703125,331.07501220703125,331.2300109863281,331.0299987792969,331.1050109863281,81277
2026-09-16 19:18:00+00:00,331.0350036621094,331.0350036621094,331.29998779296875,330.9757080078125,331.07501220703125,63179
2026-09-16 19:19:00+00:00,330.98199462890625,330.98199462890625,331.1000061035156,330.81610107421875,331.0150146484375,52561
2026-09-16 19:20:00+00:00,331.05999755859375,331.05999755859375,331.17999267578125,330.9580078125,331.0,68779
2026-09-16 19:21:00+00:00,331.1199951171875,331.1199951171875,331.1499938964844,330.9200134277344,331.0799865722656,47309
2026-09-16 19:22:00+00:00,331.1499938964844,331.1499938964844,331.3299865722656,331.0256042480469,331.1449890136719,94623
2026-09-16 19:23:00+00:00,331.3599853515625,331.3599853515625,331.45989990234375,331.1300048828125,331.1300048828125,74710
2026-09-16 19:24:00+00:00,331.45330810546875,331.45330810546875,331.5,331.2401123046875,331.3699951171875,111130
2026-09-16 19:25:00+00:00,331.0299987792969,331.0299987792969,331.5224914550781,331.0101013183594,331.5224914550781,47035
2026-09-16 19:26:00+00:00,330.8999938964844,330.8999938964844,331.05499267578125,330.8500061035156,331.010009765625,61077
2026-09-16 19:27:00+00:00,331.2275085449219,331.2275085449219,331.239990234375,330.7900085449219,330.9100036621094,70682
2026-09-16 19:28:00+00:00,331.1000061035156,331.1000061035156,331.3467102050781,331.05999755859375,331.2200012207031,47040
2026-09-16 19:29:00+00:00,331.6099853515625,331.6099853515625,331.6899108886719,331.0799865722656,331.1050109863281,67588
2026-09-16 19:30:00+00:00,331.8800048828125,331.8800048828125,331.9049987792969,331.5787048339844,331.6000061035156,81926
2026-09-16 19:31:00+00:00,331.7650146484375,331.7650146484375,331.94000244140625,331.7650146484375,331.885009765625,63757
2026-09-16 19:32:00+00:00,331.9400939941406,331.9400939941406,332.0199890136719,331.760009765625,331.7699890136719,87729
2026-09-16 19:33:00+00:00,332.010009765625,332.010009765625,332.0899963378906,331.8299865722656,331.94000244140625,86176
2026-09-16 19:34:00+00:00,332.3800048828125,332.3800048828125,332.45001220703125,332.010009765625,332.04998779296875,81377
2026-09-16 19:35:00+00:00,332.29998779296875,332.29998779296875,332.44000244140625,332.2200012207031,332.3717956542969,73859
2026-09-16 19:36:00+00:00,332.1199951171875,332.1199951171875,332.32989501953125,332.05010986328125,332.2799987792969,61711
2026-09-16 19:37:00+00:00,332.1499938964844,332.1499938964844,332.17999267578125,331.9800109863281,332.1199951171875,55044
2026-09-16 19:38:00+00:00,332.17999267578125,332.17999267578125,332.27398681640625,332.1199951171875,332.1400146484375,77099
2026-09-16 19:39:00+00:00,332.1510009765625,332.1510009765625,332.2900085449219,332.0799865722656,332.1700134277344,56452
2026-09-16 19:40:00+00:00,331.9700012207031,331.9700012207031,332.2099914550781,331.9700012207031,332.17999267578125,66201
2026-09-16 19:41:00+00:00,331.80999755859375,331.80999755859375,332.19000244140625,331.7799987792969,331.9501037597656,72648
2026-09-16 19:42:00+00:00,331.58099365234375,331.58099365234375,331.8500061035156,331.58099365234375,331.7900085449219,81036
2026-09-16 19:43:00+00:00,331.62451171875,331.62451171875,331.7200012207031,331.5799865722656,331.6400146484375,56234
2026-09-16 19:44:00+00:00,331.6499938964844,331.6499938964844,331.7229919433594,331.4949951171875,331.614990234375,79011
2026-09-16 19:45:00+00:00,331.82000732421875,331.82000732421875,331.94000244140625,331.590087890625,331.6300048828125,86805
2026-09-16 19:46:00+00:00,331.8299865722656,331.8299865722656,331.8999938964844,331.70001220703125,331.84649658203125,57278
2026-09-16 19:47:00+00:00,332.010009765625,332.010009765625,332.04998779296875,331.82000732421875,331.8399963378906,69615
2026-09-16 19:48:00+00:00,332.05499267578125,332.05499267578125,332.0799865722656,331.8999938964844,332.0,57547
2026-09-16 19:49:00+00:00,332.1300048828125,332.1300048828125,332.20001220703125,332.0400085449219,332.0498962402344,54283
2026-09-16 19:50:00+00:00,332.18499755859375,332.18499755859375,332.30999755859375,331.95001220703125,332.1600036621094,70729
2026-09-16 19:51:00+00:00,332.2900085449219,332.2900085449219,332.3900146484375,332.1600036621094,332.19000244140625,86123
2026-09-16 19:52:00+00:00,332.42999267578125,332.42999267578125,332.4599914550781,332.25,332.3089904785156,293343
2026-09-16 19:53:00+00:00,332.2449951171875,332.2449951171875,332.5,332.239990234375,332.4200134277344,107250
2026-09-16 19:54:00+00:00,332.3800048828125,332.3800048828125,332.5,332.0799865722656,332.2300109863281,140266
2026-09-16 19:55:00+00:00,332.2699890136719,332.2699890136719,332.5400085449219,332.20001220703125,332.3399963378906,167922
2026-09-16 19:56:00+00:00,332.3900146484375,332.3900146484375,332.3999938964844,332.1300048828125,332.2799987792969,160118
2026-09-16 19:57:00+00:00,332.30999755859375,332.30999755859375,332.4800109863281,332.17999267578125,332.3949890136719,167005
2026-09-16 19:58:00+00:00,332.3699951171875,332.3699951171875,332.44000244140625,332.260009765625,332.32000732421875,246658
2026-09-16 19:59:00+00:00,332.5,332.5,332.5899963378906,332.2699890136719,332.3699951171875,644803
2026-09-17 13:30:00+00:00,333.7900085449219,333.7900085449219,335.5799865722656,333.5400085449219,334.7550048828125,1136813
2026-09-17 13:31:00+00:00,333.30999755859375,333.30999755859375,334.159912109375,333.20001220703125,333.7900085449219,140200
2026-09-17 13:32:00+00:00,333.79998779296875,333.79998779296875,334.1300048828125,333.2799987792969,333.3399963378906,187307
2026-09-17 13:33:00+00:00,332.9700012207031,332.9700012207031,333.8290100097656,332.739990234375,333.8290100097656,122269
2026-09-17 13:34:00+00:00,332.5635070800781,332.5635070800781,333.2099914550781,332.510009765625,332.9649963378906,102500
2026-09-17 13:35:00+00:00,331.9700012207031,331.9700012207031,332.57000732421875,331.6499938964844,332.55999755859375,229161
2026-09-17 13:36:00+00:00,331.4649963378906,331.4649963378906,332.3999938964844,331.4100036621094,332.0299987792969,284863
2026-09-17 13:37:00+00:00,331.760009765625,331.760009765625,331.8489990234375,331.35009765625,331.4599914550781,92328
2026-09-17 13:38:00+00:00,332.260009765625,332.260009765625,332.44000244140625,331.7449951171875,331.80999755859375,117670
2026-09-17 13:39:00+00:00,332.8900146484375,332.8900146484375,332.95001220703125,332.08221435546875,332.29998779296875,161900
2026-09-17 13:40:00+00:00,332.3450012207031,332.3450012207031,333.0,332.20001220703125,332.87750244140625,114412
2026-09-17 13:41:00+00:00,332.0849914550781,332.0849914550781,332.55999755859375,331.9700012207031,332.3583984375,85296
2026-09-17 13:42:00+00:00,332.2099914550781,332.2099914550781,332.2300109863281,331.94000244140625,332.0450134277344,74982
2026-09-17 13:43:00+00:00,331.7950134277344,331.7950134277344,332.4800109863281,331.722900390625,332.17498779296875,92141
2026-09-17 13:44:00+00:00,331.9949951171875,331.9949951171875,332.3116149902344,331.7500915527344,331.79998779296875,74884
2026-09-17 13:45:00+00:00,331.92999267578125,331.92999267578125,332.20001220703125,331.9200134277344,331.98779296875,82022
2026-09-17 13:46:00+00:00,331.7699890136719,331.7699890136719,331.9549865722656,331.6400146484375,331.9028015136719,79525
2026-09-17 13:47:00+00:00,331.5,331.5,331.8800048828125,331.4700012207031,331.760009765625,91368
2026-09-17 13:48:00+00:00,331.1499938964844,331.1499938964844,331.5195007324219,331.0,331.50689697265625,106188
2026-09-17 13:49:00+00:00,330.918701171875,330.918701171875,331.2499084472656,330.739990234375,331.1700134277344,121751
2026-09-17 13:50:00+00:00,330.29998779296875,330.29998779296875,331.06988525390625,330.25,330.9649963378906,234064
2026-09-17 13:51:00+00:00,330.2550048828125,330.2550048828125,330.6700134277344,330.1936950683594,330.29998779296875,140335
2026-09-17 13:52:00+00:00,330.635009765625,330.635009765625,330.67999267578125,330.2099914550781,330.2799987792969,108961
2026-09-17 13:53:00+00:00,330.510009765625,330.510009765625,330.67999267578125,330.3999938964844,330.63299560546875,95140
2026-09-17 13:54:00+00:00,330.6050109863281,330.6050109863281,330.67010498046875,330.4100036621094,330.5400085449219,114512
2026-09-17 13:55:00+00:00,330.68438720703125,330.68438720703125,330.70001220703125,330.3699951171875,330.6199951171875,118933
2026-09-17 13:56:00+00:00,331.0150146484375,331.0150146484375,331.1000061035156,330.6499938964844,330.6499938964844,94447
2026-09-17 13:57:00+00:00,330.752685546875,330.752685546875,331.08599853515625,330.70001220703125,331.010009765625,73740
2026-09-17 13:58:00+00:00,330.79998779296875,330.79998779296875,330.9700012207031,330.7099914550781,330.7650146484375,60290
2026-09-17 13:59:00+00:00,330.82501220703125,330.82501220703125,330.964599609375,330.739990234375,330.80499267578125,74108
2026-09-17 14:00:00+00:00,331.07000732421875,331.07000732421875,331.1300048828125,330.75,330.8299865722656,110999
2026-09-17 14:01:00+00:00,331.69000244140625,331.69000244140625,331.69500732421875,331.0199890136719,331.0400085449219,153378
2026-09-17 14:02:00+00:00,332.064208984375,332.064208984375,332.147705078125,331.6000061035156,331.7283020019531,108187
2026-09-17 14:03:00+00:00,332.2900085449219,332.2900085449219,332.29998779296875,331.9700012207031,332.0450134277344,104348
2026-09-17 14:04:00+00:00,332.5799865722656,332.5799865722656,332.6199951171875,332.19000244140625,332.2799072265625,106595
2026-09-17 14:05:00+00:00,332.0799865722656,332.0799865722656,332.6099853515625,332.0299987792969,332.5849914550781,92129
2026-09-17 14:06:00+00:00,332.3550109863281,332.3550109863281,332.4700012207031,331.8999938964844,332.0299987792969,89677
2026-09-17 14:07:00+00:00,332.69500732421875,332.69500732421875,332.70001220703125,332.3200988769531,332.3450012207031,82456
2026-09-17 14:08:00+00:00,332.6282043457031,332.6282043457031,332.7659912109375,332.4400939941406,332.697509765625,80503
2026-09-17 14:09:00+00:00,332.73419189453125,332.73419189453125,332.9693908691406,332.5,332.5299987792969,89928
2026-09-17 14:10:00+00:00,333.409912109375,333.409912109375,333.4200134277344,332.7001037597656,332.7349853515625,116900
2026-09-17 14:11:00+00:00,333.29010009765625,333.29010009765625,333.42999267578125,333.07000732421875,333.385009765625,135574
2026-09-17 14:12:00+00:00,332.93011474609375,332.93011474609375,333.45001220703125,332.8872985839844,333.2799987792969,63178
2026-09-17 14:13:00+00:00,332.989990234375,332.989990234375,333.1300048828125,332.8999938964844,332.9599914550781,52692
2026-09-17 14:14:00+00:00,333.1600036621094,333.1600036621094,333.2900085449219,332.9700012207031,332.989990234375,79286
2026-09-17 14:15:00+00:00,333.44000244140625,333.44000244140625,333.5,333.07000732421875,333.1700134277344,74186
2026-09-17 14:16:00+00:00,333.2449951171875,333.2449951171875,333.6499938964844,333.2300109863281,333.42401123046875,99611
2026-09-17 14:17:00+00:00,333.2300109863281,333.2300109863281,333.42999267578125,333.2001037597656,333.2449951171875,53242
2026-09-17 14:18:00+00:00,333.30499267578125,333.30499267578125,333.3800048828125,333.1000061035156,333.2300109863281,96037
2026-09-17 14:19:00+00:00,333.42999267578125,333.42999267578125,333.5299987792969,333.19000244140625,333.30499267578125,52740
2026-09-17 14:20:00+00:00,333.1199951171875,333.1199951171875,333.4700012207031,333.10009765625,333.44989013671875,51093
2026-09-17 14:21:00+00:00,333.25,333.25,333.3464050292969,333.1046142578125,333.1046142578125,35083
2026-09-17 14:22:00+00:00,333.159912109375,333.159912109375,333.30999755859375,333.1400146484375,333.2099914550781,53875
2026-09-17 14:23:00+00:00,333.6000061035156,333.6000061035156,333.6000061035156,333.1129150390625,333.1300048828125,62193
2026-09-17 14:24:00+00:00,333.4649963378906,333.4649963378906,333.6300048828125,333.3999938964844,333.54998779296875,51810
2026-09-17 14:25:00+00:00,333.42999267578125,333.42999267578125,333.6700134277344,333.3702087402344,333.4599914550781,69168
2026-09-17 14:26:00+00:00,333.6600036621094,333.6600036621094,333.8800048828125,333.3699951171875,333.4700012207031,108214
2026-09-17 14:27:00+00:00,333.5450134277344,333.5450134277344,333.68499755859375,333.4599914550781,333.68499755859375,42150
2026-09-17 14:28:00+00:00,333.6700134277344,333.6700134277344,333.8800048828125,333.4700012207031,333.5575866699219,72382
2026-09-17 14:29:00+00:00,333.44500732421875,333.44500732421875,333.7099914550781,333.44500732421875,333.69500732421875,61775
2026-09-17 14:30:00+00:00,333.81500244140625,333.81500244140625,333.8500061035156,333.4100036621094,333.4700012207031,755856
2026-09-17 14:31:00+00:00,333.5249938964844,333.5249938964844,333.8236999511719,333.4599914550781,333.81500244140625,48795
2026-09-17 14:32:00+00:00,333.260009765625,333.260009765625,333.5899963378906,333.2300109863281,333.55999755859375,80490
2026-09-17 14:33:00+00:00,333.0799865722656,333.0799865722656,333.3927917480469,333.010009765625,333.2900085449219,52013
2026-09-17 14:34:00+00:00,333.1300048828125,333.1300048828125,333.1400146484375,333.04998779296875,333.139892578125,46834
2026-09-17 14:35:00+00:00,333.0899963378906,333.0899963378906,333.1299133300781,332.94000244140625,333.1050109863281,47213
2026-09-17 14:36:00+00:00,332.760009765625,332.760009765625,333.2200012207031,332.6000061035156,333.1000061035156,78572
2026-09-17 14:37:00+00:00,332.9800109863281,332.9800109863281,333.0350036621094,332.66290283203125,332.7699890136719,50666
2026-09-17 14:38:00+00:00,332.635009765625,332.635009765625,332.9849853515625,332.5199890136719,332.9599914550781,124825
2026-09-17 14:39:00+00:00,332.6199951171875,332.6199951171875,332.7253112792969,332.5299987792969,332.625,68774
2026-09-17 14:40:00+00:00,332.69000244140625,332.69000244140625,332.7099914550781,332.5700988769531,332.6499938964844,29716
2026-09-17 14:41:00+00:00,332.80499267578125,332.80499267578125,332.8399963378906,332.5000915527344,332.69000244140625,53597
2026-09-17 14:42:00+00:00,332.7250061035156,332.7250061035156,332.8299865722656,332.5671081542969,332.7799987792969,29228
2026-09-17 14:43:00+00:00,332.7699890136719,332.7699890136719,332.8699951171875,332.70001220703125,332.70001220703125,45102
2026-09-17 14:44:00+00:00,332.6499938964844,332.6499938964844,332.8399963378906,332.614990234375,332.7900085449219,48111
2026-09-17 14:45:00+00:00,332.4700012207031,332.4700012207031,332.7484130859375,332.4700012207031,332.67498779296875,30574
2026-09-17 14:46:00+00:00,332.2900085449219,332.2900085449219,332.56500244140625,332.2101135253906,332.4649963378906,44259
2026-09-17 14:47:00+00:00,332.2485046386719,332.2485046386719,332.3599853515625,332.20001220703125,332.2850036621094,34757
2026-09-17 14:48:00+00:00,332.44000244140625,332.44000244140625,332.4800109863281,332.2392883300781,332.2749938964844,44586
2026-09-17 14:49:00+00:00,332.5,332.5,332.55499267578125,332.375,332.44000244140625,31778
2026-09-17 14:50:00+00:00,332.4200134277344,332.4200134277344,332.55999755859375,332.2799987792969,332.54998779296875,80821
2026-09-17 14:51:00+00:00,332.42498779296875,332.42498779296875,332.6199951171875,332.3999938964844,332.4100036621094,42544
2026-09-17 14:52:00+00:00,332.6499938964844,332.6499938964844,332.70001220703125,332.42498779296875,332.44000244140625,57327
2026-09-17 14:53:00+00:00,332.5199890136719,332.5199890136719,332.70001220703125,332.4800109863281,332.6499938964844,48286
2026-09-17 14:54:00+00:00,332.5299987792969,332.5299987792969,332.5799865722656,332.4700012207031,332.5150146484375,26905
2026-09-17 14:55:00+00:00,332.5249938964844,332.5249938964844,332.55999755859375,332.4100036621094,332.510009765625,44444
2026-09-17 14:56:00+00:00,332.7300109863281,332.7300109863281,332.7900085449219,332.4800109863281,332.5199890136719,33626
2026-09-17 14:57:00+00:00,332.8349914550781,332.8349914550781,332.9599914550781,332.6499938964844,332.7349853515625,50190
2026-09-17 14:58:00+00:00,332.6098937988281,332.6098937988281,332.9100036621094,332.5400085449219,332.8384094238281,31349
2026-09-17 14:59:00+00:00,332.7200012207031,332.7200012207031,332.7200012207031,332.54998779296875,332.6000061035156,32407
2026-09-17 15:00:00+00:00,332.8196105957031,332.8196105957031,333.1299133300781,332.7749938964844,332.79998779296875,47910
2026-09-17 15:01:00+00:00,332.66949462890625,332.66949462890625,332.7900085449219,332.6300048828125,332.7699890136719,32484
2026-09-17 15:02:00+00:00,332.8335876464844,332.8335876464844,332.8500061035156,332.6400146484375,332.6400146484375,23808
2026-09-17 15:03:00+00:00,332.80999755859375,332.80999755859375,332.91949462890625,332.739990234375,332.8500061035156,31492
2026-09-17 15:04:00+00:00,332.79998779296875,332.79998779296875,332.9100036621094,332.7789001464844,332.82501220703125,29335
2026-09-17 15:05:00+00:00,332.5899963378906,332.5899963378906,332.8699951171875,332.56500244140625,332.79010009765625,47641
2026-09-17 15:06:00+00:00,332.71051025390625,332.71051025390625,332.760009765625,332.54998779296875,332.5791015625,36072
2026-09-17 15:07:00+00:00,332.67999267578125,332.67999267578125,332.760009765625,332.55499267578125,332.7099914550781,24366
2026-09-17 15:08:00+00:00,332.44500732421875,332.44500732421875,332.69000244140625,332.1600036621094,332.67999267578125,79543
2026-09-17 15:09:00+00:00,332.30999755859375,332.30999755859375,332.5050048828125,332.2099914550781,332.44000244140625,26930
2026-09-17 15:10:00+00:00,332.2099914550781,332.2099914550781,332.3599853515625,332.1099853515625,332.34991455078125,40733
2026-09-17 15:11:00+00:00,332.32000732421875,332.32000732421875,332.3599853515625,332.2099914550781,332.2099914550781,30030
2026-09-17 15:12:00+00:00,332.07000732421875,332.07000732421875,332.29998779296875,332.0199890136719,332.29998779296875,34707
2026-09-17 15:13:00+00:00,332.2099914550781,332.2099914550781,332.25,332.07000732421875,332.07000732421875,32994
2026-09-17 15:14:00+00:00,332.05499267578125,332.05499267578125,332.29998779296875,332.05499267578125,332.2300109863281,26235
2026-09-17 15:15:00+00:00,332.1449890136719,332.1449890136719,332.19000244140625,332.010009765625,332.0400085449219,26399
2026-09-17 15:16:00+00:00,332.30999755859375,332.30999755859375,332.30999755859375,332.1499938964844,332.19000244140625,29469
2026-09-17 15:17:00+00:00,332.3599853515625,332.3599853515625,332.3800048828125,332.1700134277344,332.3179931640625,28232
2026-09-17 15:18:00+00:00,332.3599853515625,332.3599853515625,332.3599853515625,332.2349853515625,332.3299865722656,30906
2026-09-17 15:19:00+00:00,332.4599914550781,332.4599914550781,332.489990234375,332.2799987792969,332.3399963378906,35351
2026-09-17 15:20:00+00:00,332.5450134277344,332.5450134277344,332.60321044921875,332.3949890136719,332.44500732421875,43005
2026-09-17 15:21:00+00:00,332.5199890136719,332.5199890136719,332.6600036621094,332.45770263671875,332.55999755859375,30643
2026-09-17 15:22:00+00:00,332.65899658203125,332.65899658203125,332.6600036621094,332.4309997558594,332.52508544921875,26210
2026-09-17 15:23:00+00:00,332.7149963378906,332.7149963378906,332.75,332.55010986328125,332.6700134277344,51864
2026-09-17 15:24:00+00:00,332.67498779296875,332.67498779296875,332.7699890136719,332.5799865722656,332.7239990234375,53209
2026-09-17 15:25:00+00:00,332.95001220703125,332.95001220703125,333.0799865722656,332.6600036621094,332.69000244140625,56178
2026-09-17 15:26:00+00:00,332.9599914550781,332.9599914550781,333.0,332.8819885253906,332.94500732421875,31390
2026-09-17 15:27:00+00:00,333.010009765625,333.010009765625,333.1499938964844,332.8999938964844,332.989990234375,41066
2026-09-17 15:28:00+00:00,332.95001220703125,332.95001220703125,333.1000061035156,332.8699951171875,333.0199890136719,42533
2026-09-17 15:29:00+00:00,333.1400146484375,333.1400146484375,333.19000244140625,332.9800109863281,332.9800109863281,40276
2026-09-17 15:30:00+00:00,332.875,332.875,333.1400146484375,332.8699951171875,333.1300048828125,46532
2026-09-17 15:31:00+00:00,333.0325012207031,333.0325012207031,333.0325012207031,332.875,332.8900146484375,23421
2026-09-17 15:32:00+00:00,333.1099853515625,333.1099853515625,333.2699890136719,333.0,333.0150146484375,42418
2026-09-17 15:33:00+00:00,333.0,333.0,333.1499938964844,332.9700927734375,333.114990234375,55773
2026-09-17 15:34:00+00:00,333.2799072265625,333.2799072265625,333.2850036621094,332.9849853515625,332.989990234375,31506
2026-09-17 15:35:00+00:00,333.1929016113281,333.1929016113281,333.29998779296875,333.1449890136719,333.2900085449219,43255
2026-09-17 15:36:00+00:00,333.25,333.25,333.33990478515625,333.1099853515625,333.1499938964844,54808
2026-09-17 15:37:00+00:00,333.32000732421875,333.32000732421875,333.4800109863281,333.18499755859375,333.2699890136719,60452
2026-09-17 15:38:00+00:00,333.4849853515625,333.4849853515625,333.6199951171875,333.260009765625,333.2799987792969,49492
2026-09-17 15:39:00+00:00,333.5,333.5,333.6199951171875,333.3800048828125,333.5050048828125,51031
2026-09-17 15:40:00+00:00,333.43499755859375,333.43499755859375,333.55999755859375,333.3900146484375,333.5198974609375,31738
2026-09-17 15:41:00+00:00,333.3399963378906,333.3399963378906,333.4100036621094,333.25,333.3999938964844,55271
2026-09-17 15:42:00+00:00,333.69000244140625,333.69000244140625,333.70001220703125,333.3349914550781,333.33990478515625,47942
2026-09-17 15:43:00+00:00,333.5450134277344,333.5450134277344,333.75,333.5,333.7049865722656,34596
2026-09-17 15:44:00+00:00,333.4800109863281,333.4800109863281,333.5899963378906,333.42010498046875,333.54998779296875,28214
2026-09-17 15:45:00+00:00,333.70001220703125,333.70001220703125,333.7699890136719,333.44000244140625,333.5050048828125,31475
2026-09-17 15:46:00+00:00,334.010009765625,334.010009765625,334.010009765625,333.69000244140625,333.7051086425781,113581
2026-09-17 15:47:00+00:00,333.9700012207031,333.9700012207031,334.05999755859375,333.9100036621094,334.0299072265625,30630
2026-09-17 15:48:00+00:00,334.06500244140625,334.06500244140625,334.1199951171875,333.989990234375,333.989990234375,47700
2026-09-17 15:49:00+00:00,334.13250732421875,334.13250732421875,334.20001220703125,333.9800109863281,334.05999755859375,50807
2026-09-17 15:50:00+00:00,334.2550048828125,334.2550048828125,334.260009765625,334.0799865722656,334.16009521484375,42132
2026-09-17 15:51:00+00:00,334.4601135253906,334.4601135253906,334.4800109863281,334.2699890136719,334.2799072265625,99426
2026-09-17 15:52:00+00:00,334.3999938964844,334.3999938964844,334.4798889160156,334.239990234375,334.4599914550781,75145
2026-09-17 15:53:00+00:00,334.385009765625,334.385009765625,334.4599914550781,334.2699890136719,334.44000244140625,54653
2026-09-17 15:54:00+00:00,334.82000732421875,334.82000732421875,334.9200134277344,334.4049987792969,334.4049987792969,134702
2026-09-17 15:55:00+00:00,334.739990234375,334.739990234375,334.8999938964844,334.6300048828125,334.8323059082031,86238
2026-09-17 15:56:00+00:00,334.5199890136719,334.5199890136719,334.760009765625,334.5199890136719,334.739990234375,54010
2026-09-17 15:57:00+00:00,334.5299987792969,334.5299987792969,334.6451110839844,334.44500732421875,334.54998779296875,44281
2026-09-17 15:58:00+00:00,334.7699890136719,334.7699890136719,334.8699951171875,334.4599914550781,334.5400085449219,41408
2026-09-17 15:59:00+00:00,334.8900146484375,334.8900146484375,334.9100036621094,334.7301025390625,334.760009765625,61613
2026-09-17 16:00:00+00:00,335.2300109863281,335.2300109863281,335.2300109863281,334.8399963378906,334.8999938964844,199308
2026-09-17 16:01:00+00:00,335.489990234375,335.489990234375,335.70001220703125,335.1400146484375,335.239990234375,189783
2026-09-17 16:02:00+00:00,335.19500732421875,335.19500732421875,335.489990234375,335.17999267578125,335.45001220703125,99629
2026-09-17 16:03:00+00:00,335.6600036621094,335.6600036621094,335.6600036621094,335.17999267578125,335.2090148925781,83755
2026-09-17 16:04:00+00:00,335.6199951171875,335.6199951171875,335.75,335.5,335.6549987792969,85078
2026-09-17 16:05:00+00:00,335.5150146484375,335.5150146484375,335.70001220703125,335.4400939941406,335.6365051269531,76299
2026-09-17 16:06:00+00:00,335.42999267578125,335.42999267578125,335.57000732421875,335.3800048828125,335.5150146484375,58498
2026-09-17 16:07:00+00:00,335.5,335.5,335.5299987792969,335.3800048828125,335.4396057128906,54490
2026-09-17 16:08:00+00:00,335.6400146484375,335.6400146484375,335.6700134277344,335.3900146484375,335.510009765625,60303
2026-09-17 16:09:00+00:00,335.6099853515625,335.6099853515625,335.7200012207031,335.6000061035156,335.6462097167969,55940
2026-09-17 16:10:00+00:00,335.6499938964844,335.6499938964844,335.75,335.5885009765625,335.6199951171875,49656
2026-09-17 16:11:00+00:00,335.6499938964844,335.6499938964844,335.7799987792969,335.6099853515625,335.6400146484375,51267
2026-09-17 16:12:00+00:00,335.614990234375,335.614990234375,335.7099914550781,335.5199890136719,335.6300048828125,33029
2026-09-17 16:13:00+00:00,335.6700134277344,335.6700134277344,335.697998046875,335.5,335.6199951171875,36004
2026-09-17 16:14:00+00:00,335.7799987792969,335.7799987792969,335.7900085449219,335.6499938964844,335.6700134277344,45258
2026-09-17 16:15:00+00:00,335.864990234375,335.864990234375,335.8699035644531,335.54998779296875,335.7749938964844,61115
2026-09-17 16:16:00+00:00,335.739990234375,335.739990234375,335.9200134277344,335.7099914550781,335.8500061035156,69322
2026-09-17 16:17:00+00:00,335.8399963378906,335.8399963378906,335.8500061035156,335.6499938964844,335.7349853515625,39584
2026-09-17 16:18:00+00:00,335.6650085449219,335.6650085449219,335.92999267578125,335.6199951171875,335.8399963378906,50377
2026-09-17 16:19:00+00:00,335.8349914550781,335.8349914550781,335.875,335.6499938964844,335.6650085449219,52442
2026-09-17 16:20:00+00:00,335.82000732421875,335.82000732421875,335.9599914550781,335.7401123046875,335.8349914550781,63662
2026-09-17 16:21:00+00:00,335.82000732421875,335.82000732421875,335.92999267578125,335.79998779296875,335.8299865722656,27770
2026-09-17 16:22:00+00:00,335.9750061035156,335.9750061035156,336.125,335.82000732421875,335.8299865722656,139153
2026-09-17 16:23:00+00:00,336.19000244140625,336.19000244140625,336.239990234375,335.9800109863281,335.9800109863281,88222
2026-09-17 16:24:00+00:00,336.1000061035156,336.1000061035156,336.30999755859375,336.0799865722656,336.19500732421875,56712
2026-09-17 16:25:00+00:00,336.30999755859375,336.30999755859375,336.375,336.0849914550781,336.0849914550781,78975
2026-09-17 16:26:00+00:00,336.1300964355469,336.1300964355469,336.3999938964844,336.1300964355469,336.29998779296875,98347
2026-09-17 16:27:00+00:00,336.260009765625,336.260009765625,336.2900085449219,336.1099853515625,336.1449890136719,38923
2026-09-17 16:28:00+00:00,336.0158996582031,336.0158996582031,336.29998779296875,336.0158996582031,336.2799987792969,55066
2026-09-17 16:29:00+00:00,336.0899963378906,336.0899963378906,336.1300048828125,335.91009521484375,336.010009765625,54072
2026-09-17 16:30:00+00:00,336.1050109863281,336.1050109863281,336.1400146484375,335.9100036621094,336.0299987792969,40180
2026-09-17 16:31:00+00:00,336.0400085449219,336.0400085449219,336.20001220703125,336.0199890136719,336.1050109863281,40384
2026-09-17 16:32:00+00:00,335.8341979980469,335.8341979980469,336.0299987792969,335.80010986328125,336.0122985839844,50827
2026-09-17 16:33:00+00:00,335.7200012207031,335.7200012207031,335.8599853515625,335.7200012207031,335.8500061035156,45650
2026-09-17 16:34:00+00:00,335.8500061035156,335.8500061035156,335.8927001953125,335.70001220703125,335.739990234375,64242
2026-09-17 16:35:00+00:00,335.8280029296875,335.8280029296875,335.9599914550781,335.80731201171875,335.8599853515625,34398
2026-09-17 16:36:00+00:00,335.67999267578125,335.67999267578125,335.8599853515625,335.67999267578125,335.8399963378906,28119
2026-09-17 16:37:00+00:00,335.7850036621094,335.7850036621094,335.79669189453125,335.66009521484375,335.69000244140625,30973
2026-09-17 16:38:00+00:00,335.8800048828125,335.8800048828125,335.8800048828125,335.6795959472656,335.7699890136719,16734
2026-09-17 16:39:00+00:00,335.7449951171875,335.7449951171875,335.90521240234375,335.67999267578125,335.8900146484375,25367
2026-09-17 16:40:00+00:00,335.739990234375,335.739990234375,335.7900085449219,335.70001220703125,335.7200012207031,24344
2026-09-17 16:41:00+00:00,335.7200012207031,335.7200012207031,335.79998779296875,335.6600036621094,335.7149963378906,32429
2026-09-17 16:42:00+00:00,335.80999755859375,335.80999755859375,335.80999755859375,335.6700134277344,335.7161865234375,26156
2026-09-17 16:43:00+00:00,335.78009033203125,335.78009033203125,335.8900146484375,335.760009765625,335.8135986328125,27463
2026-09-17 16:44:00+00:00,335.8500061035156,335.8500061035156,335.8699951171875,335.760009765625,335.79998779296875,25200
2026-09-17 16:45:00+00:00,335.8299865722656,335.8299865722656,335.92999267578125,335.7900085449219,335.875,24520
2026-09-17 16:46:00+00:00,335.70001220703125,335.70001220703125,335.8599853515625,335.69000244140625,335.840087890625,39989
2026-09-17 16:47:00+00:00,335.5799865722656,335.5799865722656,335.7300109863281,335.5799865722656,335.7099914550781,35726
2026-09-17 16:48:00+00:00,335.3900146484375,335.3900146484375,335.635009765625,335.3599853515625,335.573486328125,51673
2026-09-17 16:49:00+00:00,335.44000244140625,335.44000244140625,335.4549865722656,335.260009765625,335.3999938964844,33179
2026-09-17 16:50:00+00:00,335.54998779296875,335.54998779296875,335.57000732421875,335.4330139160156,335.44000244140625,32330
2026-09-17 16:51:00+00:00,335.5700988769531,335.5700988769531,335.6549987792969,335.5299987792969,335.5400085449219,25432
2026-09-17 16:52:00+00:00,335.5692138671875,335.5692138671875,335.5899963378906,335.5,335.56500244140625,17249
2026-09-17 16:53:00+00:00,335.510009765625,335.510009765625,335.6700134277344,335.4302978515625,335.57989501953125,31303
2026-09-17 16:54:00+00:00,335.6300048828125,335.6300048828125,335.6700134277344,335.45001220703125,335.5,46942
2026-09-17 16:55:00+00:00,335.5249938964844,335.5249938964844,335.69000244140625,335.3500061035156,335.6199951171875,65267
2026-09-17 16:56:00+00:00,335.6300048828125,335.6300048828125,335.6700134277344,335.4800109863281,335.5221862792969,20289
2026-09-17 16:57:00+00:00,335.6549987792969,335.6549987792969,335.70001220703125,335.42010498046875,335.6400146484375,31475
2026-09-17 16:58:00+00:00,335.8299865722656,335.8299865722656,335.8900146484375,335.67999267578125,335.67999267578125,36365
2026-09-17 16:59:00+00:00,336.1099853515625,336.1099853515625,336.1199951171875,335.8299865722656,335.8450012207031,70920
2026-09-17 17:00:00+00:00,336.2749938964844,336.2749938964844,336.29998779296875,336.0201110839844,336.1000061035156,61479
2026-09-17 17:01:00+00:00,336.2200012207031,336.2200012207031,336.30999755859375,336.1499938964844,336.2900085449219,77437
2026-09-17 17:02:00+00:00,336.1698913574219,336.1698913574219,336.2900085449219,336.1000061035156,336.2349853515625,58638
2026-09-17 17:03:00+00:00,336.2301025390625,336.2301025390625,336.25,336.1199951171875,336.1499938964844,27001
2026-09-17 17:04:00+00:00,336.3799133300781,336.3799133300781,336.4700012207031,336.24029541015625,336.2699890136719,63973
2026-09-17 17:05:00+00:00,336.2900085449219,336.2900085449219,336.3900146484375,336.239990234375,336.3599853515625,33007
2026-09-17 17:06:00+00:00,336.32000732421875,336.32000732421875,336.4700012207031,336.2001037597656,336.2749938964844,45130
2026-09-17 17:07:00+00:00,336.2200012207031,336.2200012207031,336.3399963378906,336.1400146484375,336.32830810546875,38218
2026-09-17 17:08:00+00:00,335.82000732421875,335.82000732421875,336.2300109863281,335.81439208984375,336.2250061035156,40176
2026-09-17 17:09:00+00:00,335.67999267578125,335.67999267578125,335.82000732421875,335.64959716796875,335.8100891113281,40815
2026-09-17 17:10:00+00:00,335.7950134277344,335.7950134277344,335.7950134277344,335.6099853515625,335.6817932128906,33751
2026-09-17 17:11:00+00:00,335.70001220703125,335.70001220703125,335.7900085449219,335.6499938964844,335.78448486328125,20723
2026-09-17 17:12:00+00:00,335.5899963378906,335.5899963378906,335.739990234375,335.5600891113281,335.69000244140625,29553
2026-09-17 17:13:00+00:00,335.5249938964844,335.5249938964844,335.6098937988281,335.5199890136719,335.5849914550781,28548
2026-09-17 17:14:00+00:00,335.53729248046875,335.53729248046875,335.67999267578125,335.45001220703125,335.5400085449219,25699
2026-09-17 17:15:00+00:00,335.80999755859375,335.80999755859375,335.8699951171875,335.5299987792969,335.54998779296875,31419
2026-09-17 17:16:00+00:00,335.6600036621094,335.6600036621094,335.80999755859375,335.6400146484375,335.80999755859375,25016
2026-09-17 17:17:00+00:00,335.7900085449219,335.7900085449219,335.8299865722656,335.54998779296875,335.67498779296875,48997
2026-09-17 17:18:00+00:00,335.6000061035156,335.6000061035156,335.81500244140625,335.6000061035156,335.7900085449219,19587
2026-09-17 17:19:00+00:00,335.7699890136719,335.7699890136719,335.80999755859375,335.5899963378906,335.6000061035156,27422
2026-09-17 17:20:00+00:00,335.7049865722656,335.7049865722656,335.82000732421875,335.70001220703125,335.7900085449219,21579
2026-09-17 17:21:00+00:00,335.45001220703125,335.45001220703125,335.7300109863281,335.4100036621094,335.7049865722656,24725
2026-09-17 17:22:00+00:00,335.5,335.5,335.55999755859375,335.44000244140625,335.489990234375,21763
2026-09-17 17:23:00+00:00,335.5,335.5,335.56500244140625,335.42999267578125,335.5400085449219,19365
2026-09-17 17:24:00+00:00,335.3949890136719,335.3949890136719,335.5400085449219,335.3609924316406,335.4722900390625,16760
2026-09-17 17:25:00+00:00,335.3399963378906,335.3399963378906,335.4100036621094,335.2799987792969,335.3949890136719,28842
2026-09-17 17:26:00+00:00,335.4200134277344,335.4200134277344,335.44000244140625,335.3434143066406,335.3699951171875,13889
2026-09-17 17:27:00+00:00,335.4800109863281,335.4800109863281,335.4999084472656,335.40008544921875,335.4200134277344,29851
2026-09-17 17:28:00+00:00,335.42999267578125,335.42999267578125,335.5,335.3999938964844,335.489990234375,21324
2026-09-17 17:29:00+00:00,335.45001220703125,335.45001220703125,335.4599914550781,335.3999938964844,335.42999267578125,22835
2026-09-17 17:30:00+00:00,335.5,335.5,335.5199890136719,335.3999938964844,335.44000244140625,41834
2026-09-17 17:31:00+00:00,335.510009765625,335.510009765625,335.54998779296875,335.4599914550781,335.489990234375,24576
2026-09-17 17:32:00+00:00,335.6499938964844,335.6499938964844,335.6600036621094,335.4700012207031,335.5299987792969,28920
2026-09-17 17:33:00+00:00,335.6400146484375,335.6400146484375,335.70001220703125,335.6099853515625,335.6499938964844,31076
2026-09-17 17:34:00+00:00,335.75,335.75,335.75,335.6400146484375,335.6449890136719,25946
2026-09-17 17:35:00+00:00,335.7699890136719,335.7699890136719,335.80999755859375,335.7300109863281,335.75,38247
2026-09-17 17:36:00+00:00,335.64788818359375,335.64788818359375,335.7749938964844,335.5799865722656,335.7633056640625,25681
2026-09-17 17:37:00+00:00,335.635009765625,335.635009765625,335.7099914550781,335.6200866699219,335.6449890136719,19089
2026-09-17 17:38:00+00:00,335.7099914550781,335.7099914550781,335.760009765625,335.6499938964844,335.6499938964844,27304
2026-09-17 17:39:00+00:00,335.8500061035156,335.8500061035156,335.8900146484375,335.6499938964844,335.7049865722656,34437
2026-09-17 17:40:00+00:00,335.7699890136719,335.7699890136719,335.95001220703125,335.7699890136719,335.8599853515625,22820
2026-09-17 17:41:00+00:00,335.8500061035156,335.8500061035156,335.8599853515625,335.7699890136719,335.7900085449219,23843
2026-09-17 17:42:00+00:00,335.7200012207031,335.7200012207031,335.875,335.67999267578125,335.8550109863281,26508
2026-09-17 17:43:00+00:00,335.7300109863281,335.7300109863281,335.739990234375,335.67498779296875,335.69500732421875,18278
2026-09-17 17:44:00+00:00,335.864990234375,335.864990234375,335.864990234375,335.7099914550781,335.7298889160156,18151
2026-09-17 17:45:00+00:00,335.92999267578125,335.92999267578125,335.9700012207031,335.8399963378906,335.8699951171875,23943
2026-09-17 17:46:00+00:00,336.135009765625,336.135009765625,336.1499938964844,335.93011474609375,335.94000244140625,54183
2026-09-17 17:47:00+00:00,336.1499938964844,336.1499938964844,336.17498779296875,336.1099853515625,336.135009765625,26382
2026-09-17 17:48:00+00:00,336.0899963378906,336.0899963378906,336.19000244140625,336.0700988769531,336.1600036621094,48122
2026-09-17 17:49:00+00:00,336.0799865722656,336.0799865722656,336.1400146484375,336.06988525390625,336.0799865722656,22533
2026-09-17 17:50:00+00:00,335.9800109863281,335.9800109863281,336.0799865722656,335.9200134277344,336.07000732421875,41053
2026-09-17 17:51:00+00:00,335.9549865722656,335.9549865722656,336.010009765625,335.92498779296875,335.9849853515625,28490
2026-09-17 17:52:00+00:00,335.8699951171875,335.8699951171875,335.9599914550781,335.8599853515625,335.95001220703125,28569
2026-09-17 17:53:00+00:00,335.8500061035156,335.8500061035156,335.864990234375,335.7950134277344,335.864990234375,19616
2026-09-17 17:54:00+00:00,335.80999755859375,335.80999755859375,335.8800048828125,335.7200927734375,335.875,36558
2026-09-17 17:55:00+00:00,335.9200134277344,335.9200134277344,335.9200134277344,335.7850036621094,335.80999755859375,25063
2026-09-17 17:56:00+00:00,335.9480895996094,335.9480895996094,336.010009765625,335.8550109863281,335.8949890136719,40995
2026-09-17 17:57:00+00:00,335.9110107421875,335.9110107421875,336.0249938964844,335.90350341796875,335.94000244140625,24930
2026-09-17 17:58:00+00:00,335.8699951171875,335.8699951171875,335.94000244140625,335.8599853515625,335.9100036621094,25448
2026-09-17 17:59:00+00:00,335.93011474609375,335.93011474609375,335.96600341796875,335.760009765625,335.8900146484375,76619
2026-09-17 18:00:00+00:00,336.0,336.0,336.03009033203125,335.90008544921875,335.95001220703125,34362
2026-09-17 18:01:00+00:00,335.8500061035156,335.8500061035156,336.05499267578125,335.8500061035156,336.0199890136719,34495
2026-09-17 18:02:00+00:00,335.9049987792969,335.9049987792969,335.9200134277344,335.8299865722656,335.85369873046875,22803
2026-09-17 18:03:00+00:00,335.9700012207031,335.9700012207031,335.9800109863281,335.8700866699219,335.8999938964844,21385
2026-09-17 18:04:00+00:00,336.05499267578125,336.05499267578125,336.09320068359375,335.9599914550781,335.9599914550781,23242
2026-09-17 18:05:00+00:00,335.92999267578125,335.92999267578125,336.05999755859375,335.92999267578125,336.05999755859375,23316
2026-09-17 18:06:00+00:00,335.7799987792969,335.7799987792969,335.989990234375,335.7200012207031,335.94000244140625,33876
2026-09-17 18:07:00+00:00,335.7950134277344,335.7950134277344,335.8699951171875,335.760009765625,335.7799987792969,42162
2026-09-17 18:08:00+00:00,335.70001220703125,335.70001220703125,335.82000732421875,335.6730041503906,335.783203125,26783
2026-09-17 18:09:00+00:00,335.7049865722656,335.7049865722656,335.75,335.6650085449219,335.68121337890625,22506
2026-09-17 18:10:00+00:00,335.80999755859375,335.80999755859375,335.80999755859375,335.6600036621094,335.67498779296875,24604
2026-09-17 18:11:00+00:00,335.69000244140625,335.69000244140625,335.80999755859375,335.6600036621094,335.80999755859375,26553
2026-09-17 18:12:00+00:00,335.7149963378906,335.7149963378906,335.7799987792969,335.68499755859375,335.68499755859375,20647
2026-09-17 18:13:00+00:00,335.69500732421875,335.69500732421875,335.78900146484375,335.67010498046875,335.739990234375,26118
2026-09-17 18:14:00+00:00,335.7900085449219,335.7900085449219,335.8500061035156,335.739990234375,335.75,25011
2026-09-17 18:15:00+00:00,335.8399963378906,335.8399963378906,335.8500061035156,335.7900085449219,335.7950134277344,19804
2026-09-17 18:16:00+00:00,335.7149963378906,335.7149963378906,335.8900146484375,335.7099914550781,335.8500061035156,32219
2026-09-17 18:17:00+00:00,335.5400085449219,335.5400085449219,335.7200012207031,335.5400085449219,335.7149963378906,21599
2026-09-17 18:18:00+00:00,335.57000732421875,335.57000732421875,335.5899963378906,335.4700927734375,335.5400085449219,24826
2026-09-17 18:19:00+00:00,335.63250732421875,335.63250732421875,335.6400146484375,335.5,335.57501220703125,24856
2026-09-17 18:20:00+00:00,335.55999755859375,335.55999755859375,335.6549987792969,335.54998779296875,335.6400146484375,17748
2026-09-17 18:21:00+00:00,335.55999755859375,335.55999755859375,335.6199951171875,335.489990234375,335.55999755859375,19733
2026-09-17 18:22:00+00:00,335.5350036621094,335.5350036621094,335.57000732421875,335.4700012207031,335.55999755859375,44714
2026-09-17 18:23:00+00:00,335.55010986328125,335.55010986328125,335.5899963378906,335.510009765625,335.5450134277344,16068
2026-09-17 18:24:00+00:00,335.4800109863281,335.4800109863281,335.5899963378906,335.4599914550781,335.55999755859375,23875
2026-09-17 18:25:00+00:00,335.55999755859375,335.55999755859375,335.5799865722656,335.489990234375,335.5,19223
2026-09-17 18:26:00+00:00,335.6400146484375,335.6400146484375,335.6499938964844,335.53009033203125,335.56500244140625,18310
2026-09-17 18:27:00+00:00,335.7900085449219,335.7900085449219,335.8479919433594,335.6499938964844,335.6499938964844,30399
2026-09-17 18:28:00+00:00,335.8699951171875,335.8699951171875,335.8716125488281,335.7699890136719,335.7799987792969,21877
2026-09-17 18:29:00+00:00,335.7998962402344,335.7998962402344,335.8800048828125,335.760009765625,335.8699951171875,23529
2026-09-17 18:30:00+00:00,335.8900146484375,335.8900146484375,335.92999267578125,335.7850036621094,335.79998779296875,26412
2026-09-17 18:31:00+00:00,335.7900085449219,335.7900085449219,336.06500244140625,335.77630615234375,335.8900146484375,50930
2026-09-17 18:32:00+00:00,335.7799987792969,335.7799987792969,335.885009765625,335.77288818359375,335.7900085449219,32139
2026-09-17 18:33:00+00:00,335.9200134277344,335.9200134277344,335.9200134277344,335.7699890136719,335.7900085449219,20579
2026-09-17 18:34:00+00:00,335.7900085449219,335.7900085449219,335.9100036621094,335.7200927734375,335.9049987792969,27051
2026-09-17 18:35:00+00:00,335.8299865722656,335.8299865722656,335.8800048828125,335.7699890136719,335.7792053222656,18354
2026-09-17 18:36:00+00:00,335.70001220703125,335.70001220703125,335.8599853515625,335.68011474609375,335.8399963378906,25315
2026-09-17 18:37:00+00:00,335.739990234375,335.739990234375,335.7749938964844,335.6499938964844,335.7200012207031,19747
2026-09-17 18:38:00+00:00,335.82501220703125,335.82501220703125,335.8399963378906,335.7019958496094,335.739990234375,18726
2026-09-17 18:39:00+00:00,335.760009765625,335.760009765625,335.8500061035156,335.739990234375,335.8193054199219,27602
2026-09-17 18:40:00+00:00,335.8399963378906,335.8399963378906,335.8599853515625,335.7200012207031,335.7850036621094,27239
2026-09-17 18:41:00+00:00,335.8900146484375,335.8900146484375,335.8900146484375,335.7900085449219,335.8299865722656,39826
2026-09-17 18:42:00+00:00,336.01739501953125,336.01739501953125,336.0849914550781,335.8399963378906,335.8999938964844,121848
2026-09-17 18:43:00+00:00,336.20721435546875,336.20721435546875,336.239990234375,336.0176086425781,336.0400085449219,76379
2026-09-17 18:44:00+00:00,336.29998779296875,336.29998779296875,336.39990234375,336.1983947753906,336.2099914550781,88603
2026-09-17 18:45:00+00:00,336.20001220703125,336.20001220703125,336.3197937011719,336.1199951171875,336.30999755859375,36295
2026-09-17 18:46:00+00:00,336.19000244140625,336.19000244140625,336.2099914550781,336.05999755859375,336.20001220703125,32074
2026-09-17 18:47:00+00:00,336.1499938964844,336.1499938964844,336.20001220703125,336.07000732421875,336.19000244140625,44867
2026-09-17 18:48:00+00:00,336.2300109863281,336.2300109863281,336.25,336.1499938964844,336.1711120605469,32774
2026-09-17 18:49:00+00:00,336.2149963378906,336.2149963378906,336.29998779296875,336.1600036621094,336.2300109863281,27700
2026-09-17 18:50:00+00:00,336.2799987792969,336.2799987792969,336.2900085449219,336.19000244140625,336.2149963378906,28562
2026-09-17 18:51:00+00:00,336.3299865722656,336.3299865722656,336.3500061035156,336.25,336.281005859375,26587
2026-09-17 18:52:00+00:00,336.2300109863281,336.2300109863281,336.4049987792969,336.1820983886719,336.3399963378906,65301
2026-09-17 18:53:00+00:00,336.1499938964844,336.1499938964844,336.2699890136719,336.1400146484375,336.2099914550781,43634
2026-09-17 18:54:00+00:00,336.1698913574219,336.1698913574219,336.2200012207031,336.1199951171875,336.1600036621094,36069
2026-09-17 18:55:00+00:00,336.1700134277344,336.1700134277344,336.20001220703125,336.1000061035156,336.1499938964844,28098
2026-09-17 18:56:00+00:00,336.1600036621094,336.1600036621094,336.19000244140625,336.1200866699219,336.1698913574219,20449
2026-09-17 18:57:00+00:00,336.2099914550781,336.2099914550781,336.239990234375,336.1600036621094,336.1600036621094,27665
2026-09-17 18:58:00+00:00,336.1347961425781,336.1347961425781,336.2099914550781,336.1199951171875,336.20001220703125,32358
2026-09-17 18:59:00+00:00,336.23309326171875,336.23309326171875,336.2698974609375,336.1300048828125,336.1549987792969,24523
2026-09-17 19:00:00+00:00,336.4898986816406,336.4898986816406,336.5,336.239990234375,336.25,70984
2026-09-17 19:01:00+00:00,336.42999267578125,336.42999267578125,336.55999755859375,336.3500061035156,336.4700012207031,72737
2026-09-17 19:02:00+00:00,336.5849914550781,336.5849914550781,336.5899963378906,336.41009521484375,336.4200134277344,45377
2026-09-17 19:03:00+00:00,336.64788818359375,336.64788818359375,336.67999267578125,336.5801086425781,336.5899963378906,68778
2026-09-17 19:04:00+00:00,336.8349914550781,336.8349914550781,336.8699951171875,336.6449890136719,336.6449890136719,96585
2026-09-17 19:05:00+00:00,336.9825134277344,336.9825134277344,337.0,336.79998779296875,336.8349914550781,111114
2026-09-17 19:06:00+00:00,337.0450134277344,337.0450134277344,337.1400146484375,336.9200134277344,336.9800109863281,141846
2026-09-17 19:07:00+00:00,337.010009765625,337.010009765625,337.04998779296875,336.8900146484375,337.0450134277344,565887
2026-09-17 19:08:00+00:00,336.9800109863281,336.9800109863281,337.1000061035156,336.9501037597656,337.0299072265625,53772
2026-09-17 19:09:00+00:00,337.0,337.0,337.0,336.82501220703125,336.9750061035156,68248
2026-09-17 19:10:00+00:00,337.0799865722656,337.0799865722656,337.1141052246094,336.9501037597656,337.010009765625,92839
2026-09-17 19:11:00+00:00,337.06500244140625,337.06500244140625,337.114990234375,337.0450134277344,337.0799865722656,60684
2026-09-17 19:12:00+00:00,337.2900085449219,337.2900085449219,337.32000732421875,337.0299987792969,337.07000732421875,82019
2026-09-17 19:13:00+00:00,337.4501037597656,337.4501037597656,337.4700012207031,337.20001220703125,337.2900085449219,105807
2026-09-17 19:14:00+00:00,337.260009765625,337.260009765625,337.4700012207031,337.2200012207031,337.4649963378906,95925
2026-09-17 19:15:00+00:00,337.17999267578125,337.17999267578125,337.30999755859375,337.1600036621094,337.25,52594
2026-09-17 19:16:00+00:00,337.05999755859375,337.05999755859375,337.25,336.9612121582031,337.19000244140625,75719
2026-09-17 19:17:00+00:00,337.0350036621094,337.0350036621094,337.0849914550781,336.989990234375,337.05499267578125,37485
2026-09-17 19:18:00+00:00,337.2213134765625,337.2213134765625,337.29779052734375,337.04998779296875,337.04998779296875,60678
2026-09-17 19:19:00+00:00,337.20001220703125,337.20001220703125,337.2900085449219,337.1400146484375,337.2200012207031,79323
2026-09-17 19:20:00+00:00,337.0450134277344,337.0450134277344,337.25,337.0400085449219,337.2149963378906,45654
2026-09-17 19:21:00+00:00,337.0199890136719,337.0199890136719,337.1199951171875,337.010009765625,337.05499267578125,45778
2026-09-17 19:22:00+00:00,337.0249938964844,337.0249938964844,337.0899963378906,336.92999267578125,337.0299987792969,51693
2026-09-17 19:23:00+00:00,337.0299987792969,337.0299987792969,337.05999755859375,336.9750061035156,337.0299987792969,35543
2026-09-17 19:24:00+00:00,336.95001220703125,336.95001220703125,337.1300048828125,336.910400390625,337.03509521484375,57699
2026-09-17 19:25:00+00:00,337.010009765625,337.010009765625,337.0400085449219,336.9200134277344,336.94781494140625,57366
2026-09-17 19:26:00+00:00,336.8500061035156,336.8500061035156,337.0299987792969,336.7699890136719,336.9800109863281,104825
2026-09-17 19:27:00+00:00,336.95001220703125,336.95001220703125,337.010009765625,336.79998779296875,336.8699951171875,43689
2026-09-17 19:28:00+00:00,337.13031005859375,337.13031005859375,337.2200012207031,336.92999267578125,336.9549865722656,60398
2026-09-17 19:29:00+00:00,337.0050048828125,337.0050048828125,337.139892578125,336.9919128417969,337.1300048828125,56789
2026-09-17 19:30:00+00:00,337.3900146484375,337.3900146484375,337.3999938964844,336.9750061035156,337.0050048828125,83466
2026-09-17 19:31:00+00:00,337.20989990234375,337.20989990234375,337.4200134277344,337.1199951171875,337.3905029296875,91196
2026-09-17 19:32:00+00:00,337.32000732421875,337.32000732421875,337.3299865722656,337.19500732421875,337.2049865722656,48659
2026-09-17 19:33:00+00:00,337.20001220703125,337.20001220703125,337.3599853515625,337.20001220703125,337.3299865722656,88509
2026-09-17 19:34:00+00:00,337.2900085449219,337.2900085449219,337.2900085449219,337.04998779296875,337.20001220703125,78709
2026-09-17 19:35:00+00:00,337.2149963378906,337.2149963378906,337.32501220703125,337.2099914550781,337.2950134277344,52646
2026-09-17 19:36:00+00:00,338.0799865722656,338.0799865722656,338.3399963378906,337.222412109375,337.222412109375,423853
2026-09-17 19:37:00+00:00,337.7950134277344,337.7950134277344,338.1400146484375,337.7900085449219,338.0950012207031,148718
2026-09-17 19:38:00+00:00,337.55999755859375,337.55999755859375,337.80999755859375,337.5299987792969,337.7950134277344,81554
2026-09-17 19:39:00+00:00,337.4767150878906,337.4767150878906,337.69000244140625,337.4200134277344,337.55999755859375,88206
2026-09-17 19:40:00+00:00,337.4100036621094,337.4100036621094,337.57000732421875,337.3500061035156,337.4700012207031,58372
2026-09-17 19:41:00+00:00,337.3599853515625,337.3599853515625,337.42999267578125,337.285888671875,337.42999267578125,47454
2026-09-17 19:42:00+00:00,337.3399963378906,337.3399963378906,337.3999938964844,337.260009765625,337.3699951171875,45476
2026-09-17 19:43:00+00:00,337.3999938964844,337.3999938964844,337.48980712890625,337.3362121582031,337.3399963378906,39509
2026-09-17 19:44:00+00:00,337.4150085449219,337.4150085449219,337.5299987792969,337.360107421875,337.3900146484375,53645
2026-09-17 19:45:00+00:00,337.4849853515625,337.4849853515625,337.6799011230469,337.3699951171875,337.4100036621094,91565
2026-09-17 19:46:00+00:00,337.33990478515625,337.33990478515625,337.5899963378906,337.32000732421875,337.4849853515625,65968
2026-09-17 19:47:00+00:00,337.5000915527344,337.5000915527344,337.5400085449219,337.3374938964844,337.3374938964844,49546
2026-09-17 19:48:00+00:00,337.4200134277344,337.4200134277344,337.53271484375,337.3299865722656,337.5050048828125,62538
2026-09-17 19:49:00+00:00,337.4649963378906,337.4649963378906,337.5299072265625,337.3901062011719,337.4150085449219,87260
2026-09-17 19:50:00+00:00,337.8500061035156,337.8500061035156,337.989990234375,337.4800109863281,337.4800109863281,202093
2026-09-17 19:51:00+00:00,338.0,338.0,338.0,337.7799987792969,337.85650634765625,87541
2026-09-17 19:52:00+00:00,337.875,337.875,338.0,337.75,337.989990234375,92614
2026-09-17 19:53:00+00:00,337.989990234375,337.989990234375,338.0799865722656,337.8399963378906,337.8599853515625,152185
2026-09-17 19:54:00+00:00,337.4549865722656,337.4549865722656,338.05999755859375,337.20001220703125,338.0,335218
2026-09-17 19:55:00+00:00,337.07000732421875,337.07000732421875,337.4599914550781,336.8299865722656,337.4549865722656,306446
2026-09-17 19:56:00+00:00,337.364990234375,337.364990234375,337.364990234375,337.0690002441406,337.0799865722656,154310
2026-09-17 19:57:00+00:00,337.0400085449219,337.0400085449219,337.3500061035156,337.0299987792969,337.3500061035156,180861
2026-09-17 19:58:00+00:00,337.1499938964844,337.1499938964844,337.239990234375,336.9100036621094,337.03009033203125,357395
2026-09-17 19:59:00+00:00,337.0799865722656,337.0799865722656,337.260009765625,336.8900146484375,337.1400146484375,599667
2026-09-18 13:30:00+00:00,336.6199951171875,336.6199951171875,338.3699035644531,336.57000732421875,337.989990234375,9106862
2026-09-18 13:31:00+00:00,338.44000244140625,338.44000244140625,338.45001220703125,336.4100036621094,336.6366882324219,211133
2026-09-18 13:32:00+00:00,337.57000732421875,337.57000732421875,338.489990234375,337.1600036621094,338.4049987792969,202290
2026-09-18 13:33:00+00:00,336.32501220703125,336.32501220703125,337.7900085449219,336.29290771484375,337.5799865722656,209394
2026-09-18 13:34:00+00:00,336.75,336.75,336.80999755859375,336.25,336.2900085449219,135025
2026-09-18 13:35:00+00:00,336.7300109863281,336.7300109863281,336.8299865722656,336.0,336.7301025390625,164028
2026-09-18 13:36:00+00:00,336.8399963378906,336.8399963378906,336.92999267578125,336.54998779296875,336.760009765625,86655
2026-09-18 13:37:00+00:00,336.760009765625,336.760009765625,336.8699951171875,336.4100036621094,336.8500061035156,86399
2026-09-18 13:38:00+00:00,337.0293884277344,337.0293884277344,337.19989013671875,336.7300109863281,336.7449951171875,131934
2026-09-18 13:39:00+00:00,336.62188720703125,336.62188720703125,337.0199890136719,336.5199890136719,337.0199890136719,123374
2026-09-18 13:40:00+00:00,336.3500061035156,336.3500061035156,336.7099914550781,336.260009765625,336.6000061035156,105203
2026-09-18 13:41:00+00:00,336.17498779296875,336.17498779296875,336.39990234375,336.1000061035156,336.32000732421875,107431
2026-09-18 13:42:00+00:00,335.489990234375,335.489990234375,336.2099914550781,335.3900146484375,336.17498779296875,533656
2026-09-18 13:43:00+00:00,335.54998779296875,335.54998779296875,335.8900146484375,335.3999938964844,335.4949951171875,132145
2026-09-18 13:44:00+00:00,335.760009765625,335.760009765625,335.8900146484375,335.5,335.55999755859375,63617
2026-09-18 13:45:00+00:00,336.2550048828125,336.2550048828125,336.6499938964844,335.7799987792969,335.7850036621094,131188
2026-09-18 13:46:00+00:00,336.010009765625,336.010009765625,336.3485107421875,335.95001220703125,336.239990234375,91923
2026-09-18 13:47:00+00:00,335.8800048828125,335.8800048828125,336.0899963378906,335.67999267578125,336.010009765625,79774
2026-09-18 13:48:00+00:00,335.489990234375,335.489990234375,335.9607849121094,335.489990234375,335.8800048828125,91538
2026-09-18 13:49:00+00:00,335.2200012207031,335.2200012207031,335.510009765625,335.1600036621094,335.489990234375,189068
2026-09-18 13:50:00+00:00,335.2699890136719,335.2699890136719,335.32000732421875,335.1099853515625,335.2149963378906,70526
2026-09-18 13:51:00+00:00,335.239990234375,335.239990234375,335.3598937988281,335.0799865722656,335.2650146484375,91753
2026-09-18 13:52:00+00:00,335.489990234375,335.489990234375,335.6000061035156,335.17999267578125,335.239990234375,82689
2026-09-18 13:53:00+00:00,335.3450012207031,335.3450012207031,335.5299987792969,335.30999755859375,335.44000244140625,75390
2026-09-18 13:54:00+00:00,335.2250061035156,335.2250061035156,335.3800048828125,335.010009765625,335.3450012207031,90623
2026-09-18 13:55:00+00:00,335.2405090332031,335.2405090332031,335.389892578125,335.122314453125,335.2250061035156,52577
2026-09-18 13:56:00+00:00,335.18719482421875,335.18719482421875,335.2799987792969,334.80999755859375,335.2650146484375,115054
2026-09-18 13:57:00+00:00,335.2099914550781,335.2099914550781,335.2799987792969,334.9700012207031,335.20001220703125,62635
2026-09-18 13:58:00+00:00,335.0950012207031,335.0950012207031,335.32000732421875,335.05999755859375,335.20001220703125,65787
2026-09-18 13:59:00+00:00,334.989990234375,334.989990234375,335.2200012207031,334.9501037597656,335.0849914550781,85974
2026-09-18 14:00:00+00:00,334.9700012207031,334.9700012207031,335.1000061035156,334.7900085449219,334.9700012207031,89598
2026-09-18 14:01:00+00:00,335.2650146484375,335.2650146484375,335.3299865722656,334.8800048828125,334.95001220703125,90395
2026-09-18 14:02:00+00:00,335.125,335.125,335.3500061035156,335.0,335.2200012207031,82298
2026-09-18 14:03:00+00:00,335.19500732421875,335.19500732421875,335.25,335.0849914550781,335.2149963378906,45210
2026-09-18 14:04:00+00:00,335.0950012207031,335.0950012207031,335.239990234375,335.05999755859375,335.2099914550781,57256
2026-09-18 14:05:00+00:00,335.4599914550781,335.4599914550781,335.4700012207031,335.10009765625,335.10009765625,63393
2026-09-18 14:06:00+00:00,334.94000244140625,334.94000244140625,335.5,334.8900146484375,335.4800109863281,75992
2026-09-18 14:07:00+00:00,334.7300109863281,334.7300109863281,334.95001220703125,334.6600036621094,334.93499755859375,170988
2026-09-18 14:08:00+00:00,334.8900146484375,334.8900146484375,335.0,334.710205078125,334.710205078125,61463
2026-09-18 14:09:00+00:00,334.6000061035156,334.6000061035156,334.9198913574219,334.5299987792969,334.873291015625,86461
2026-09-18 14:10:00+00:00,334.68060302734375,334.68060302734375,334.8699951171875,334.5885009765625,334.6000061035156,73983
2026-09-18 14:11:00+00:00,334.42999267578125,334.42999267578125,334.69500732421875,334.2799987792969,334.69500732421875,117584
2026-09-18 14:12:00+00:00,333.9599914550781,333.9599914550781,334.5350036621094,333.9320983886719,334.45001220703125,146574
2026-09-18 14:13:00+00:00,333.7460021972656,333.7460021972656,334.1199951171875,333.6700134277344,333.9552001953125,178057
2026-09-18 14:14:00+00:00,333.54339599609375,333.54339599609375,333.8299865722656,333.447509765625,333.739990234375,121919
2026-09-18 14:15:00+00:00,333.57501220703125,333.57501220703125,333.6683044433594,333.3900146484375,333.5400085449219,79274
2026-09-18 14:16:00+00:00,333.239990234375,333.239990234375,333.5799865722656,333.239990234375,333.57000732421875,163266
2026-09-18 14:17:00+00:00,333.5150146484375,333.5150146484375,333.5498962402344,333.1300048828125,333.2300109863281,115100
2026-09-18 14:18:00+00:00,333.5599060058594,333.5599060058594,333.6300048828125,333.4200134277344,333.5150146484375,87097
2026-09-18 14:19:00+00:00,333.4200134277344,333.4200134277344,333.6300048828125,333.32000732421875,333.5450134277344,90240
2026-09-18 14:20:00+00:00,333.2200012207031,333.2200012207031,333.57000732421875,333.1000061035156,333.4399108886719,199748
2026-09-18 14:21:00+00:00,333.18499755859375,333.18499755859375,333.3299865722656,333.010009765625,333.260009765625,108581
2026-09-18 14:22:00+00:00,333.4200134277344,333.4200134277344,333.6099853515625,333.0,333.17999267578125,109624
2026-09-18 14:23:00+00:00,333.2550048828125,333.2550048828125,333.4599914550781,333.2300109863281,333.4200134277344,82753
2026-09-18 14:24:00+00:00,333.2349853515625,333.2349853515625,333.3900146484375,333.1600036621094,333.2650146484375,80814
2026-09-18 14:25:00+00:00,333.3500061035156,333.3500061035156,333.4100036621094,333.17999267578125,333.2349853515625,66610
2026-09-18 14:26:00+00:00,333.2699890136719,333.2699890136719,333.4100036621094,333.2699890136719,333.3500061035156,64170
2026-09-18 14:27:00+00:00,333.5096130371094,333.5096130371094,333.57000732421875,333.260009765625,333.2799987792969,103320
2026-09-18 14:28:00+00:00,333.4649963378906,333.4649963378906,333.6600036621094,333.45001220703125,333.4800109863281,71838
2026-09-18 14:29:00+00:00,333.489990234375,333.489990234375,333.5050048828125,333.30999755859375,333.4649963378906,63290
2026-09-18 14:30:00+00:00,333.125,333.125,333.5,333.1000061035156,333.4996032714844,114121
2026-09-18 14:31:00+00:00,333.125,333.125,333.32000732421875,333.0299987792969,333.1300048828125,63867
2026-09-18 14:32:00+00:00,333.010009765625,333.010009765625,333.1499938964844,332.9501037597656,333.125,128645
2026-09-18 14:33:00+00:00,332.9200134277344,332.9200134277344,333.07000732421875,332.8699951171875,333.010009765625,83354
2026-09-18 14:34:00+00:00,332.7950134277344,332.7950134277344,332.9200134277344,332.70001220703125,332.8800048828125,85346
2026-09-18 14:35:00+00:00,332.7135009765625,332.7135009765625,332.9198913574219,332.7135009765625,332.7950134277344,42681
2026-09-18 14:36:00+00:00,332.7200012207031,332.7200012207031,332.8599853515625,332.6300048828125,332.7099914550781,95668
2026-09-18 14:37:00+00:00,332.9049987792969,332.9049987792969,332.92999267578125,332.6499938964844,332.7149963378906,83561
2026-09-18 14:38:00+00:00,333.239990234375,333.239990234375,333.25,332.8800048828125,332.8900146484375,100361
2026-09-18 14:39:00+00:00,333.073486328125,333.073486328125,333.24951171875,332.9800109863281,333.2049865722656,102595
2026-09-18 14:40:00+00:00,332.9013977050781,332.9013977050781,333.139892578125,332.82501220703125,333.07000732421875,56432
2026-09-18 14:41:00+00:00,332.7488098144531,332.7488098144531,332.9381103515625,332.7120056152344,332.8999938964844,84206
2026-09-18 14:42:00+00:00,332.614990234375,332.614990234375,332.7688903808594,332.57000732421875,332.7550048828125,65181
2026-09-18 14:43:00+00:00,332.5849914550781,332.5849914550781,332.6400146484375,332.5299987792969,332.6199951171875,69788
2026-09-18 14:44:00+00:00,332.67498779296875,332.67498779296875,332.7611999511719,332.5299987792969,332.5799865722656,63894
2026-09-18 14:45:00+00:00,333.0950012207031,333.0950012207031,333.1600036621094,332.6549987792969,332.6600036621094,102285
2026-09-18 14:46:00+00:00,333.30999755859375,333.30999755859375,333.30999755859375,333.1050109863281,333.1050109863281,85988
2026-09-18 14:47:00+00:00,333.2099914550781,333.2099914550781,333.32000732421875,333.05010986328125,333.32000732421875,90635
2026-09-18 14:48:00+00:00,333.32501220703125,333.32501220703125,333.389892578125,333.0799865722656,333.1980895996094,59420
2026-09-18 14:49:00+00:00,333.3599853515625,333.3599853515625,333.4599914550781,333.2699890136719,333.30999755859375,140824
2026-09-18 14:50:00+00:00,333.2699890136719,333.2699890136719,333.3900146484375,333.1650085449219,333.3599853515625,51990
2026-09-18 14:51:00+00:00,333.4613952636719,333.4613952636719,333.4800109863281,333.20001220703125,333.30999755859375,52905
2026-09-18 14:52:00+00:00,333.3800048828125,333.3800048828125,333.4800109863281,333.32501220703125,333.4599914550781,55173
2026-09-18 14:53:00+00:00,333.55828857421875,333.55828857421875,333.6263122558594,333.3699951171875,333.3898010253906,64413
2026-09-18 14:54:00+00:00,333.8699035644531,333.8699035644531,333.8699951171875,333.489990234375,333.5400085449219,70702
2026-09-18 14:55:00+00:00,333.6499938964844,333.6499938964844,333.9800109863281,333.5,333.85009765625,210912
2026-09-18 14:56:00+00:00,333.67999267578125,333.67999267578125,333.8500061035156,333.5799865722656,333.70001220703125,53797
2026-09-18 14:57:00+00:00,333.6199951171875,333.6199951171875,333.69000244140625,333.5,333.67498779296875,56792
2026-09-18 14:58:00+00:00,333.65008544921875,333.65008544921875,333.82000732421875,333.614990234375,333.6199951171875,53433
2026-09-18 14:59:00+00:00,333.94500732421875,333.94500732421875,334.1099853515625,333.6650085449219,333.6650085449219,73090
2026-09-18 15:00:00+00:00,333.9316101074219,333.9316101074219,333.9599914550781,333.70001220703125,333.9599914550781,66482
2026-09-18 15:01:00+00:00,333.94000244140625,333.94000244140625,334.05999755859375,333.8500061035156,333.95001220703125,44874
2026-09-18 15:02:00+00:00,334.0450134277344,334.0450134277344,334.04998779296875,333.79998779296875,333.9330139160156,58693
2026-09-18 15:03:00+00:00,333.8800048828125,333.8800048828125,334.05999755859375,333.8800048828125,334.0350036621094,37640
2026-09-18 15:04:00+00:00,333.8299865722656,333.8299865722656,333.89990234375,333.65020751953125,333.8699951171875,56587
2026-09-18 15:05:00+00:00,334.54998779296875,334.54998779296875,334.5899963378906,333.82501220703125,333.84320068359375,126253
2026-09-18 15:06:00+00:00,334.81500244140625,334.81500244140625,334.8500061035156,334.44000244140625,334.5899963378906,96984
2026-09-18 15:07:00+00:00,334.8500061035156,334.8500061035156,335.0899963378906,334.7200012207031,334.80999755859375,127687
2026-09-18 15:08:00+00:00,334.8500061035156,334.8500061035156,335.0400085449219,334.79998779296875,334.8500061035156,70061
2026-09-18 15:09:00+00:00,334.9700012207031,334.9700012207031,335.0252990722656,334.8500061035156,334.8500061035156,58609
2026-09-18 15:10:00+00:00,334.96990966796875,334.96990966796875,335.04949951171875,334.81500244140625,335.0,78023
2026-09-18 15:11:00+00:00,335.1000061035156,335.1000061035156,335.29998779296875,334.95001220703125,334.95001220703125,99252
2026-09-18 15:12:00+00:00,335.15008544921875,335.15008544921875,335.2099914550781,335.0400085449219,335.1000061035156,68715
2026-09-18 15:13:00+00:00,334.8699951171875,334.8699951171875,335.1687927246094,334.81048583984375,335.1687927246094,88771
2026-09-18 15:14:00+00:00,334.8599853515625,334.8599853515625,334.95001220703125,334.75,334.885009765625,72246
2026-09-18 15:15:00+00:00,335.1700134277344,335.1700134277344,335.2300109863281,334.8550109863281,334.8550109863281,66770
2026-09-18 15:16:00+00:00,335.0400085449219,335.0400085449219,335.1650085449219,335.0,335.1499938964844,47116
2026-09-18 15:17:00+00:00,335.0050048828125,335.0050048828125,335.1099853515625,334.9700012207031,335.0199890136719,30554
2026-09-18 15:18:00+00:00,334.95001220703125,334.95001220703125,335.06988525390625,334.8999938964844,335.0,41499
2026-09-18 15:19:00+00:00,335.1650085449219,335.1650085449219,335.19000244140625,334.9649963378906,334.9649963378906,44562
2026-09-18 15:20:00+00:00,335.1000061035156,335.1000061035156,335.1600036621094,335.0256042480469,335.1499938964844,30548
2026-09-18 15:21:00+00:00,335.0950012207031,335.0950012207031,335.1700134277344,335.04998779296875,335.0899963378906,45567
2026-09-18 15:22:00+00:00,335.32501220703125,335.32501220703125,335.5199890136719,335.0700988769531,335.0899963378906,161126
2026-09-18 15:23:00+00:00,335.3800048828125,335.3800048828125,335.4198913574219,335.29998779296875,335.32501220703125,51882
2026-09-18 15:24:00+00:00,335.489990234375,335.489990234375,335.80999755859375,335.3572998046875,335.3999938964844,131331
2026-09-18 15:25:00+00:00,335.54998779296875,335.54998779296875,335.5899963378906,335.45001220703125,335.4750061035156,55971
2026-09-18 15:26:00+00:00,335.3500061035156,335.3500061035156,335.7149963378906,335.3299865722656,335.57000732421875,87268
2026-09-18 15:27:00+00:00,335.1026916503906,335.1026916503906,335.38250732421875,335.0799865722656,335.3454895019531,51927
2026-09-18 15:28:00+00:00,334.989990234375,334.989990234375,335.2200012207031,334.9599914550781,335.0899963378906,51325
2026-09-18 15:29:00+00:00,334.9949951171875,334.9949951171875,335.1099853515625,334.8699951171875,334.9849853515625,36311
2026-09-18 15:30:00+00:00,335.07000732421875,335.07000732421875,335.1000061035156,334.70001220703125,334.9801025390625,84602
2026-09-18 15:31:00+00:00,334.8904113769531,334.8904113769531,335.2250061035156,334.80999755859375,335.05999755859375,88145
2026-09-18 15:32:00+00:00,335.1300048828125,335.1300048828125,335.1499938964844,334.9150085449219,334.9150085449219,34900
2026-09-18 15:33:00+00:00,335.0873107910156,335.0873107910156,335.20001220703125,335.0,335.125,44029
2026-09-18 15:34:00+00:00,335.02801513671875,335.02801513671875,335.12921142578125,334.8599853515625,335.114990234375,51299
2026-09-18 15:35:00+00:00,334.9049987792969,334.9049987792969,335.05560302734375,334.8699951171875,335.05560302734375,27855
2026-09-18 15:36:00+00:00,334.8900146484375,334.8900146484375,334.95001220703125,334.75,334.8699951171875,74515
2026-09-18 15:37:00+00:00,334.625,334.625,334.8800048828125,334.6000061035156,334.8599853515625,40650
2026-09-18 15:38:00+00:00,334.6099853515625,334.6099853515625,334.6400146484375,334.5299987792969,334.625,57963
2026-09-18 15:39:00+00:00,334.4700012207031,334.4700012207031,334.6400146484375,334.3800048828125,334.625,35972
2026-09-18 15:40:00+00:00,334.4346923828125,334.4346923828125,334.4800109863281,334.30999755859375,334.44500732421875,36886
2026-09-18 15:41:00+00:00,334.64959716796875,334.64959716796875,334.64959716796875,334.3999938964844,334.44500732421875,36913
2026-09-18 15:42:00+00:00,334.6600036621094,334.6600036621094,334.6600036621094,334.4800109863281,334.6575927734375,39578
2026-09-18 15:43:00+00:00,334.8500061035156,334.8500061035156,334.8500061035156,334.5799865722656,334.6449890136719,34766
2026-09-18 15:44:00+00:00,334.7099914550781,334.7099914550781,334.8900146484375,334.6405029296875,334.8500061035156,34537
2026-09-18 15:45:00+00:00,334.80499267578125,334.80499267578125,334.8500061035156,334.6499938964844,334.7049865722656,60537
2026-09-18 15:46:00+00:00,334.9150085449219,334.9150085449219,334.9587097167969,334.7701110839844,334.8074951171875,22923
2026-09-18 15:47:00+00:00,334.68499755859375,334.68499755859375,334.9150085449219,334.68499755859375,334.9150085449219,90414
2026-09-18 15:48:00+00:00,334.5801086425781,334.5801086425781,334.739990234375,334.5799865722656,334.69000244140625,30652
2026-09-18 15:49:00+00:00,334.6203918457031,334.6203918457031,334.70001220703125,334.55731201171875,334.6099853515625,21312
2026-09-18 15:50:00+00:00,334.7799987792969,334.7799987792969,334.7799987792969,334.6099853515625,334.625,21434
2026-09-18 15:51:00+00:00,334.82000732421875,334.82000732421875,334.8900146484375,334.7799987792969,334.7799987792969,24038
2026-09-18 15:52:00+00:00,334.8550109863281,334.8550109863281,334.8699951171875,334.6300048828125,334.79998779296875,28746
2026-09-18 15:53:00+00:00,334.6449890136719,334.6449890136719,334.885009765625,334.6449890136719,334.8500061035156,27792
2026-09-18 15:54:00+00:00,334.6650085449219,334.6650085449219,334.7200012207031,334.5849914550781,334.6700134277344,25901
2026-09-18 15:55:00+00:00,334.5899963378906,334.5899963378906,334.7300109863281,334.5899963378906,334.6650085449219,37691
2026-09-18 15:56:00+00:00,334.69000244140625,334.69000244140625,334.7099914550781,334.5899963378906,334.5899963378906,28181
2026-09-18 15:57:00+00:00,334.5799865722656,334.5799865722656,334.7099914550781,334.53570556640625,334.67999267578125,36432
2026-09-18 15:58:00+00:00,334.5899963378906,334.5899963378906,334.6499938964844,334.5350036621094,334.5950012207031,24840
2026-09-18 15:59:00+00:00,334.7799987792969,334.7799987792969,334.8349914550781,334.5400085449219,334.5799865722656,56976
2026-09-18 16:00:00+00:00,334.6549987792969,334.6549987792969,334.92999267578125,334.510009765625,334.7799987792969,57407
2026-09-18 16:01:00+00:00,334.4949951171875,334.4949951171875,334.7242126464844,334.4599914550781,334.6700134277344,57761
2026-09-18 16:02:00+00:00,334.75,334.75,334.75,334.4700012207031,334.4800109863281,35019
2026-09-18 16:03:00+00:00,334.6300048828125,334.6300048828125,334.75,334.5899963378906,334.75,23016
2026-09-18 16:04:00+00:00,334.67999267578125,334.67999267578125,334.67999267578125,334.54998779296875,334.6099853515625,21296
2026-09-18 16:05:00+00:00,334.6300048828125,334.6300048828125,334.7699890136719,334.55999755859375,334.69500732421875,21907
2026-09-18 16:06:00+00:00,334.6524963378906,334.6524963378906,334.7300109863281,334.6099853515625,334.6199951171875,27223
2026-09-18 16:07:00+00:00,334.760009765625,334.760009765625,334.7799987792969,334.6099853515625,334.6600036621094,33033
2026-09-18 16:08:00+00:00,334.739990234375,334.739990234375,334.8500061035156,334.7001037597656,334.7550048828125,27820
2026-09-18 16:09:00+00:00,334.82000732421875,334.82000732421875,334.8299865722656,334.70001220703125,334.75799560546875,17980
2026-09-18 16:10:00+00:00,334.760009765625,334.760009765625,334.8900146484375,334.7301025390625,334.80999755859375,27468
2026-09-18 16:11:00+00:00,334.6400146484375,334.6400146484375,334.7799987792969,334.5849914550781,334.7650146484375,36741
2026-09-18 16:12:00+00:00,334.7300109863281,334.7300109863281,334.7550048828125,334.6000061035156,334.6000061035156,28906
2026-09-18 16:13:00+00:00,334.5899963378906,334.5899963378906,334.7099914550781,334.5799865722656,334.70001220703125,19993
2026-09-18 16:14:00+00:00,334.6300048828125,334.6300048828125,334.6499938964844,334.5799865722656,334.6086120605469,22880
2026-09-18 16:15:00+00:00,334.6400146484375,334.6400146484375,334.7200012207031,334.6199951171875,334.6199951171875,28316
2026-09-18 16:16:00+00:00,334.55999755859375,334.55999755859375,334.6698913574219,334.5400085449219,334.6415100097656,33700
2026-09-18 16:17:00+00:00,334.6400146484375,334.6400146484375,334.6700134277344,334.56500244140625,334.5799865722656,24779
2026-09-18 16:18:00+00:00,334.6000061035156,334.6000061035156,334.760009765625,334.5199890136719,334.614990234375,59466
2026-09-18 16:19:00+00:00,334.7650146484375,334.7650146484375,334.7799987792969,334.6000061035156,334.6000061035156,24882
2026-09-18 16:20:00+00:00,334.6199951171875,334.6199951171875,334.7900085449219,334.510009765625,334.7799987792969,65785
2026-09-18 16:21:00+00:00,334.7200012207031,334.7200012207031,334.739990234375,334.57000732421875,334.6300048828125,31779
2026-09-18 16:22:00+00:00,334.6000061035156,334.6000061035156,334.7250061035156,334.5400085449219,334.7149963378906,25131
2026-09-18 16:23:00+00:00,334.3299865722656,334.3299865722656,334.6300048828125,334.2900085449219,334.6300048828125,50796
2026-09-18 16:24:00+00:00,334.4200134277344,334.4200134277344,334.4549865722656,334.260009765625,334.33270263671875,30525
2026-09-18 16:25:00+00:00,334.32000732421875,334.32000732421875,334.45001220703125,334.230712890625,334.40008544921875,41487
2026-09-18 16:26:00+00:00,334.4700012207031,334.4700012207031,334.5299987792969,334.30999755859375,334.30999755859375,28367
2026-09-18 16:27:00+00:00,334.6199951171875,334.6199951171875,334.6300048828125,334.489990234375,334.489990234375,42388
2026-09-18 16:28:00+00:00,334.69110107421875,334.69110107421875,334.82000732421875,334.6199951171875,334.6199951171875,57857
2026-09-18 16:29:00+00:00,334.6000061035156,334.6000061035156,334.8046875,334.590087890625,334.66009521484375,43421
2026-09-18 16:30:00+00:00,334.6400146484375,334.6400146484375,334.6650085449219,334.489990234375,334.6300048828125,52172
2026-09-18 16:31:00+00:00,334.7149963378906,334.7149963378906,334.760009765625,334.5899963378906,334.6499938964844,33046
2026-09-18 16:32:00+00:00,334.7431945800781,334.7431945800781,334.8500061035156,334.70001220703125,334.70001220703125,32523
2026-09-18 16:33:00+00:00,334.6600036621094,334.6600036621094,334.75,334.6499938964844,334.7300109863281,28119
2026-09-18 16:34:00+00:00,334.8467102050781,334.8467102050781,334.94000244140625,334.6499938964844,334.6499938964844,28919
2026-09-18 16:35:00+00:00,334.885009765625,334.885009765625,334.909912109375,334.760009765625,334.8599853515625,22441
2026-09-18 16:36:00+00:00,334.760009765625,334.760009765625,334.92498779296875,334.760009765625,334.885009765625,29569
2026-09-18 16:37:00+00:00,334.80999755859375,334.80999755859375,334.8999938964844,334.72869873046875,334.7699890136719,35180
2026-09-18 16:38:00+00:00,334.6700134277344,334.6700134277344,334.8699951171875,334.6499938964844,334.80999755859375,40425
2026-09-18 16:39:00+00:00,334.7300109863281,334.7300109863281,334.8299865722656,334.66009521484375,334.68499755859375,35351
2026-09-18 16:40:00+00:00,334.7049865722656,334.7049865722656,334.7699890136719,334.68060302734375,334.7544860839844,40677
2026-09-18 16:41:00+00:00,334.5580139160156,334.5580139160156,334.69000244140625,334.5350036621094,334.69000244140625,30662
2026-09-18 16:42:00+00:00,334.6199951171875,334.6199951171875,334.6300048828125,334.5299987792969,334.55499267578125,24347
2026-09-18 16:43:00+00:00,334.5299987792969,334.5299987792969,334.6499938964844,334.510009765625,334.6300048828125,28952
2026-09-18 16:44:00+00:00,334.55499267578125,334.55499267578125,334.6300048828125,334.4200134277344,334.5,32687
2026-09-18 16:45:00+00:00,334.5199890136719,334.5199890136719,334.6510009765625,334.4800109863281,334.55499267578125,24899
2026-09-18 16:46:00+00:00,334.6050109863281,334.6050109863281,334.6300048828125,334.4599914550781,334.5299987792969,35365
2026-09-18 16:47:00+00:00,334.6499938964844,334.6499938964844,334.6650085449219,334.5050048828125,334.6099853515625,29815
2026-09-18 16:48:00+00:00,334.5450134277344,334.5450134277344,334.7250061035156,334.5400085449219,334.6600036621094,47367
2026-09-18 16:49:00+00:00,334.6199951171875,334.6199951171875,334.64990234375,334.5299987792969,334.5450134277344,11386
2026-09-18 16:50:00+00:00,334.57000732421875,334.57000732421875,334.6400146484375,334.5,334.6300048828125,26788
2026-09-18 16:51:00+00:00,334.55999755859375,334.55999755859375,334.6199951171875,334.55999755859375,334.57000732421875,20994
2026-09-18 16:52:00+00:00,334.5849914550781,334.5849914550781,334.6099853515625,334.5199890136719,334.5450134277344,38091
2026-09-18 16:53:00+00:00,334.5799865722656,334.5799865722656,334.6449890136719,334.5450134277344,334.5799865722656,43382
2026-09-18 16:54:00+00:00,334.55999755859375,334.55999755859375,334.6000061035156,334.5286865234375,334.5849914550781,21843
2026-09-18 16:55:00+00:00,334.69000244140625,334.69000244140625,334.7099914550781,334.489990234375,334.54998779296875,302632
2026-09-18 16:56:00+00:00,334.6600036621094,334.6600036621094,334.760009765625,334.6000061035156,334.67999267578125,21757
2026-09-18 16:57:00+00:00,334.68499755859375,334.68499755859375,334.7699890136719,334.6499938964844,334.6499938964844,39950
2026-09-18 16:58:00+00:00,334.6000061035156,334.6000061035156,334.760009765625,334.5799865722656,334.67999267578125,18443
2026-09-18 16:59:00+00:00,334.56500244140625,334.56500244140625,334.635009765625,334.55999755859375,334.5899963378906,28794
2026-09-18 17:00:00+00:00,334.57000732421875,334.57000732421875,334.5799865722656,334.5,334.55999755859375,23855
2026-09-18 17:01:00+00:00,334.5799865722656,334.5799865722656,334.6400146484375,334.53009033203125,334.55010986328125,25989
2026-09-18 17:02:00+00:00,334.6499938964844,334.6499938964844,334.67999267578125,334.57501220703125,334.57501220703125,16667
2026-09-18 17:03:00+00:00,334.8399963378906,334.8399963378906,334.8699951171875,334.6300048828125,334.6499938964844,30245
2026-09-18 17:04:00+00:00,334.81500244140625,334.81500244140625,334.8699951171875,334.78790283203125,334.8500061035156,23397
2026-09-18 17:05:00+00:00,335.114990234375,335.114990234375,335.1400146484375,334.8127136230469,334.81500244140625,153462
2026-09-18 17:06:00+00:00,334.885986328125,334.885986328125,335.114990234375,334.8811950683594,335.114990234375,31178
2026-09-18 17:07:00+00:00,334.92999267578125,334.92999267578125,334.95001220703125,334.82000732421875,334.8699951171875,23759
2026-09-18 17:08:00+00:00,334.79998779296875,334.79998779296875,335.0299987792969,334.79998779296875,334.92999267578125,27886
2026-09-18 17:09:00+00:00,334.8599853515625,334.8599853515625,334.8799133300781,334.7799987792969,334.79998779296875,30039
2026-09-18 17:10:00+00:00,334.8299865722656,334.8299865722656,334.8999938964844,334.80999755859375,334.8699035644531,21922
2026-09-18 17:11:00+00:00,334.8599853515625,334.8599853515625,334.9399108886719,334.82000732421875,334.8299865722656,31602
2026-09-18 17:12:00+00:00,334.79998779296875,334.79998779296875,334.889892578125,334.75,334.8599853515625,21073
2026-09-18 17:13:00+00:00,334.8800048828125,334.8800048828125,334.8900146484375,334.7900085449219,334.79998779296875,26922
2026-09-18 17:14:00+00:00,334.8399963378906,334.8399963378906,334.8999938964844,334.7799987792969,334.875,19855
2026-09-18 17:15:00+00:00,334.7900085449219,334.7900085449219,334.8500061035156,334.7300109863281,334.8299865722656,29156
2026-09-18 17:16:00+00:00,334.79998779296875,334.79998779296875,334.79998779296875,334.6803894042969,334.7550048828125,22431
2026-09-18 17:17:00+00:00,334.8900146484375,334.8900146484375,334.9700012207031,334.7799987792969,334.7799987792969,19838
2026-09-18 17:18:00+00:00,334.7900085449219,334.7900085449219,334.92999267578125,334.7900085449219,334.8999938964844,22806
2026-09-18 17:19:00+00:00,334.8599853515625,334.8599853515625,334.8999938964844,334.760009765625,334.8299865722656,19377
2026-09-18 17:20:00+00:00,334.82000732421875,334.82000732421875,335.010498046875,334.82000732421875,334.85009765625,43072
2026-09-18 17:21:00+00:00,335.07000732421875,335.07000732421875,335.07000732421875,334.8349914550781,334.8349914550781,41819
2026-09-18 17:22:00+00:00,335.18499755859375,335.18499755859375,335.2099914550781,335.07000732421875,335.0799865722656,83648
2026-09-18 17:23:00+00:00,335.2099914550781,335.2099914550781,335.2699890136719,335.1794128417969,335.19000244140625,54068
2026-09-18 17:24:00+00:00,335.4150085449219,335.4150085449219,335.4599914550781,335.17059326171875,335.239990234375,183858
2026-09-18 17:25:00+00:00,335.375,335.375,335.44989013671875,335.2799987792969,335.4150085449219,26278
2026-09-18 17:26:00+00:00,335.3699951171875,335.3699951171875,335.4100036621094,335.2699890136719,335.3599853515625,28990
2026-09-18 17:27:00+00:00,335.32000732421875,335.32000732421875,335.3399963378906,335.25,335.3399963378906,22677
2026-09-18 17:28:00+00:00,335.2099914550781,335.2099914550781,335.364990234375,335.2099914550781,335.29998779296875,24907
2026-09-18 17:29:00+00:00,335.2149963378906,335.2149963378906,335.25,335.1600036621094,335.2200012207031,18798
2026-09-18 17:30:00+00:00,335.0899963378906,335.0899963378906,335.2149963378906,335.0799865722656,335.20001220703125,57362
2026-09-18 17:31:00+00:00,335.1600036621094,335.1600036621094,335.1759033203125,335.0799865722656,335.0899963378906,21882
2026-09-18 17:32:00+00:00,335.1700134277344,335.1700134277344,335.2300109863281,335.0600891113281,335.12298583984375,24085
2026-09-18 17:33:00+00:00,335.1400146484375,335.1400146484375,335.1700134277344,335.07501220703125,335.1575012207031,21411
2026-09-18 17:34:00+00:00,335.1700134277344,335.1700134277344,335.20001220703125,335.11029052734375,335.1300048828125,15591
2026-09-18 17:35:00+00:00,335.3599853515625,335.3599853515625,335.3900146484375,335.1700134277344,335.17999267578125,46197
2026-09-18 17:36:00+00:00,335.3738098144531,335.3738098144531,335.4599914550781,335.3500061035156,335.3699951171875,44715
2026-09-18 17:37:00+00:00,335.56500244140625,335.56500244140625,335.57220458984375,335.3900146484375,335.3900146484375,35225
2026-09-18 17:38:00+00:00,335.6000061035156,335.6000061035156,335.614990234375,335.4800109863281,335.57000732421875,43752
2026-09-18 17:39:00+00:00,335.5400085449219,335.5400085449219,335.739990234375,335.510009765625,335.5968017578125,86482
2026-09-18 17:40:00+00:00,335.3999938964844,335.3999938964844,335.55999755859375,335.3999938964844,335.5299987792969,28196
2026-09-18 17:41:00+00:00,335.3900146484375,335.3900146484375,335.45001220703125,335.3699951171875,335.4299011230469,17093
2026-09-18 17:42:00+00:00,335.4100036621094,335.4100036621094,335.42498779296875,335.3699951171875,335.3949890136719,14552
2026-09-18 17:43:00+00:00,335.4049987792969,335.4049987792969,335.45001220703125,335.3900146484375,335.4200134277344,19392
2026-09-18 17:44:00+00:00,335.42498779296875,335.42498779296875,335.4800109863281,335.3599853515625,335.3999938964844,30040
2026-09-18 17:45:00+00:00,335.5213928222656,335.5213928222656,335.55999755859375,335.3999938964844,335.42498779296875,32070
2026-09-18 17:46:00+00:00,335.465087890625,335.465087890625,335.5199890136719,335.4259948730469,335.5199890136719,22789
2026-09-18 17:47:00+00:00,335.44000244140625,335.44000244140625,335.5150146484375,335.4389953613281,335.4599914550781,24319
2026-09-18 17:48:00+00:00,335.45001220703125,335.45001220703125,335.510009765625,335.42999267578125,335.42999267578125,22211
2026-09-18 17:49:00+00:00,335.3299865722656,335.3299865722656,335.4599914550781,335.32000732421875,335.4599914550781,41968
2026-09-18 17:50:00+00:00,335.32940673828125,335.32940673828125,335.3699951171875,335.2799987792969,335.3485107421875,34177
2026-09-18 17:51:00+00:00,335.30499267578125,335.30499267578125,335.4100036621094,335.30010986328125,335.32000732421875,32313
2026-09-18 17:52:00+00:00,335.3399963378906,335.3399963378906,335.3699951171875,335.2699890136719,335.2699890136719,25543
2026-09-18 17:53:00+00:00,335.44000244140625,335.44000244140625,335.4599914550781,335.3399963378906,335.3500061035156,30832
2026-09-18 17:54:00+00:00,335.4100036621094,335.4100036621094,335.5,335.3999938964844,335.44000244140625,22826
2026-09-18 17:55:00+00:00,335.3999938964844,335.3999938964844,335.4200134277344,335.2799987792969,335.3999938964844,22570
2026-09-18 17:56:00+00:00,335.5036926269531,335.5036926269531,335.5199890136719,335.385009765625,335.385009765625,18010
2026-09-18 17:57:00+00:00,335.6297912597656,335.6297912597656,335.6297912597656,335.4800109863281,335.510009765625,34728
2026-09-18 17:58:00+00:00,335.7598876953125,335.7598876953125,335.7598876953125,335.6099853515625,335.6199951171875,24567
2026-09-18 17:59:00+00:00,335.6000061035156,335.6000061035156,335.8500061035156,335.6000061035156,335.75,45758
2026-09-18 18:00:00+00:00,335.6050109863281,335.6050109863281,335.6300048828125,335.4800109863281,335.6000061035156,38092
2026-09-18 18:01:00+00:00,335.6300048828125,335.6300048828125,335.7290954589844,335.5934143066406,335.6199035644531,22972
2026-09-18 18:02:00+00:00,335.70001220703125,335.70001220703125,335.70001220703125,335.6099853515625,335.6300048828125,25613
2026-09-18 18:03:00+00:00,335.5950012207031,335.5950012207031,335.69000244140625,335.55999755859375,335.69000244140625,42586
2026-09-18 18:04:00+00:00,335.5849914550781,335.5849914550781,335.6499938964844,335.5531921386719,335.5920104980469,25125
2026-09-18 18:05:00+00:00,335.5199890136719,335.5199890136719,335.5899963378906,335.42010498046875,335.58599853515625,51189
2026-09-18 18:06:00+00:00,335.4800109863281,335.4800109863281,335.5400085449219,335.4700012207031,335.5,22623
2026-09-18 18:07:00+00:00,335.68499755859375,335.68499755859375,335.70001220703125,335.510009765625,335.510009765625,25319
2026-09-18 18:08:00+00:00,335.6449890136719,335.6449890136719,335.7200012207031,335.610107421875,335.70001220703125,23802
2026-09-18 18:09:00+00:00,335.6400146484375,335.6400146484375,335.67999267578125,335.625,335.6449890136719,22045
2026-09-18 18:10:00+00:00,335.6300048828125,335.6300048828125,335.70001220703125,335.5849914550781,335.6300048828125,28897
2026-09-18 18:11:00+00:00,335.55999755859375,335.55999755859375,335.6101989746094,335.510009765625,335.6101989746094,13989
2026-09-18 18:12:00+00:00,335.55999755859375,335.55999755859375,335.57000732421875,335.4750061035156,335.54998779296875,20101
2026-09-18 18:13:00+00:00,335.5350036621094,335.5350036621094,335.57000732421875,335.44000244140625,335.54998779296875,19687
2026-09-18 18:14:00+00:00,335.4700012207031,335.4700012207031,335.55999755859375,335.4700012207031,335.55999755859375,16381
2026-09-18 18:15:00+00:00,335.3949890136719,335.3949890136719,335.5,335.3949890136719,335.4750061035156,32408
2026-09-18 18:16:00+00:00,335.42999267578125,335.42999267578125,335.4800109863281,335.29998779296875,335.377197265625,33079
2026-09-18 18:17:00+00:00,335.3500061035156,335.3500061035156,335.4800109863281,335.3399963378906,335.4150085449219,22122
2026-09-18 18:18:00+00:00,335.24310302734375,335.24310302734375,335.3999938964844,335.2200012207031,335.3599853515625,48878
2026-09-18 18:19:00+00:00,335.2430114746094,335.2430114746094,335.32501220703125,335.2200012207031,335.2349853515625,44840
2026-09-18 18:20:00+00:00,335.3800048828125,335.3800048828125,335.3800048828125,335.2200927734375,335.239990234375,31674
2026-09-18 18:21:00+00:00,335.4849853515625,335.4849853515625,335.6098937988281,335.4100036621094,335.4100036621094,48177
2026-09-18 18:22:00+00:00,335.64990234375,335.64990234375,335.6700134277344,335.4949951171875,335.4949951171875,52898
2026-09-18 18:23:00+00:00,335.6549987792969,335.6549987792969,335.7300109863281,335.5899963378906,335.635009765625,51903
2026-09-18 18:24:00+00:00,335.6106872558594,335.6106872558594,335.6600036621094,335.5400085449219,335.659912109375,44667
2026-09-18 18:25:00+00:00,335.6199951171875,335.6199951171875,335.6785888671875,335.57000732421875,335.6300048828125,46614
2026-09-18 18:26:00+00:00,335.67999267578125,335.67999267578125,335.70989990234375,335.5899963378906,335.614990234375,21731
2026-09-18 18:27:00+00:00,335.6400146484375,335.6400146484375,335.75,335.6199951171875,335.67999267578125,37953
2026-09-18 18:28:00+00:00,335.6199951171875,335.6199951171875,335.6600036621094,335.54998779296875,335.6400146484375,31369
2026-09-18 18:29:00+00:00,335.7099914550781,335.7099914550781,335.7099914550781,335.6099853515625,335.6400146484375,26997
2026-09-18 18:30:00+00:00,335.6199951171875,335.6199951171875,335.7200012207031,335.57000732421875,335.7200012207031,37200
2026-09-18 18:31:00+00:00,335.79998779296875,335.79998779296875,335.82501220703125,335.60009765625,335.62298583984375,36764
2026-09-18 18:32:00+00:00,335.760009765625,335.760009765625,335.8800048828125,335.7300109863281,335.79998779296875,65236
2026-09-18 18:33:00+00:00,335.81500244140625,335.81500244140625,335.8900146484375,335.7799987792969,335.7799987792969,24288
2026-09-18 18:34:00+00:00,335.9200134277344,335.9200134277344,335.9200134277344,335.7654113769531,335.81500244140625,51843
2026-09-18 18:35:00+00:00,335.82000732421875,335.82000732421875,335.9200134277344,335.7699890136719,335.9200134277344,19786
2026-09-18 18:36:00+00:00,335.6499938964844,335.6499938964844,335.8399963378906,335.5799865722656,335.82501220703125,32963
2026-09-18 18:37:00+00:00,335.6300048828125,335.6300048828125,335.64520263671875,335.510009765625,335.6449890136719,29634
2026-09-18 18:38:00+00:00,335.5849914550781,335.5849914550781,335.6498107910156,335.5400085449219,335.6300048828125,15220
2026-09-18 18:39:00+00:00,335.51739501953125,335.51739501953125,335.6199951171875,335.51739501953125,335.5899963378906,24732
2026-09-18 18:40:00+00:00,335.4700012207031,335.4700012207031,335.5398864746094,335.4200134277344,335.5199890136719,36834
2026-09-18 18:41:00+00:00,335.4501037597656,335.4501037597656,335.510009765625,335.3999938964844,335.45001220703125,27068
2026-09-18 18:42:00+00:00,335.6050109863281,335.6050109863281,335.6099853515625,335.45001220703125,335.4504089355469,33679
2026-09-18 18:43:00+00:00,335.7300109863281,335.7300109863281,335.7799987792969,335.5849914550781,335.6050109863281,31203
2026-09-18 18:44:00+00:00,335.8599853515625,335.8599853515625,335.8699951171875,335.7300109863281,335.739990234375,44954
2026-09-18 18:45:00+00:00,335.8450012207031,335.8450012207031,335.95001220703125,335.82501220703125,335.8266906738281,55189
2026-09-18 18:46:00+00:00,336.1400146484375,336.1400146484375,336.1499938964844,335.80999755859375,335.8299865722656,280404
2026-09-18 18:47:00+00:00,336.0299987792969,336.0299987792969,336.21990966796875,336.0299987792969,336.110107421875,80645
2026-09-18 18:48:00+00:00,336.1499938964844,336.1499938964844,336.2099914550781,336.05499267578125,336.05499267578125,51237
2026-09-18 18:49:00+00:00,336.1400146484375,336.1400146484375,336.2099914550781,336.1300964355469,336.1499938964844,40383
2026-09-18 18:50:00+00:00,336.1700134277344,336.1700134277344,336.239990234375,336.1062927246094,336.1400146484375,47856
2026-09-18 18:51:00+00:00,336.07000732421875,336.07000732421875,336.20001220703125,336.0299987792969,336.1600036621094,40918
2026-09-18 18:52:00+00:00,336.1549987792969,336.1549987792969,336.1700134277344,336.0400085449219,336.07000732421875,34344
2026-09-18 18:53:00+00:00,336.11981201171875,336.11981201171875,336.2900085449219,336.1000061035156,336.1400146484375,132805
2026-09-18 18:54:00+00:00,335.9700012207031,335.9700012207031,336.1499938964844,335.9700012207031,336.0899963378906,45247
2026-09-18 18:55:00+00:00,335.80499267578125,335.80499267578125,335.9601135253906,335.69000244140625,335.9599914550781,96353
2026-09-18 18:56:00+00:00,335.68499755859375,335.68499755859375,335.80999755859375,335.67999267578125,335.80999755859375,55276
2026-09-18 18:57:00+00:00,335.81500244140625,335.81500244140625,335.82000732421875,335.68499755859375,335.68499755859375,60869
2026-09-18 18:58:00+00:00,335.82501220703125,335.82501220703125,335.8399963378906,335.760009765625,335.81500244140625,48802
2026-09-18 18:59:00+00:00,335.7550048828125,335.7550048828125,335.8330078125,335.7001037597656,335.82501220703125,30775
2026-09-18 19:00:00+00:00,335.8389892578125,335.8389892578125,335.8399963378906,335.70001220703125,335.760009765625,42522
2026-09-18 19:01:00+00:00,335.71990966796875,335.71990966796875,335.8590087890625,335.6549987792969,335.8590087890625,34838
2026-09-18 19:02:00+00:00,335.7644958496094,335.7644958496094,335.7699890136719,335.6400146484375,335.7200012207031,52526
2026-09-18 19:03:00+00:00,335.625,335.625,335.7850036621094,335.6000061035156,335.7799987792969,38915
2026-09-18 19:04:00+00:00,335.8399963378906,335.8399963378906,335.87969970703125,335.6199951171875,335.6199951171875,69974
2026-09-18 19:05:00+00:00,335.8500061035156,335.8500061035156,335.8500061035156,335.739990234375,335.8450012207031,23770
2026-09-18 19:06:00+00:00,335.94500732421875,335.94500732421875,336.0199890136719,335.8599853515625,335.8599853515625,48608
2026-09-18 19:07:00+00:00,336.05999755859375,336.05999755859375,336.1300048828125,335.8399963378906,335.92999267578125,201818
2026-09-18 19:08:00+00:00,336.0849914550781,336.0849914550781,336.1600036621094,335.9800109863281,336.0574951171875,41844
2026-09-18 19:09:00+00:00,336.2099914550781,336.2099914550781,336.30999755859375,336.07000732421875,336.1000061035156,60607
2026-09-18 19:10:00+00:00,336.1401062011719,336.1401062011719,336.2200012207031,336.1300048828125,336.20001220703125,33908
2026-09-18 19:11:00+00:00,336.20001220703125,336.20001220703125,336.2300109863281,336.1449890136719,336.1549987792969,29160
2026-09-18 19:12:00+00:00,336.1600036621094,336.1600036621094,336.2300109863281,336.07000732421875,336.17999267578125,36775
2026-09-18 19:13:00+00:00,336.1199951171875,336.1199951171875,336.1700134277344,336.0799865722656,336.1549987792969,30651
2026-09-18 19:14:00+00:00,336.17498779296875,336.17498779296875,336.260009765625,336.1000061035156,336.1300048828125,31226
2026-09-18 19:15:00+00:00,336.2799987792969,336.2799987792969,336.3599853515625,336.1700134277344,336.17999267578125,47634
2026-09-18 19:16:00+00:00,336.2699890136719,336.2699890136719,336.30999755859375,336.2200012207031,336.2900085449219,36547
2026-09-18 19:17:00+00:00,336.3450012207031,336.3450012207031,336.3599853515625,336.2300109863281,336.28179931640625,35327
2026-09-18 19:18:00+00:00,336.3299865722656,336.3299865722656,336.44000244140625,336.30999755859375,336.3450012207031,51877
2026-09-18 19:19:00+00:00,336.32000732421875,336.32000732421875,336.4800109863281,336.32000732421875,336.3200988769531,60363
2026-09-18 19:20:00+00:00,336.2900085449219,336.2900085449219,336.3599853515625,336.2099914550781,336.3299865722656,35488
2026-09-18 19:21:00+00:00,336.07000732421875,336.07000732421875,336.29998779296875,336.06500244140625,336.2850036621094,68941
2026-09-18 19:22:00+00:00,336.05999755859375,336.05999755859375,336.1300048828125,336.0199890136719,336.07000732421875,43542
2026-09-18 19:23:00+00:00,336.1000061035156,336.1000061035156,336.125,336.0,336.04998779296875,72101
2026-09-18 19:24:00+00:00,336.20001220703125,336.20001220703125,336.239990234375,336.1000061035156,336.10009765625,134178
2026-09-18 19:25:00+00:00,336.2950134277344,336.2950134277344,336.4100036621094,336.2099914550781,336.2099914550781,64825
2026-09-18 19:26:00+00:00,336.25,336.25,336.2950134277344,336.1600036621094,336.2950134277344,40918
2026-09-18 19:27:00+00:00,336.2699890136719,336.2699890136719,336.34991455078125,336.25,336.25,39080
2026-09-18 19:28:00+00:00,336.4100036621094,336.4100036621094,336.4100036621094,336.2250061035156,336.2850036621094,52961
2026-09-18 19:29:00+00:00,336.2200012207031,336.2200012207031,336.4200134277344,336.2200012207031,336.4100036621094,125191
2026-09-18 19:30:00+00:00,336.364990234375,336.364990234375,336.364990234375,336.135009765625,336.239990234375,94196
2026-09-18 19:31:00+00:00,336.1700134277344,336.1700134277344,336.3699951171875,336.1449890136719,336.3046875,80953
2026-09-18 19:32:00+00:00,336.3900146484375,336.3900146484375,336.3900146484375,336.13848876953125,336.17999267578125,78825
2026-09-18 19:33:00+00:00,336.32000732421875,336.32000732421875,336.5,336.29998779296875,336.39990234375,67384
2026-09-18 19:34:00+00:00,336.17498779296875,336.17498779296875,336.3299865722656,336.17498779296875,336.314697265625,53400
2026-09-18 19:35:00+00:00,335.9200134277344,335.9200134277344,336.17498779296875,335.9100036621094,336.17498779296875,45866
2026-09-18 19:36:00+00:00,335.92498779296875,335.92498779296875,335.9898986816406,335.8599853515625,335.93499755859375,44109
2026-09-18 19:37:00+00:00,336.0400085449219,336.0400085449219,336.05999755859375,335.8999938964844,335.92498779296875,44088
2026-09-18 19:38:00+00:00,335.989990234375,335.989990234375,336.05230712890625,335.95001220703125,336.0299987792969,42312
2026-09-18 19:39:00+00:00,336.0450134277344,336.0450134277344,336.1000061035156,335.9664001464844,336.0,51515
2026-09-18 19:40:00+00:00,335.9750061035156,335.9750061035156,336.0899963378906,335.9700012207031,336.04998779296875,65194
2026-09-18 19:41:00+00:00,335.87908935546875,335.87908935546875,335.989990234375,335.8196105957031,335.9750061035156,56585
2026-09-18 19:42:00+00:00,335.814208984375,335.814208984375,335.92999267578125,335.7799987792969,335.8699951171875,83382
2026-09-18 19:43:00+00:00,335.8500061035156,335.8500061035156,335.8699951171875,335.7944030761719,335.82501220703125,55558
2026-09-18 19:44:00+00:00,336.0799865722656,336.0799865722656,336.0849914550781,335.8500061035156,335.8500061035156,76222
2026-09-18 19:45:00+00:00,336.04998779296875,336.04998779296875,336.1400146484375,335.9700012207031,336.05499267578125,61787
2026-09-18 19:46:00+00:00,335.9814147949219,335.9814147949219,336.0625,335.90301513671875,336.04998779296875,40797
2026-09-18 19:47:00+00:00,335.989990234375,335.989990234375,336.0799865722656,335.95001220703125,335.9849853515625,66759
2026-09-18 19:48:00+00:00,336.1199951171875,336.1199951171875,336.1700134277344,335.9649963378906,335.9804992675781,69289
2026-09-18 19:49:00+00:00,336.19000244140625,336.19000244140625,336.25,336.07000732421875,336.1300048828125,77423
2026-09-18 19:50:00+00:00,336.8800048828125,336.8800048828125,336.94000244140625,336.1000061035156,336.19000244140625,461699
2026-09-18 19:51:00+00:00,336.45001220703125,336.45001220703125,336.9200134277344,336.42999267578125,336.8999938964844,175563
2026-09-18 19:52:00+00:00,336.29998779296875,336.29998779296875,336.5299987792969,336.29998779296875,336.489990234375,156536
2026-09-18 19:53:00+00:00,336.3999938964844,336.3999938964844,336.45001220703125,336.1400146484375,336.32000732421875,106006
2026-09-18 19:54:00+00:00,336.15509033203125,336.15509033203125,336.57000732421875,336.0199890136719,336.42999267578125,133918
2026-09-18 19:55:00+00:00,336.2398986816406,336.2398986816406,336.7699890136719,336.1600036621094,336.19000244140625,312055
2026-09-18 19:56:00+00:00,336.0350036621094,336.0350036621094,336.2699890136719,336.0299987792969,336.2200012207031,193473
2026-09-18 19:57:00+00:00,336.17999267578125,336.17999267578125,336.30999755859375,335.7799987792969,336.0299987792969,438386
2026-09-18 19:58:00+00:00,336.04998779296875,336.04998779296875,336.2099914550781,335.8399963378906,336.17999267578125,660212
2026-09-18 19:59:00+00:00,335.5899963378906,335.5899963378906,336.1000061035156,335.5899963378906,336.0400085449219,1621465
