Timestamp,Adj Close,Close,High,Low,Open,Volume
2026-09-14 13:30:00+00:00,269.6000061035156,269.6000061035156,271.4200134277344,269.6000061035156,271.0,140320
2026-09-14 13:31:00+00:00,270.7250061035156,270.7250061035156,270.7699890136719,269.7799987792969,270.0,11128
2026-09-14 13:32:00+00:00,270.7950134277344,270.7950134277344,271.54998779296875,270.2056884765625,270.5450134277344,27145
2026-09-14 13:33:00+00:00,270.42999267578125,270.42999267578125,270.9700012207031,270.0199890136719,270.80499267578125,9700
2026-09-14 13:34:00+00:00,270.2799987792969,270.2799987792969,270.5762023925781,270.1600036621094,270.42999267578125,10636
2026-09-14 13:35:00+00:00,270.0050048828125,270.0050048828125,270.2113952636719,269.70001220703125,270.2113952636719,16736
2026-09-14 13:36:00+00:00,270.19000244140625,270.19000244140625,270.19000244140625,269.7699890136719,269.7799987792969,3769
2026-09-14 13:37:00+00:00,269.864990234375,269.864990234375,270.0,269.5060119628906,269.8599853515625,4627
2026-09-14 13:38:00+00:00,269.6300048828125,269.6300048828125,269.8299865722656,269.45001220703125,269.69000244140625,5754
2026-09-14 13:39:00+00:00,269.7300109863281,269.7300109863281,269.875,269.2760009765625,269.875,10481
2026-09-14 13:40:00+00:00,269.8399963378906,269.8399963378906,269.989990234375,269.375,269.7550048828125,10878
2026-09-14 13:41:00+00:00,269.54998779296875,269.54998779296875,269.94989013671875,269.489990234375,269.9049987792969,9564
2026-09-14 13:42:00+00:00,270.0,270.0,270.0,269.1499938964844,269.1600036621094,12838
2026-09-14 13:43:00+00:00,269.2250061035156,269.2250061035156,270.0899963378906,269.2250061035156,269.9649963378906,10304
2026-09-14 13:44:00+00:00,269.44500732421875,269.44500732421875,269.67498779296875,269.17999267578125,269.17999267578125,5897
2026-09-14 13:45:00+00:00,269.6099853515625,269.6099853515625,269.8399963378906,269.16839599609375,269.44500732421875,7224
2026-09-14 13:46:00+00:00,269.7898864746094,269.7898864746094,269.7898864746094,269.1499938964844,269.6099853515625,9136
2026-09-14 13:47:00+00:00,269.6050109863281,269.6050109863281,269.7300109863281,269.4599914550781,269.4849853515625,8971
2026-09-14 13:48:00+00:00,270.2699890136719,270.2699890136719,270.3999938964844,269.2449035644531,269.6400146484375,24186
2026-09-14 13:49:00+00:00,270.0849914550781,270.0849914550781,270.3450012207031,269.9700012207031,270.230712890625,15528
2026-09-14 13:50:00+00:00,270.07000732421875,270.07000732421875,270.30999755859375,269.7300109863281,270.20001220703125,16232
2026-09-14 13:51:00+00:00,270.6300048828125,270.6300048828125,270.6300048828125,269.8800048828125,269.92498779296875,7695
2026-09-14 13:52:00+00:00,270.239990234375,270.239990234375,270.739990234375,270.19000244140625,270.6300048828125,19655
2026-09-14 13:53:00+00:00,270.2099914550781,270.2099914550781,270.3800048828125,270.0799865722656,270.1600036621094,7645
2026-09-14 13:54:00+00:00,269.6700134277344,269.6700134277344,270.3399963378906,269.6700134277344,270.3399963378906,10083
2026-09-14 13:55:00+00:00,269.81500244140625,269.81500244140625,269.92999267578125,269.5419921875,269.7349853515625,6864
2026-09-14 13:56:00+00:00,269.70001220703125,269.70001220703125,269.92999267578125,269.70001220703125,269.8711853027344,7683
2026-09-14 13:57:00+00:00,269.7200012207031,269.7200012207031,269.7250061035156,269.6099853515625,269.6600036621094,6353
2026-09-14 13:58:00+00:00,269.3399963378906,269.3399963378906,269.8599853515625,269.2099914550781,269.8599853515625,13695
2026-09-14 13:59:00+00:00,269.3299865722656,269.3299865722656,269.4700012207031,269.12200927734375,269.375,9715
2026-09-14 14:00:00+00:00,269.5299987792969,269.5299987792969,269.5799865722656,269.3800048828125,269.4800109863281,13821
2026-09-14 14:01:00+00:00,269.260009765625,269.260009765625,269.6300048828125,269.2200012207031,269.5199890136719,8450
2026-09-14 14:02:00+00:00,269.4949951171875,269.4949951171875,269.6099853515625,269.25,269.25,3475
2026-09-14 14:03:00+00:00,269.17999267578125,269.17999267578125,269.5,269.1300048828125,269.5,9939
2026-09-14 14:04:00+00:00,269.3299865722656,269.3299865722656,269.3299865722656,269.1700134277344,269.2200012207031,3073
2026-09-14 14:05:00+00:00,269.1700134277344,269.1700134277344,269.4898986816406,269.1499938964844,269.3399963378906,5714
2026-09-14 14:06:00+00:00,268.95001220703125,268.95001220703125,269.29998779296875,268.95001220703125,269.1700134277344,7803
2026-09-14 14:07:00+00:00,268.93499755859375,268.93499755859375,268.94000244140625,268.8299865722656,268.8620910644531,4645
2026-09-14 14:08:00+00:00,269.1499938964844,269.1499938964844,269.1499938964844,268.9849853515625,269.010009765625,3138
2026-09-14 14:09:00+00:00,269.13360595703125,269.13360595703125,269.13360595703125,268.92999267578125,269.0400085449219,6167
2026-09-14 14:10:00+00:00,269.05999755859375,269.05999755859375,269.18499755859375,268.8900146484375,269.1499938964844,5926
2026-09-14 14:11:00+00:00,269.1698913574219,269.1698913574219,269.19000244140625,269.0,269.1499938964844,7189
2026-09-14 14:12:00+00:00,268.739990234375,268.739990234375,269.07000732421875,268.6000061035156,269.0450134277344,7105
2026-09-14 14:13:00+00:00,268.9649963378906,268.9649963378906,268.9649963378906,268.6401062011719,268.7200012207031,8034
2026-09-14 14:14:00+00:00,268.8299865722656,268.8299865722656,269.0,268.7850036621094,268.80499267578125,3903
2026-09-14 14:15:00+00:00,269.0400085449219,269.0400085449219,269.260009765625,268.67999267578125,268.67999267578125,18435
2026-09-14 14:16:00+00:00,269.1000061035156,269.1000061035156,269.1499938964844,268.9200134277344,269.1000061035156,3372
2026-09-14 14:17:00+00:00,269.1390075683594,269.1390075683594,269.239990234375,268.8999938964844,269.0,18669
2026-09-14 14:18:00+00:00,269.42999267578125,269.42999267578125,269.42999267578125,269.0199890136719,269.0199890136719,7481
2026-09-14 14:19:00+00:00,268.989990234375,268.989990234375,269.42999267578125,268.95001220703125,269.4299011230469,10553
2026-09-14 14:20:00+00:00,269.17999267578125,269.17999267578125,269.25,269.0199890136719,269.07000732421875,7191
2026-09-14 14:21:00+00:00,269.2099914550781,269.2099914550781,269.2699890136719,269.1499938964844,269.2099914550781,6303
2026-09-14 14:22:00+00:00,269.1199951171875,269.1199951171875,269.25,269.0299987792969,269.1400146484375,6625
2026-09-14 14:23:00+00:00,269.0199890136719,269.0199890136719,269.2449951171875,269.0,269.20001220703125,7937
2026-09-14 14:24:00+00:00,269.05499267578125,269.05499267578125,269.1400146484375,269.0400085449219,269.04998779296875,4389
2026-09-14 14:25:00+00:00,268.9649963378906,268.9649963378906,269.1099853515625,268.92999267578125,269.1099853515625,4939
2026-09-14 14:26:00+00:00,268.8949890136719,268.8949890136719,268.9549865722656,268.82000732421875,268.94500732421875,6613
2026-09-14 14:27:00+00:00,269.04998779296875,269.04998779296875,269.0929870605469,268.9599914550781,268.9800109863281,5059
2026-09-14 14:28:00+00:00,269.1099853515625,269.1099853515625,269.1099853515625,268.9200134277344,269.0400085449219,4650
2026-09-14 14:29:00+00:00,269.1767883300781,269.1767883300781,269.3299865722656,268.9100036621094,268.9100036621094,28476
2026-09-14 14:30:00+00:00,269.2049865722656,269.2049865722656,269.3399963378906,269.1600036621094,269.260009765625,3953
2026-09-14 14:31:00+00:00,268.9049987792969,268.9049987792969,269.2049865722656,268.9049987792969,269.2049865722656,7224
2026-09-14 14:32:00+00:00,268.79998779296875,268.79998779296875,268.9849853515625,268.7359924316406,268.95001220703125,4855
2026-09-14 14:33:00+00:00,269.04998779296875,269.04998779296875,269.06988525390625,268.79998779296875,268.79998779296875,6082
2026-09-14 14:34:00+00:00,269.07000732421875,269.07000732421875,269.105712890625,268.9750061035156,269.010009765625,3297
2026-09-14 14:35:00+00:00,269.29998779296875,269.29998779296875,269.29998779296875,269.07000732421875,269.1199951171875,5575
2026-09-14 14:36:00+00:00,269.32000732421875,269.32000732421875,269.46099853515625,269.2550048828125,269.3299865722656,4815
2026-09-14 14:37:00+00:00,269.135009765625,269.135009765625,269.3900146484375,269.0899963378906,269.3399963378906,11204
2026-09-14 14:38:00+00:00,269.1400146484375,269.1400146484375,269.260009765625,269.04998779296875,269.0968933105469,6821
2026-09-14 14:39:00+00:00,268.9549865722656,268.9549865722656,269.1400146484375,268.8699951171875,269.03009033203125,11339
2026-09-14 14:40:00+00:00,268.9750061035156,268.9750061035156,269.04998779296875,268.94500732421875,269.0,5411
2026-09-14 14:41:00+00:00,269.0050048828125,269.0050048828125,269.1099853515625,268.92999267578125,269.0198974609375,6883
2026-09-14 14:42:00+00:00,268.94000244140625,268.94000244140625,268.9549865722656,268.8699951171875,268.93280029296875,3855
2026-09-14 14:43:00+00:00,268.7651062011719,268.7651062011719,268.8699951171875,268.7651062011719,268.8699951171875,7052
2026-09-14 14:44:00+00:00,268.80999755859375,268.80999755859375,268.80999755859375,268.6600036621094,268.67999267578125,2616
2026-09-14 14:45:00+00:00,268.7099914550781,268.7099914550781,268.8599853515625,268.70001220703125,268.8500061035156,6019
2026-09-14 14:46:00+00:00,268.67120361328125,268.67120361328125,268.8800048828125,268.67120361328125,268.7799987792969,4366
2026-09-14 14:47:00+00:00,268.4549865722656,268.4549865722656,268.6499938964844,268.32611083984375,268.6499938964844,13842
2026-09-14 14:48:00+00:00,268.7300109863281,268.7300109863281,268.739990234375,268.3612976074219,268.45001220703125,11772
2026-09-14 14:49:00+00:00,268.6000061035156,268.6000061035156,268.8399963378906,268.54998779296875,268.7250061035156,9550
2026-09-14 14:50:00+00:00,268.70001220703125,268.70001220703125,268.70001220703125,268.53729248046875,268.57501220703125,2886
2026-09-14 14:51:00+00:00,268.5299987792969,268.5299987792969,268.70001220703125,268.5,268.70001220703125,5546
2026-09-14 14:52:00+00:00,268.7200012207031,268.7200012207031,268.7200012207031,268.5450134277344,268.5450134277344,3051
2026-09-14 14:53:00+00:00,268.7002258300781,268.7002258300781,268.7998962402344,268.6300048828125,268.7998962402344,3504
2026-09-14 14:54:00+00:00,268.7200012207031,268.7200012207031,268.80999755859375,268.5899963378906,268.69000244140625,2930
2026-09-14 14:55:00+00:00,268.68499755859375,268.68499755859375,268.7699890136719,268.68499755859375,268.760009765625,1737
2026-09-14 14:56:00+00:00,268.29998779296875,268.29998779296875,268.760009765625,268.19000244140625,268.760009765625,9378
2026-09-14 14:57:00+00:00,268.30999755859375,268.30999755859375,268.4100036621094,268.2138977050781,268.3399963378906,6068
2026-09-14 14:58:00+00:00,268.3349914550781,268.3349914550781,268.42999267578125,268.3299865722656,268.3299865722656,10908
2026-09-14 14:59:00+00:00,268.2349853515625,268.2349853515625,268.3240051269531,268.1499938964844,268.32000732421875,6392
2026-09-14 15:00:00+00:00,268.2149963378906,268.2149963378906,268.32049560546875,268.1535949707031,268.32049560546875,8448
2026-09-14 15:01:00+00:00,268.07000732421875,268.07000732421875,268.2099914550781,268.0093994140625,268.2099914550781,8169
2026-09-14 15:02:00+00:00,268.1449890136719,268.1449890136719,268.20989990234375,268.04998779296875,268.1000061035156,8664
2026-09-14 15:03:00+00:00,268.1300048828125,268.1300048828125,268.1549987792969,268.0801086425781,268.1449890136719,5375
2026-09-14 15:04:00+00:00,268.0950012207031,268.0950012207031,268.1799011230469,268.0176086425781,268.1300048828125,6772
2026-09-14 15:05:00+00:00,268.2799987792969,268.2799987792969,268.45001220703125,268.0950012207031,268.1600036621094,13468
2026-09-14 15:06:00+00:00,268.3349914550781,268.3349914550781,268.375,268.17999267578125,268.2699890136719,12940
2026-09-14 15:07:00+00:00,268.2300109863281,268.2300109863281,268.2699890136719,268.1600036621094,268.2699890136719,2319
2026-09-14 15:08:00+00:00,268.1300048828125,268.1300048828125,268.2174987792969,268.07000732421875,268.1499938964844,9869
2026-09-14 15:09:00+00:00,268.4150085449219,268.4150085449219,268.4150085449219,268.2200012207031,268.2200012207031,6567
2026-09-14 15:11:00+00:00,268.3301086425781,268.3301086425781,268.5400085449219,268.3301086425781,268.4100036621094,6547
2026-09-14 15:12:00+00:00,268.4750061035156,268.4750061035156,268.510009765625,268.3299865722656,268.3299865722656,5529
2026-09-14 15:13:00+00:00,268.4599914550781,268.4599914550781,268.4649963378906,268.3900146484375,268.4649963378906,2539
2026-09-14 15:14:00+00:00,268.2900085449219,268.2900085449219,268.3999938964844,268.2900085449219,268.3999938964844,2819
2026-09-14 15:15:00+00:00,268.1400146484375,268.1400146484375,268.2950134277344,268.1400146484375,268.2950134277344,3881
2026-09-14 15:16:00+00:00,268.4200134277344,268.4200134277344,268.4200134277344,268.0899963378906,268.1499938964844,7114
2026-09-14 15:17:00+00:00,268.3349914550781,268.3349914550781,268.4200134277344,268.25,268.4200134277344,6087
2026-09-14 15:18:00+00:00,268.2699890136719,268.2699890136719,268.3299865722656,268.25,268.32000732421875,5179
2026-09-14 15:19:00+00:00,268.2149963378906,268.2149963378906,268.2900085449219,268.20001220703125,268.2900085449219,2953
2026-09-14 15:20:00+00:00,268.2250061035156,268.2250061035156,268.3349914550781,268.17999267578125,268.2149963378906,12257
2026-09-14 15:21:00+00:00,268.2250061035156,268.2250061035156,268.2250061035156,268.17999267578125,268.2250061035156,3692
2026-09-14 15:22:00+00:00,268.6050109863281,268.6050109863281,268.6050109863281,268.29998779296875,268.29998779296875,6553
2026-09-14 15:23:00+00:00,268.45001220703125,268.45001220703125,268.5799865722656,268.45001220703125,268.5799865722656,6025
2026-09-14 15:24:00+00:00,268.3399963378906,268.3399963378906,268.4200134277344,268.3399963378906,268.4049987792969,3584
2026-09-14 15:25:00+00:00,268.3999938964844,268.3999938964844,268.4100036621094,268.2900085449219,268.3800048828125,8508
2026-09-14 15:26:00+00:00,268.3949890136719,268.3949890136719,268.3999938964844,268.3949890136719,268.3949890136719,1843
2026-09-14 15:27:00+00:00,268.5174865722656,268.5174865722656,268.5899963378906,268.4599914550781,268.4599914550781,7499
2026-09-14 15:28:00+00:00,268.510009765625,268.510009765625,268.6600036621094,268.3500061035156,268.5450134277344,10703
2026-09-14 15:29:00+00:00,268.6400146484375,268.6400146484375,268.6400146484375,268.4200134277344,268.4949951171875,5473
2026-09-14 15:30:00+00:00,268.5799865722656,268.5799865722656,268.6600036621094,268.5799865722656,268.6199951171875,4006
2026-09-14 15:31:00+00:00,268.6000061035156,268.6000061035156,268.6199951171875,268.3500061035156,268.5799865722656,10302
2026-09-14 15:32:00+00:00,268.5150146484375,268.5150146484375,268.57000732421875,268.3724060058594,268.510009765625,4983
2026-09-14 15:33:00+00:00,268.625,268.625,268.6600036621094,268.4912109375,268.4912109375,12578
2026-09-14 15:34:00+00:00,268.5299987792969,268.5299987792969,268.67999267578125,268.3800048828125,268.54998779296875,5551
2026-09-14 15:35:00+00:00,268.56500244140625,268.56500244140625,268.6098937988281,268.4700012207031,268.5350036621094,4780
2026-09-14 15:36:00+00:00,268.4176025390625,268.4176025390625,268.6400146484375,268.3905944824219,268.6300048828125,4585
2026-09-14 15:37:00+00:00,268.4700012207031,268.4700012207031,268.55999755859375,268.4599914550781,268.4800109863281,2566
2026-09-14 15:38:00+00:00,268.5199890136719,268.5199890136719,268.5299987792969,268.3900146484375,268.4599914550781,5427
2026-09-14 15:39:00+00:00,268.54998779296875,268.54998779296875,268.54998779296875,268.4601135253906,268.510009765625,1887
2026-09-14 15:40:00+00:00,268.3500061035156,268.3500061035156,268.57000732421875,268.3399963378906,268.54998779296875,7616
2026-09-14 15:41:00+00:00,268.364990234375,268.364990234375,268.4150085449219,268.30999755859375,268.3399963378906,3585
2026-09-14 15:42:00+00:00,268.7300109863281,268.7300109863281,268.7300109863281,268.3999938964844,268.3999938964844,4805
2026-09-14 15:43:00+00:00,268.7449951171875,268.7449951171875,268.7900085449219,268.6700134277344,268.7900085449219,3280
2026-09-14 15:44:00+00:00,268.6499938964844,268.6499938964844,268.69000244140625,268.6499938964844,268.69000244140625,1229
2026-09-14 15:45:00+00:00,268.6099853515625,268.6099853515625,268.69000244140625,268.5299987792969,268.67999267578125,2462
2026-09-14 15:46:00+00:00,268.49139404296875,268.49139404296875,268.6650085449219,268.44000244140625,268.6300048828125,4015
2026-09-14 15:47:00+00:00,268.55499267578125,268.55499267578125,268.6600036621094,268.4700012207031,268.55499267578125,2418
2026-09-14 15:48:00+00:00,268.44000244140625,268.44000244140625,268.5032043457031,268.3904113769531,268.4599914550781,6729
2026-09-14 15:49:00+00:00,268.30999755859375,268.30999755859375,268.3900146484375,268.260009765625,268.3900146484375,1977
2026-09-14 15:50:00+00:00,268.43499755859375,268.43499755859375,268.489990234375,268.30499267578125,268.30499267578125,2859
2026-09-14 15:51:00+00:00,268.6549987792969,268.6549987792969,268.6549987792969,268.4200134277344,268.4700012207031,5093
2026-09-14 15:52:00+00:00,268.67999267578125,268.67999267578125,268.67999267578125,268.54998779296875,268.57000732421875,4639
2026-09-14 15:53:00+00:00,268.7449951171875,268.7449951171875,268.760009765625,268.5899963378906,268.6400146484375,4062
2026-09-14 15:54:00+00:00,268.69500732421875,268.69500732421875,268.8599853515625,268.69500732421875,268.7264099121094,5545
2026-09-14 15:55:00+00:00,268.6700134277344,268.6700134277344,268.7200012207031,268.6499938964844,268.7200012207031,3423
2026-09-14 15:56:00+00:00,268.5899963378906,268.5899963378906,268.70001220703125,268.5400085449219,268.6593017578125,4242
2026-09-14 15:57:00+00:00,268.6600036621094,268.6600036621094,268.7200012207031,268.55999755859375,268.55999755859375,2828
2026-09-14 15:58:00+00:00,268.6499938964844,268.6499938964844,268.6650085449219,268.6499938964844,268.6650085449219,1719
2026-09-14 15:59:00+00:00,268.4460144042969,268.4460144042969,268.6300048828125,268.4460144042969,268.5799865722656,4847
2026-09-14 16:00:00+00:00,268.2799987792969,268.2799987792969,268.5400085449219,268.2799987792969,268.5400085449219,4186
2026-09-14 16:01:00+00:00,268.275390625,268.275390625,268.4100036621094,268.2200012207031,268.31500244140625,4090
2026-09-14 16:02:00+00:00,268.21600341796875,268.21600341796875,268.3104248046875,268.1700134277344,268.30499267578125,7356
2026-09-14 16:03:00+00:00,268.2699890136719,268.2699890136719,268.30999755859375,268.17999267578125,268.2349853515625,5705
2026-09-14 16:04:00+00:00,268.2449951171875,268.2449951171875,268.2749938964844,268.1700134277344,268.2749938964844,4281
2026-09-14 16:05:00+00:00,268.2950134277344,268.2950134277344,268.32000732421875,268.1600036621094,268.25,4517
2026-09-14 16:06:00+00:00,267.94000244140625,267.94000244140625,268.30499267578125,267.94000244140625,268.2300109863281,5026
2026-09-14 16:07:00+00:00,268.1449890136719,268.1449890136719,268.1449890136719,267.9800109863281,267.9800109863281,2798
2026-09-14 16:08:00+00:00,268.07501220703125,268.07501220703125,268.1099853515625,267.9516906738281,268.1000061035156,2834
2026-09-14 16:09:00+00:00,268.05999755859375,268.05999755859375,268.1199951171875,268.010009765625,268.1199951171875,3575
2026-09-14 16:10:00+00:00,268.1000061035156,268.1000061035156,268.1549987792969,268.1000061035156,268.1000061035156,3055
2026-09-14 16:11:00+00:00,268.0799865722656,268.0799865722656,268.168701171875,268.0799865722656,268.114990234375,4735
2026-09-14 16:12:00+00:00,268.0299987792969,268.0299987792969,268.135009765625,268.0299987792969,268.0414123535156,4365
2026-09-14 16:13:00+00:00,268.04998779296875,268.04998779296875,268.1050109863281,267.989990234375,268.0,2662
2026-09-14 16:14:00+00:00,267.989990234375,267.989990234375,268.0299987792969,267.9700012207031,267.989990234375,3268
2026-09-14 16:15:00+00:00,267.9049987792969,267.9049987792969,268.0299987792969,267.8999938964844,268.0299987792969,2743
2026-09-14 16:16:00+00:00,267.8999938964844,267.8999938964844,267.9599914550781,267.87091064453125,267.9049987792969,5949
2026-09-14 16:17:00+00:00,267.79998779296875,267.79998779296875,267.8999938964844,267.79998779296875,267.8699951171875,2295
2026-09-14 16:18:00+00:00,267.9100036621094,267.9100036621094,267.9100036621094,267.7900085449219,267.85260009765625,5281
2026-09-14 16:19:00+00:00,267.8800048828125,267.8800048828125,267.95001220703125,267.8550109863281,267.8599853515625,2750
2026-09-14 16:20:00+00:00,267.9599914550781,267.9599914550781,267.9599914550781,267.7799987792969,267.8800048828125,5236
2026-09-14 16:21:00+00:00,268.04998779296875,268.04998779296875,268.04998779296875,267.9949951171875,267.9949951171875,1365
2026-09-14 16:22:00+00:00,267.9599914550781,267.9599914550781,268.04998779296875,267.9599914550781,268.04998779296875,2408
2026-09-14 16:23:00+00:00,268.0799865722656,268.0799865722656,268.0799865722656,267.9393005371094,268.00250244140625,2486
2026-09-14 16:24:00+00:00,268.010009765625,268.010009765625,268.1000061035156,268.010009765625,268.0150146484375,2609
2026-09-14 16:25:00+00:00,268.0299987792969,268.0299987792969,268.1300048828125,268.0,268.0199890136719,2204
2026-09-14 16:26:00+00:00,267.9407043457031,267.9407043457031,268.0299987792969,267.9359130859375,268.0299987792969,1103
2026-09-14 16:27:00+00:00,268.0150146484375,268.0150146484375,268.0450134277344,267.9800109863281,268.0199890136719,2171
2026-09-14 16:28:00+00:00,268.0450134277344,268.0450134277344,268.0450134277344,267.95001220703125,267.9599914550781,3839
2026-09-14 16:29:00+00:00,268.04998779296875,268.04998779296875,268.04998779296875,267.989990234375,267.9901123046875,3036
2026-09-14 16:30:00+00:00,268.2250061035156,268.2250061035156,268.2250061035156,268.06500244140625,268.06500244140625,4431
2026-09-14 16:31:00+00:00,268.25,268.25,268.25,268.1700134277344,268.2349853515625,1627
2026-09-14 16:32:00+00:00,268.17999267578125,268.17999267578125,268.1875,268.1199951171875,268.1199951171875,1326
2026-09-14 16:33:00+00:00,268.19970703125,268.19970703125,268.19970703125,268.1000061035156,268.1700134277344,1322
2026-09-14 16:34:00+00:00,268.0299987792969,268.0299987792969,268.1499938964844,268.0299987792969,268.1099853515625,3091
2026-09-14 16:35:00+00:00,267.9700012207031,267.9700012207031,267.9700012207031,267.8999938964844,267.9700012207031,1988
2026-09-14 16:36:00+00:00,267.8500061035156,267.8500061035156,267.94500732421875,267.8500061035156,267.9100036621094,3784
2026-09-14 16:37:00+00:00,267.8550109863281,267.8550109863281,267.8550109863281,267.7799987792969,267.8262939453125,2150
2026-09-14 16:38:00+00:00,267.760009765625,267.760009765625,267.8800048828125,267.760009765625,267.8399963378906,1998
2026-09-14 16:39:00+00:00,267.82000732421875,267.82000732421875,267.864990234375,267.82000732421875,267.864990234375,1354
2026-09-14 16:40:00+00:00,267.9200134277344,267.9200134277344,267.92999267578125,267.8100891113281,267.92999267578125,1759
2026-09-14 16:41:00+00:00,267.8299865722656,267.8299865722656,267.8800048828125,267.79998779296875,267.8200988769531,3281
2026-09-14 16:42:00+00:00,267.7900085449219,267.7900085449219,267.8299865722656,267.739013671875,267.79998779296875,2692
2026-09-14 16:43:00+00:00,267.79998779296875,267.79998779296875,267.82000732421875,267.75,267.7799987792969,3254
2026-09-14 16:44:00+00:00,267.8500061035156,267.8500061035156,267.8500061035156,267.8500061035156,267.8500061035156,1642
2026-09-14 16:45:00+00:00,267.69000244140625,267.69000244140625,267.8699951171875,267.6400146484375,267.8699951171875,5847
2026-09-14 16:46:00+00:00,267.8500061035156,267.8500061035156,267.8500061035156,267.80999755859375,267.80999755859375,2180
2026-09-14 16:47:00+00:00,267.739990234375,267.739990234375,267.9100036621094,267.739990234375,267.9100036621094,3470
2026-09-14 16:48:00+00:00,267.739990234375,267.739990234375,267.7799987792969,267.67999267578125,267.7799987792969,4824
2026-09-14 16:49:00+00:00,267.7200012207031,267.7200012207031,267.7799987792969,267.7200012207031,267.7799987792969,1724
2026-09-14 16:50:00+00:00,267.6499938964844,267.6499938964844,267.7298889160156,267.5380859375,267.68499755859375,3257
2026-09-14 16:51:00+00:00,267.7799987792969,267.7799987792969,267.7799987792969,267.67999267578125,267.67999267578125,1867
2026-09-14 16:52:00+00:00,267.57000732421875,267.57000732421875,267.760009765625,267.57000732421875,267.7099914550781,2286
2026-09-14 16:53:00+00:00,267.55999755859375,267.55999755859375,267.6400146484375,267.55999755859375,267.6400146484375,822
2026-09-14 16:54:00+00:00,267.5,267.5,267.5849914550781,267.5,267.55999755859375,2812
2026-09-14 16:55:00+00:00,267.614990234375,267.614990234375,267.6600036621094,267.489990234375,267.489990234375,3888
2026-09-14 16:56:00+00:00,267.54071044921875,267.54071044921875,267.614990234375,267.5199890136719,267.614990234375,3936
2026-09-14 16:57:00+00:00,267.5799865722656,267.5799865722656,267.5799865722656,267.5299987792969,267.54998779296875,1324
2026-09-14 16:58:00+00:00,267.4700012207031,267.4700012207031,267.5199890136719,267.4700012207031,267.5008850097656,2368
2026-09-14 16:59:00+00:00,267.45001220703125,267.45001220703125,267.5,267.45001220703125,267.4750061035156,1449
2026-09-14 17:00:00+00:00,267.55999755859375,267.55999755859375,267.55999755859375,267.4750061035156,267.4750061035156,3023
2026-09-14 17:01:00+00:00,267.5249938964844,267.5249938964844,267.5249938964844,267.5249938964844,267.5249938964844,2535
2026-09-14 17:02:00+00:00,267.44500732421875,267.44500732421875,267.510009765625,267.42999267578125,267.510009765625,1689
2026-09-14 17:03:00+00:00,267.42498779296875,267.42498779296875,267.42498779296875,267.3699951171875,267.385009765625,1482
2026-09-14 17:04:00+00:00,267.3200988769531,267.3200988769531,267.42498779296875,267.29998779296875,267.42498779296875,2510
2026-09-14 17:05:00+00:00,267.2900085449219,267.2900085449219,267.4100036621094,267.2900085449219,267.4100036621094,2849
2026-09-14 17:06:00+00:00,267.3699951171875,267.3699951171875,267.3699951171875,267.29998779296875,267.29998779296875,1882
2026-09-14 17:07:00+00:00,267.3599853515625,267.3599853515625,267.3599853515625,267.3599853515625,267.3599853515625,325
2026-09-14 17:08:00+00:00,267.3599853515625,267.3599853515625,267.4100036621094,267.35479736328125,267.3699951171875,2590
2026-09-14 17:09:00+00:00,267.5299987792969,267.5299987792969,267.5299987792969,267.3999938964844,267.4399108886719,2441
2026-09-14 17:10:00+00:00,267.54998779296875,267.54998779296875,267.5899963378906,267.4200134277344,267.45001220703125,3952
2026-09-14 17:11:00+00:00,267.5799865722656,267.5799865722656,267.6099853515625,267.5387878417969,267.5387878417969,1790
2026-09-14 17:12:00+00:00,267.75,267.75,267.7699890136719,267.57501220703125,267.57501220703125,11138
2026-09-14 17:13:00+00:00,267.760009765625,267.760009765625,267.7799987792969,267.69000244140625,267.69000244140625,9008
2026-09-14 17:14:00+00:00,267.7699890136719,267.7699890136719,267.7699890136719,267.7699890136719,267.7699890136719,1214
2026-09-14 17:15:00+00:00,267.7799987792969,267.7799987792969,267.81500244140625,267.756103515625,267.756103515625,1722
2026-09-14 17:16:00+00:00,267.590087890625,267.590087890625,267.78009033203125,267.5799865722656,267.7699890136719,4150
2026-09-14 17:17:00+00:00,267.5950012207031,267.5950012207031,267.67999267578125,267.4800109863281,267.625,19027
2026-09-14 17:18:00+00:00,267.7300109863281,267.7300109863281,267.7300109863281,267.6099853515625,267.6099853515625,6509
2026-09-14 17:19:00+00:00,267.69500732421875,267.69500732421875,267.70001220703125,267.6152038574219,267.70001220703125,1338
2026-09-14 17:20:00+00:00,267.69000244140625,267.69000244140625,267.7049865722656,267.6199951171875,267.7049865722656,2148
2026-09-14 17:21:00+00:00,267.5299987792969,267.5299987792969,267.7049865722656,267.5201110839844,267.7049865722656,3514
2026-09-14 17:22:00+00:00,267.45001220703125,267.45001220703125,267.57000732421875,267.45001220703125,267.55999755859375,2014
2026-09-14 17:23:00+00:00,267.4800109863281,267.4800109863281,267.5249938964844,267.3900146484375,267.3900146484375,8532
2026-09-14 17:24:00+00:00,267.5249938964844,267.5249938964844,267.5249938964844,267.4800109863281,267.4801025390625,1695
2026-09-14 17:25:00+00:00,267.4700012207031,267.4700012207031,267.55999755859375,267.4700012207031,267.5249938964844,2889
2026-09-14 17:26:00+00:00,267.4599914550781,267.4599914550781,267.5299987792969,267.447509765625,267.489990234375,2023
2026-09-14 17:27:00+00:00,267.3800048828125,267.3800048828125,267.4700012207031,267.3800048828125,267.42498779296875,3840
2026-09-14 17:28:00+00:00,267.5,267.5,267.5,267.3815002441406,267.3815002441406,2784
2026-09-14 17:29:00+00:00,267.57501220703125,267.57501220703125,267.57501220703125,267.3399963378906,267.5050048828125,7623
2026-09-14 17:30:00+00:00,267.6449890136719,267.6449890136719,267.6449890136719,267.6199951171875,267.6199951171875,1499
2026-09-14 17:31:00+00:00,267.6400146484375,267.6400146484375,267.68499755859375,267.6400146484375,267.67999267578125,3782
2026-09-14 17:32:00+00:00,267.7749938964844,267.7749938964844,267.7799987792969,267.67999267578125,267.7099914550781,3867
2026-09-14 17:33:00+00:00,267.635009765625,267.635009765625,267.7799987792969,267.6199951171875,267.7799987792969,4373
2026-09-14 17:34:00+00:00,267.7550048828125,267.7550048828125,267.7699890136719,267.6600036621094,267.69500732421875,3987
2026-09-14 17:35:00+00:00,267.7275085449219,267.7275085449219,267.7699890136719,267.6499938964844,267.7699890136719,2164
2026-09-14 17:36:00+00:00,267.8349914550781,267.8349914550781,267.8349914550781,267.7699890136719,267.7699890136719,2043
2026-09-14 17:37:00+00:00,267.75830078125,267.75830078125,267.8349914550781,267.75830078125,267.79229736328125,3248
2026-09-14 17:38:00+00:00,267.79998779296875,267.79998779296875,267.82501220703125,267.760009765625,267.81500244140625,2196
2026-09-14 17:39:00+00:00,267.8699951171875,267.8699951171875,267.8800048828125,267.79998779296875,267.79998779296875,2382
2026-09-14 17:40:00+00:00,267.8699951171875,267.8699951171875,267.8699951171875,267.81500244140625,267.81500244140625,1062
2026-09-14 17:41:00+00:00,267.79998779296875,267.79998779296875,267.8900146484375,267.7799987792969,267.8299865722656,5365
2026-09-14 17:42:00+00:00,267.739990234375,267.739990234375,267.82000732421875,267.7200012207031,267.82000732421875,2139
2026-09-14 17:43:00+00:00,267.760009765625,267.760009765625,267.760009765625,267.7362976074219,267.7362976074219,2458
2026-09-14 17:44:00+00:00,267.7200012207031,267.7200012207031,267.7650146484375,267.7200012207031,267.75,1829
2026-09-14 17:45:00+00:00,267.67999267578125,267.67999267578125,267.7550048828125,267.67999267578125,267.7550048828125,2189
2026-09-14 17:46:00+00:00,267.760009765625,267.760009765625,267.80999755859375,267.6600036621094,267.6700134277344,9057
2026-09-14 17:47:00+00:00,267.6600036621094,267.6600036621094,267.82000732421875,267.6600036621094,267.82000732421875,4022
2026-09-14 17:48:00+00:00,267.739990234375,267.739990234375,267.739990234375,267.6600036621094,267.739990234375,1515
2026-09-14 17:49:00+00:00,267.6600036621094,267.6600036621094,267.7349853515625,267.6600036621094,267.7349853515625,4806
2026-09-14 17:50:00+00:00,267.64599609375,267.64599609375,267.6549987792969,267.64599609375,267.6549987792969,787
2026-09-14 17:51:00+00:00,267.6501159667969,267.6501159667969,267.70001220703125,267.6000061035156,267.70001220703125,4314
2026-09-14 17:52:00+00:00,267.7200012207031,267.7200012207031,267.739990234375,267.6499938964844,267.68701171875,4700
2026-09-14 17:53:00+00:00,267.7149963378906,267.7149963378906,267.7449951171875,267.6401062011719,267.7449951171875,1456
2026-09-14 17:54:00+00:00,267.6650085449219,267.6650085449219,267.7900085449219,267.6650085449219,267.7449951171875,1824
2026-09-14 17:55:00+00:00,267.69000244140625,267.69000244140625,267.7349853515625,267.6653137207031,267.7099914550781,3116
2026-09-14 17:56:00+00:00,267.7200012207031,267.7200012207031,267.7200012207031,267.6940002441406,267.7049865722656,1991
2026-09-14 17:57:00+00:00,267.6199951171875,267.6199951171875,267.7699890136719,267.6099853515625,267.7200012207031,5893
2026-09-14 17:58:00+00:00,267.55999755859375,267.55999755859375,267.70001220703125,267.55999755859375,267.6300048828125,8455
2026-09-14 17:59:00+00:00,267.510009765625,267.510009765625,267.5899963378906,267.510009765625,267.55731201171875,1958
2026-09-14 18:00:00+00:00,267.5799865722656,267.5799865722656,267.5799865722656,267.5799865722656,267.5799865722656,1739
2026-09-14 18:01:00+00:00,267.67498779296875,267.67498779296875,267.67999267578125,267.6050109863281,267.6059875488281,3706
2026-09-14 18:02:00+00:00,267.6700134277344,267.6700134277344,267.69500732421875,267.65478515625,267.69500732421875,1230
2026-09-14 18:03:00+00:00,267.68499755859375,267.68499755859375,267.7300109863281,267.6499938964844,267.7099914550781,2538
2026-09-14 18:04:00+00:00,267.61749267578125,267.61749267578125,267.7049865722656,267.61749267578125,267.7049865722656,5859
2026-09-14 18:05:00+00:00,267.8699951171875,267.8699951171875,267.8699951171875,267.5942077636719,267.6549987792969,5740
2026-09-14 18:06:00+00:00,267.9100036621094,267.9100036621094,267.9200134277344,267.7699890136719,267.8550109863281,2573
2026-09-14 18:07:00+00:00,267.67498779296875,267.67498779296875,267.8800048828125,267.67498779296875,267.8800048828125,5284
2026-09-14 18:08:00+00:00,267.7200012207031,267.7200012207031,267.739990234375,267.61859130859375,267.67498779296875,4942
2026-09-14 18:09:00+00:00,267.6000061035156,267.6000061035156,267.79998779296875,267.6000061035156,267.79998779296875,4396
2026-09-14 18:10:00+00:00,267.55999755859375,267.55999755859375,267.6499938964844,267.5299987792969,267.6499938964844,2074
2026-09-14 18:11:00+00:00,267.5299987792969,267.5299987792969,267.6000061035156,267.5299987792969,267.5570068359375,4162
2026-09-14 18:12:00+00:00,267.5899963378906,267.5899963378906,267.5899963378906,267.55499267578125,267.55499267578125,2741
2026-09-14 18:13:00+00:00,267.6499938964844,267.6499938964844,267.7699890136719,267.6050109863281,267.6600036621094,3173
2026-09-14 18:14:00+00:00,267.80999755859375,267.80999755859375,267.8550109863281,267.68255615234375,267.68255615234375,3737
2026-09-14 18:15:00+00:00,267.7550048828125,267.7550048828125,267.80999755859375,267.7300109863281,267.80999755859375,2796
2026-09-14 18:16:00+00:00,267.7049865722656,267.7049865722656,267.7449951171875,267.67999267578125,267.70001220703125,3497
2026-09-14 18:17:00+00:00,267.6549987792969,267.6549987792969,267.7049865722656,267.6499938964844,267.7049865722656,4900
2026-09-14 18:18:00+00:00,267.6600036621094,267.6600036621094,267.7300109863281,267.6400146484375,267.6969909667969,4293
2026-09-14 18:19:00+00:00,267.7099914550781,267.7099914550781,267.7300109863281,267.7099914550781,267.7300109863281,1289
2026-09-14 18:20:00+00:00,267.739990234375,267.739990234375,267.739990234375,267.6709899902344,267.7099914550781,2611
2026-09-14 18:21:00+00:00,267.760009765625,267.760009765625,267.79998779296875,267.760009765625,267.760009765625,3627
2026-09-14 18:22:00+00:00,267.79998779296875,267.79998779296875,267.8299865722656,267.79998779296875,267.79998779296875,3420
2026-09-14 18:23:00+00:00,267.739990234375,267.739990234375,267.8299865722656,267.739990234375,267.8299865722656,4754
2026-09-14 18:24:00+00:00,267.75,267.75,267.75,267.70001220703125,267.70001220703125,1344
2026-09-14 18:25:00+00:00,267.7724914550781,267.7724914550781,267.79998779296875,267.760009765625,267.760009765625,2605
2026-09-14 18:26:00+00:00,267.8299865722656,267.8299865722656,267.8349914550781,267.7449951171875,267.7449951171875,4444
2026-09-14 18:27:00+00:00,267.7699890136719,267.7699890136719,267.80999755859375,267.7401123046875,267.80999755859375,3820
2026-09-14 18:28:00+00:00,267.7200012207031,267.7200012207031,267.7699890136719,267.7200012207031,267.7401123046875,3586
2026-09-14 18:29:00+00:00,267.8299865722656,267.8299865722656,267.8299865722656,267.7099914550781,267.7099914550781,2455
2026-09-14 18:30:00+00:00,267.7900085449219,267.7900085449219,267.7900085449219,267.739990234375,267.7900085449219,2707
2026-09-14 18:31:00+00:00,267.8200988769531,267.8200988769531,267.8699951171875,267.7900085449219,267.7950134277344,2659
2026-09-14 18:32:00+00:00,267.9849853515625,267.9849853515625,268.0299987792969,267.8297119140625,267.8699951171875,11770
2026-09-14 18:33:00+00:00,267.9700012207031,267.9700012207031,268.04998779296875,267.92999267578125,267.9599914550781,10880
2026-09-14 18:34:00+00:00,267.92999267578125,267.92999267578125,267.9800109863281,267.8699951171875,267.9800109863281,12384
2026-09-14 18:35:00+00:00,267.92498779296875,267.92498779296875,267.989990234375,267.9065856933594,267.95001220703125,11696
2026-09-14 18:36:00+00:00,267.9599914550781,267.9599914550781,268.2099914550781,267.9200134277344,267.9200134277344,31561
2026-09-14 18:37:00+00:00,267.94830322265625,267.94830322265625,268.0,267.8999938964844,267.9949951171875,2954
2026-09-14 18:38:00+00:00,267.95001220703125,267.95001220703125,267.95001220703125,267.9150085449219,267.9200134277344,3229
2026-09-14 18:39:00+00:00,267.80999755859375,267.80999755859375,267.8500061035156,267.80999755859375,267.8500061035156,2350
2026-09-14 18:40:00+00:00,267.8399963378906,267.8399963378906,267.8500061035156,267.8100891113281,267.8500061035156,2429
2026-09-14 18:41:00+00:00,267.68499755859375,267.68499755859375,267.8599853515625,267.614990234375,267.8599853515625,5959
2026-09-14 18:42:00+00:00,267.6679992675781,267.6679992675781,267.70001220703125,267.5950012207031,267.6700134277344,4831
2026-09-14 18:43:00+00:00,267.75,267.75,267.75,267.7250061035156,267.7250061035156,3084
2026-09-14 18:44:00+00:00,267.78741455078125,267.78741455078125,267.78741455078125,267.6900939941406,267.75,1686
2026-09-14 18:45:00+00:00,267.70001220703125,267.70001220703125,267.7699890136719,267.69000244140625,267.739990234375,3870
2026-09-14 18:46:00+00:00,267.69000244140625,267.69000244140625,267.7861022949219,267.69000244140625,267.75,3530
2026-09-14 18:47:00+00:00,267.7550048828125,267.7550048828125,267.7799987792969,267.7300109863281,267.7349853515625,3209
2026-09-14 18:48:00+00:00,267.864990234375,267.864990234375,267.864990234375,267.7300109863281,267.7550048828125,4676
2026-09-14 18:49:00+00:00,267.875,267.875,267.875,267.8103942871094,267.8500061035156,2102
2026-09-14 18:50:00+00:00,267.89898681640625,267.89898681640625,267.8999938964844,267.8299865722656,267.875,4164
2026-09-14 18:51:00+00:00,267.8399963378906,267.8399963378906,267.95001220703125,267.8399963378906,267.8699951171875,6207
2026-09-14 18:52:00+00:00,267.8299865722656,267.8299865722656,267.8774108886719,267.82000732421875,267.82000732421875,1463
2026-09-14 18:53:00+00:00,267.8399963378906,267.8399963378906,267.8399963378906,267.7799987792969,267.80999755859375,2388
2026-09-14 18:54:00+00:00,267.8999938964844,267.8999938964844,267.9100036621094,267.7950134277344,267.82000732421875,5240
2026-09-14 18:55:00+00:00,267.9200134277344,267.9200134277344,267.9200134277344,267.85870361328125,267.8800048828125,1208
2026-09-14 18:56:00+00:00,267.92999267578125,267.92999267578125,267.92999267578125,267.92999267578125,267.92999267578125,2911
2026-09-14 18:57:00+00:00,267.93499755859375,267.93499755859375,267.93499755859375,267.93499755859375,267.93499755859375,1174
2026-09-14 18:58:00+00:00,267.8299865722656,267.8299865722656,267.93499755859375,267.7699890136719,267.93499755859375,5111
2026-09-14 18:59:00+00:00,267.6700134277344,267.6700134277344,267.80999755859375,267.6700134277344,267.80999755859375,9308
2026-09-14 19:00:00+00:00,267.75,267.75,267.7900085449219,267.68011474609375,267.68011474609375,10222
2026-09-14 19:01:00+00:00,267.79998779296875,267.79998779296875,267.82391357421875,267.75,267.82391357421875,3710
2026-09-14 19:02:00+00:00,267.6695861816406,267.6695861816406,267.79998779296875,267.60009765625,267.79998779296875,5726
2026-09-14 19:03:00+00:00,267.5299987792969,267.5299987792969,267.6400146484375,267.5299987792969,267.6400146484375,9943
2026-09-14 19:04:00+00:00,267.3599853515625,267.3599853515625,267.55999755859375,267.3599853515625,267.55999755859375,11460
2026-09-14 19:05:00+00:00,267.32000732421875,267.32000732421875,267.3999938964844,267.2900085449219,267.3999938964844,3497
2026-09-14 19:06:00+00:00,267.29998779296875,267.29998779296875,267.3500061035156,267.2699890136719,267.3500061035156,10801
2026-09-14 19:07:00+00:00,267.364990234375,267.364990234375,267.3800048828125,267.2699890136719,267.32000732421875,12078
2026-09-14 19:08:00+00:00,267.2799987792969,267.2799987792969,267.3599853515625,267.2799987792969,267.3599853515625,2328
2026-09-14 19:09:00+00:00,267.3550109863281,267.3550109863281,267.3999938964844,267.3450012207031,267.3599853515625,2484
2026-09-14 19:10:00+00:00,267.3349914550781,267.3349914550781,267.4100036621094,267.28009033203125,267.3599853515625,6040
2026-09-14 19:11:00+00:00,267.2950134277344,267.2950134277344,267.385009765625,267.25,267.28009033203125,7786
2026-09-14 19:12:00+00:00,267.2349853515625,267.2349853515625,267.3500061035156,267.20050048828125,267.2950134277344,7184
2026-09-14 19:13:00+00:00,267.2099914550781,267.2099914550781,267.2799987792969,267.2099914550781,267.2799987792969,2553
2026-09-14 19:14:00+00:00,267.2449951171875,267.2449951171875,267.2699890136719,267.17999267578125,267.2349853515625,4254
2026-09-14 19:15:00+00:00,267.3599853515625,267.3599853515625,267.4800109863281,267.29998779296875,267.32000732421875,8824
2026-09-14 19:16:00+00:00,267.3500061035156,267.3500061035156,267.3500061035156,267.2449951171875,267.2900085449219,5422
2026-09-14 19:17:00+00:00,267.2550048828125,267.2550048828125,267.4200134277344,267.2074890136719,267.3550109863281,8142
2026-09-14 19:18:00+00:00,267.2950134277344,267.2950134277344,267.30999755859375,267.1767883300781,267.25,9500
2026-09-14 19:19:00+00:00,267.3399963378906,267.3399963378906,267.3800048828125,267.29998779296875,267.29998779296875,5074
2026-09-14 19:20:00+00:00,267.3822937011719,267.3822937011719,267.3900146484375,267.29998779296875,267.3500061035156,5325
2026-09-14 19:21:00+00:00,267.29998779296875,267.29998779296875,267.3949890136719,267.29998779296875,267.3599853515625,6515
2026-09-14 19:22:00+00:00,267.2449951171875,267.2449951171875,267.30499267578125,267.2449951171875,267.30499267578125,4344
2026-09-14 19:23:00+00:00,267.2300109863281,267.2300109863281,267.2699890136719,267.1700134277344,267.25,7597
2026-09-14 19:24:00+00:00,267.28021240234375,267.28021240234375,267.3924865722656,267.2300109863281,267.260009765625,11216
2026-09-14 19:25:00+00:00,267.2998962402344,267.2998962402344,267.3667907714844,267.239990234375,267.3550109863281,11200
2026-09-14 19:26:00+00:00,267.1449890136719,267.1449890136719,267.260009765625,267.1000061035156,267.260009765625,10285
2026-09-14 19:27:00+00:00,267.1600036621094,267.1600036621094,267.2349853515625,267.1099853515625,267.1099853515625,6175
2026-09-14 19:28:00+00:00,267.1499938964844,267.1499938964844,267.2200012207031,267.1499938964844,267.1700134277344,5016
2026-09-14 19:29:00+00:00,267.0799865722656,267.0799865722656,267.20001220703125,267.0799865722656,267.1449890136719,11269
2026-09-14 19:30:00+00:00,267.364990234375,267.364990234375,267.4100036621094,267.1199951171875,267.1199951171875,20163
2026-09-14 19:31:00+00:00,267.364990234375,267.364990234375,267.3800048828125,267.21099853515625,267.3699951171875,12338
2026-09-14 19:32:00+00:00,267.2749938964844,267.2749938964844,267.3840026855469,267.2749938964844,267.3609924316406,3989
2026-09-14 19:33:00+00:00,267.239990234375,267.239990234375,267.260009765625,267.0899963378906,267.2300109863281,10564
2026-09-14 19:34:00+00:00,267.04998779296875,267.04998779296875,267.18499755859375,267.0400085449219,267.18499755859375,8811
2026-09-14 19:35:00+00:00,267.29998779296875,267.29998779296875,267.3138122558594,267.0450134277344,267.0799865722656,9645
2026-09-14 19:36:00+00:00,267.1514892578125,267.1514892578125,267.30999755859375,267.1510009765625,267.2900085449219,5892
2026-09-14 19:37:00+00:00,267.07000732421875,267.07000732421875,267.1600036621094,267.0400085449219,267.1600036621094,5972
2026-09-14 19:38:00+00:00,266.973388671875,266.973388671875,267.1000061035156,266.97100830078125,267.1000061035156,10702
2026-09-14 19:39:00+00:00,267.1449890136719,267.1449890136719,267.17999267578125,266.989990234375,267.0199890136719,24606
2026-09-14 19:40:00+00:00,267.0450134277344,267.0450134277344,267.1600036621094,266.989990234375,267.1449890136719,10142
2026-09-14 19:41:00+00:00,266.8999938964844,266.8999938964844,266.989990234375,266.8699951171875,266.989990234375,6918
2026-09-14 19:42:00+00:00,266.9801025390625,266.9801025390625,266.9949951171875,266.80999755859375,266.8900146484375,7174
2026-09-14 19:43:00+00:00,266.9200134277344,266.9200134277344,267.0450134277344,266.9200134277344,267.0050048828125,9247
2026-09-14 19:44:00+00:00,267.0,267.0,267.0400085449219,266.9549865722656,266.9599914550781,8817
2026-09-14 19:45:00+00:00,267.0799865722656,267.0799865722656,267.1300048828125,266.9949951171875,267.0899963378906,11055
2026-09-14 19:46:00+00:00,267.1099853515625,267.1099853515625,267.1600036621094,267.05999755859375,267.0849914550781,8708
2026-09-14 19:47:00+00:00,267.1300048828125,267.1300048828125,267.1700134277344,267.1000061035156,267.125,4823
2026-09-14 19:48:00+00:00,267.1099853515625,267.1099853515625,267.20001220703125,267.03009033203125,267.1499938964844,13805
2026-09-14 19:49:00+00:00,267.1499938964844,267.1499938964844,267.1899108886719,267.0199890136719,267.0849914550781,15538
2026-09-14 19:50:00+00:00,266.9200134277344,266.9200134277344,267.1400146484375,266.8999938964844,267.1400146484375,13377
2026-09-14 19:51:00+00:00,266.8900146484375,266.8900146484375,266.95001220703125,266.79998779296875,266.8800048828125,12285
2026-09-14 19:52:00+00:00,266.760009765625,266.760009765625,266.8999938964844,266.67999267578125,266.8999938964844,13404
2026-09-14 19:53:00+00:00,266.70001220703125,266.70001220703125,266.7799987792969,266.65069580078125,266.760009765625,10318
2026-09-14 19:54:00+00:00,266.75,266.75,266.75,266.6700134277344,266.739990234375,12174
2026-09-14 19:55:00+00:00,266.8399963378906,266.8399963378906,266.8900146484375,266.6600036621094,266.760009765625,71820
2026-09-14 19:56:00+00:00,266.7699890136719,266.7699890136719,266.8699951171875,266.739990234375,266.8699951171875,23127
2026-09-14 19:57:00+00:00,266.7699890136719,266.7699890136719,266.8599853515625,266.75,266.7699890136719,36306
2026-09-14 19:58:00+00:00,266.8349914550781,266.8349914550781,267.1499938964844,266.760009765625,266.7799987792969,106430
2026-09-14 19:59:00+00:00,266.3399963378906,266.3399963378906,266.8599853515625,266.19000244140625,266.8349914550781,172585
2026-09-15 13:30:00+00:00,264.5899963378906,264.5899963378906,266.24359130859375,264.4200134277344,265.80999755859375,178733
2026-09-15 13:31:00+00:00,263.92999267578125,263.92999267578125,264.760009765625,263.8500061035156,264.760009765625,8889
2026-09-15 13:32:00+00:00,263.6700134277344,263.6700134277344,264.2356872558594,263.1000061035156,263.75,12286
2026-09-15 13:33:00+00:00,262.875,262.875,263.8399963378906,262.7699890136719,263.6000061035156,11942
2026-09-15 13:34:00+00:00,262.9700012207031,262.9700012207031,263.30999755859375,262.8843078613281,263.0,4828
2026-09-15 13:35:00+00:00,263.04998779296875,263.04998779296875,263.197509765625,262.75,262.760009765625,17570
2026-09-15 13:36:00+00:00,263.0299987792969,263.0299987792969,263.24420166015625,262.8999938964844,263.1700134277344,18115
2026-09-15 13:37:00+00:00,262.30499267578125,262.30499267578125,263.0,262.20001220703125,263.0,11474
2026-09-15 13:38:00+00:00,261.7099914550781,261.7099914550781,262.5050048828125,261.7099914550781,262.5,20016
2026-09-15 13:39:00+00:00,261.42999267578125,261.42999267578125,261.6600036621094,261.364990234375,261.6600036621094,9774
2026-09-15 13:40:00+00:00,261.81500244140625,261.81500244140625,261.9433898925781,261.3800048828125,261.510009765625,25318
2026-09-15 13:41:00+00:00,261.114990234375,261.114990234375,261.843994140625,261.114990234375,261.843994140625,17275
2026-09-15 13:42:00+00:00,261.2799072265625,261.2799072265625,261.2799987792969,261.1099853515625,261.20001220703125,10487
2026-09-15 13:43:00+00:00,261.4849853515625,261.4849853515625,261.6600036621094,260.9100036621094,261.010009765625,35466
2026-09-15 13:44:00+00:00,261.30389404296875,261.30389404296875,261.52508544921875,261.2699890136719,261.4849853515625,6899
2026-09-15 13:45:00+00:00,261.67999267578125,261.67999267578125,261.8599853515625,261.3399963378906,261.3999938964844,25500
2026-09-15 13:46:00+00:00,261.0,261.0,261.7149963378906,260.989990234375,261.7149963378906,16816
2026-09-15 13:47:00+00:00,261.1300048828125,261.1300048828125,261.2200012207031,260.9100036621094,261.0,16736
2026-09-15 13:48:00+00:00,260.8500061035156,260.8500061035156,261.29998779296875,260.8500061035156,261.1300048828125,8040
2026-09-15 13:49:00+00:00,260.7878112792969,260.7878112792969,260.9649963378906,260.67999267578125,260.79998779296875,17443
2026-09-15 13:50:00+00:00,260.92498779296875,260.92498779296875,260.92498779296875,260.82501220703125,260.8349914550781,4916
2026-09-15 13:51:00+00:00,261.1650085449219,261.1650085449219,261.20001220703125,260.8550109863281,260.8550109863281,11881
2026-09-15 13:52:00+00:00,261.2650146484375,261.2650146484375,261.3594055175781,261.1199951171875,261.2673034667969,14390
2026-09-15 13:53:00+00:00,261.17498779296875,261.17498779296875,261.44000244140625,261.0799865722656,261.3399963378906,33138
2026-09-15 13:54:00+00:00,261.5899963378906,261.5899963378906,261.6000061035156,261.17999267578125,261.25,10087
2026-09-15 13:55:00+00:00,261.4949951171875,261.4949951171875,261.6700134277344,261.44500732421875,261.57000732421875,20391
2026-09-15 13:56:00+00:00,261.55999755859375,261.55999755859375,261.7099914550781,261.5198974609375,261.6000061035156,7818
2026-09-15 13:57:00+00:00,261.2449951171875,261.2449951171875,261.7200012207031,261.17999267578125,261.7099914550781,10562
2026-09-15 13:58:00+00:00,261.2349853515625,261.2349853515625,261.3682861328125,261.1700134277344,261.2799987792969,5902
2026-09-15 13:59:00+00:00,261.25,261.25,261.25,260.9150085449219,261.1499938964844,10935
2026-09-15 14:00:00+00:00,261.0899963378906,261.0899963378906,261.2900085449219,260.9599914550781,261.25,21822
2026-09-15 14:01:00+00:00,261.25,261.25,261.3299865722656,261.0899963378906,261.0899963378906,15012
2026-09-15 14:02:00+00:00,261.32000732421875,261.32000732421875,261.32000732421875,261.0,261.2699890136719,16832
2026-09-15 14:03:00+00:00,261.4200134277344,261.4200134277344,261.4700012207031,261.260009765625,261.4700012207031,5488
2026-09-15 14:04:00+00:00,261.5400085449219,261.5400085449219,261.5400085449219,261.2900085449219,261.32000732421875,11321
2026-09-15 14:05:00+00:00,261.5849914550781,261.5849914550781,261.6499938964844,261.3299865722656,261.54998779296875,21366
2026-09-15 14:06:00+00:00,261.5899963378906,261.5899963378906,261.8009033203125,261.42999267578125,261.57501220703125,12110
2026-09-15 14:07:00+00:00,262.05999755859375,262.05999755859375,262.0799865722656,261.6700134277344,261.6700134277344,14108
2026-09-15 14:08:00+00:00,262.239990234375,262.239990234375,262.25,262.05999755859375,262.05999755859375,16848
2026-09-15 14:09:00+00:00,261.8800048828125,261.8800048828125,262.25,261.8800048828125,262.1600036621094,13754
2026-09-15 14:10:00+00:00,261.885009765625,261.885009765625,262.05999755859375,261.6650085449219,261.8500061035156,15869
2026-09-15 14:11:00+00:00,261.989990234375,261.989990234375,262.1361083984375,261.9034423828125,261.94500732421875,5014
2026-09-15 14:12:00+00:00,261.9591979980469,261.9591979980469,262.0899963378906,261.8500061035156,261.92999267578125,12756
2026-09-15 14:13:00+00:00,262.1050109863281,262.1050109863281,262.17999267578125,262.0,262.0050048828125,6375
2026-09-15 14:14:00+00:00,262.1300048828125,262.1300048828125,262.1300048828125,261.8599853515625,262.0199890136719,11018
2026-09-15 14:15:00+00:00,262.2943115234375,262.2943115234375,262.6300048828125,262.0799865722656,262.0799865722656,17287
2026-09-15 14:16:00+00:00,262.3500061035156,262.3500061035156,262.6098937988281,262.33599853515625,262.4200134277344,6861
2026-09-15 14:17:00+00:00,262.7250061035156,262.7250061035156,262.8699951171875,262.4425048828125,262.4649963378906,8164
2026-09-15 14:18:00+00:00,263.0050048828125,263.0050048828125,263.1199951171875,262.7950134277344,262.79998779296875,13283
2026-09-15 14:19:00+00:00,262.94000244140625,262.94000244140625,263.0,262.8301086425781,262.9649963378906,4973
2026-09-15 14:20:00+00:00,262.94000244140625,262.94000244140625,262.94000244140625,262.94000244140625,262.94000244140625,5339
2026-09-15 14:21:00+00:00,262.56500244140625,262.56500244140625,262.9240417480469,262.510009765625,262.9240417480469,10152
2026-09-15 14:22:00+00:00,262.6549987792969,262.6549987792969,262.739990234375,262.5299987792969,262.56500244140625,7956
2026-09-15 14:23:00+00:00,262.70001220703125,262.70001220703125,262.760009765625,262.56500244140625,262.67999267578125,8754
2026-09-15 14:24:00+00:00,263.1300048828125,263.1300048828125,263.19000244140625,262.6499938964844,262.77899169921875,14431
2026-09-15 14:25:00+00:00,263.239990234375,263.239990234375,263.239990234375,263.0400085449219,263.1300048828125,7272
2026-09-15 14:26:00+00:00,263.1400146484375,263.1400146484375,263.239990234375,263.0299987792969,263.239990234375,6249
2026-09-15 14:27:00+00:00,263.31500244140625,263.31500244140625,263.31500244140625,263.1400146484375,263.1400146484375,9650
2026-09-15 14:28:00+00:00,263.2300109863281,263.2300109863281,263.3349914550781,263.21319580078125,263.31500244140625,10481
2026-09-15 14:29:00+00:00,263.3299865722656,263.3299865722656,263.3299865722656,263.19500732421875,263.2449951171875,4065
2026-09-15 14:30:00+00:00,263.2749938964844,263.2749938964844,263.45989990234375,263.260009765625,263.31500244140625,6455
2026-09-15 14:31:00+00:00,263.7749938964844,263.7749938964844,263.7749938964844,263.2749938964844,263.2749938964844,5826
2026-09-15 14:32:00+00:00,263.8900146484375,263.8900146484375,263.8900146484375,263.75,263.75,3101
2026-09-15 14:33:00+00:00,263.8500061035156,263.8500061035156,263.95001220703125,263.6400146484375,263.8299865722656,10394
2026-09-15 14:34:00+00:00,263.5400085449219,263.5400085449219,263.6700134277344,263.5400085449219,263.6400146484375,5643
2026-09-15 14:35:00+00:00,263.5851135253906,263.5851135253906,263.6000061035156,263.3999938964844,263.4700012207031,8086
2026-09-15 14:36:00+00:00,263.6099853515625,263.6099853515625,263.6199951171875,263.5408935546875,263.5799865722656,5997
2026-09-15 14:37:00+00:00,263.3999938964844,263.3999938964844,263.6000061035156,263.3949890136719,263.5299987792969,13319
2026-09-15 14:38:00+00:00,263.7900085449219,263.7900085449219,263.8699951171875,263.3999938964844,263.3999938964844,14403
2026-09-15 14:39:00+00:00,263.9599914550781,263.9599914550781,264.0199890136719,263.7099914550781,263.7900085449219,12008
2026-09-15 14:40:00+00:00,263.8399963378906,263.8399963378906,264.0899963378906,263.75,263.9649963378906,8520
2026-09-15 14:41:00+00:00,263.7799987792969,263.7799987792969,263.8598937988281,263.7001037597656,263.7001037597656,4554
2026-09-15 14:42:00+00:00,263.69000244140625,263.69000244140625,263.7799987792969,263.42999267578125,263.7799987792969,7728
2026-09-15 14:43:00+00:00,263.9299011230469,263.9299011230469,263.9299011230469,263.6600036621094,263.7300109863281,5484
2026-09-15 14:44:00+00:00,263.9150085449219,263.9150085449219,263.9700012207031,263.7701110839844,263.8500061035156,5636
2026-09-15 14:45:00+00:00,263.8399963378906,263.8399963378906,263.96990966796875,263.8399963378906,263.9150085449219,5255
2026-09-15 14:46:00+00:00,263.7799987792969,263.7799987792969,263.89990234375,263.7799987792969,263.89300537109375,3907
2026-09-15 14:47:00+00:00,263.9700012207031,263.9700012207031,263.9700012207031,263.7604064941406,263.80499267578125,7208
2026-09-15 14:48:00+00:00,264.0899963378906,264.0899963378906,264.0899963378906,263.8699951171875,263.92999267578125,13011
2026-09-15 14:49:00+00:00,264.0799865722656,264.0799865722656,264.1000061035156,263.9150085449219,263.9901123046875,8942
2026-09-15 14:50:00+00:00,263.80999755859375,263.80999755859375,264.0199890136719,263.80999755859375,263.93499755859375,9998
2026-09-15 14:51:00+00:00,263.79998779296875,263.79998779296875,263.8900146484375,263.7101135253906,263.80999755859375,6782
2026-09-15 14:52:00+00:00,263.69000244140625,263.69000244140625,263.79998779296875,263.6600036621094,263.79998779296875,9817
2026-09-15 14:53:00+00:00,263.8500061035156,263.8500061035156,263.8999938964844,263.69000244140625,263.69000244140625,4414
2026-09-15 14:54:00+00:00,263.92138671875,263.92138671875,263.92138671875,263.79998779296875,263.8500061035156,7243
2026-09-15 14:55:00+00:00,263.8599853515625,263.8599853515625,263.9100036621094,263.8399963378906,263.8800048828125,2287
2026-09-15 14:56:00+00:00,263.7650146484375,263.7650146484375,263.8299865722656,263.7001037597656,263.7900085449219,9576
2026-09-15 14:57:00+00:00,263.6300048828125,263.6300048828125,263.75,263.5400085449219,263.70001220703125,20055
2026-09-15 14:58:00+00:00,263.3648986816406,263.3648986816406,263.5799865722656,263.3100891113281,263.5299987792969,18803
2026-09-15 14:59:00+00:00,263.2507019042969,263.2507019042969,263.510009765625,263.2507019042969,263.510009765625,7287
2026-09-15 15:00:00+00:00,263.489990234375,263.489990234375,263.52398681640625,263.25,263.260009765625,13764
2026-09-15 15:01:00+00:00,263.4100036621094,263.4100036621094,263.4700012207031,263.3299865722656,263.4599914550781,4096
2026-09-15 15:02:00+00:00,263.4599914550781,263.4599914550781,263.4750061035156,263.4100036621094,263.4100036621094,4700
2026-09-15 15:03:00+00:00,263.3800048828125,263.3800048828125,263.4700927734375,263.3800048828125,263.4649963378906,4384
2026-09-15 15:04:00+00:00,263.32000732421875,263.32000732421875,263.3699951171875,263.2699890136719,263.3620910644531,10369
2026-09-15 15:05:00+00:00,263.42999267578125,263.42999267578125,263.42999267578125,263.3800048828125,263.3800048828125,1537
2026-09-15 15:06:00+00:00,263.44000244140625,263.44000244140625,263.48809814453125,263.364990234375,263.385009765625,4173
2026-09-15 15:07:00+00:00,263.1050109863281,263.1050109863281,263.4700012207031,263.06658935546875,263.4700012207031,15761
2026-09-15 15:08:00+00:00,263.0,263.0,263.1050109863281,263.0,263.0600891113281,5950
2026-09-15 15:09:00+00:00,263.20001220703125,263.20001220703125,263.260009765625,262.95001220703125,262.989990234375,7261
2026-09-15 15:10:00+00:00,263.2149963378906,263.2149963378906,263.32000732421875,263.1202087402344,263.20001220703125,4639
2026-09-15 15:11:00+00:00,263.32000732421875,263.32000732421875,263.32000732421875,263.18499755859375,263.18499755859375,4746
2026-09-15 15:12:00+00:00,263.5199890136719,263.5199890136719,263.6000061035156,263.45001220703125,263.45001220703125,2934
2026-09-15 15:13:00+00:00,263.5799865722656,263.5799865722656,263.5799865722656,263.5199890136719,263.5210266113281,5068
2026-09-15 15:14:00+00:00,263.7149963378906,263.7149963378906,263.7149963378906,263.6400146484375,263.6400146484375,2457
2026-09-15 15:15:00+00:00,263.60791015625,263.60791015625,263.6199951171875,263.5400085449219,263.6199951171875,3035
2026-09-15 15:16:00+00:00,263.67498779296875,263.67498779296875,263.7099914550781,263.4599914550781,263.4849853515625,5552
2026-09-15 15:17:00+00:00,263.8714294433594,263.8714294433594,263.8714294433594,263.67498779296875,263.67498779296875,2193
2026-09-15 15:18:00+00:00,263.81500244140625,263.81500244140625,263.8800048828125,263.79998779296875,263.8800048828125,2062
2026-09-15 15:19:00+00:00,263.82501220703125,263.82501220703125,263.8500061035156,263.7699890136719,263.79998779296875,3727
2026-09-15 15:20:00+00:00,263.7850036621094,263.7850036621094,263.8299865722656,263.7799987792969,263.8299865722656,2417
2026-09-15 15:21:00+00:00,263.6300048828125,263.6300048828125,263.7049865722656,263.6300048828125,263.7049865722656,1734
2026-09-15 15:22:00+00:00,263.739990234375,263.739990234375,263.75,263.5801086425781,263.6300048828125,5686
2026-09-15 15:23:00+00:00,263.7701110839844,263.7701110839844,263.80999755859375,263.7300109863281,263.7300109863281,3775
2026-09-15 15:24:00+00:00,264.0350036621094,264.0350036621094,264.0350036621094,263.8500061035156,263.9200134277344,5237
2026-09-15 15:25:00+00:00,264.1199951171875,264.1199951171875,264.1199951171875,263.8999938964844,263.9200134277344,22932
2026-09-15 15:26:00+00:00,264.2900085449219,264.2900085449219,264.2900085449219,264.1300048828125,264.1300048828125,4678
2026-09-15 15:27:00+00:00,264.3450012207031,264.3450012207031,264.3949890136719,264.239990234375,264.32000732421875,8962
2026-09-15 15:28:00+00:00,264.4549865722656,264.4549865722656,264.4549865722656,264.3399963378906,264.3399963378906,5788
2026-09-15 15:29:00+00:00,264.489990234375,264.489990234375,264.55999755859375,264.3500061035156,264.3500061035156,7696
2026-09-15 15:30:00+00:00,264.5899963378906,264.5899963378906,264.6499938964844,264.510009765625,264.5299987792969,6999
2026-09-15 15:31:00+00:00,264.6600036621094,264.6600036621094,264.6600036621094,264.5,264.5299987792969,5048
2026-09-15 15:32:00+00:00,264.593994140625,264.593994140625,264.6600036621094,264.5799865722656,264.6199951171875,3076
2026-09-15 15:33:00+00:00,264.6000061035156,264.6000061035156,264.6000061035156,264.5450134277344,264.56500244140625,3523
2026-09-15 15:34:00+00:00,264.54998779296875,264.54998779296875,264.6499938964844,264.510009765625,264.6050109863281,4479
2026-09-15 15:35:00+00:00,264.6400146484375,264.6400146484375,264.6499938964844,264.4750061035156,264.5101013183594,8338
2026-09-15 15:36:00+00:00,264.8299865722656,264.8299865722656,264.8500061035156,264.65380859375,264.65380859375,5064
2026-09-15 15:37:00+00:00,264.7300109863281,264.7300109863281,264.79998779296875,264.7300109863281,264.760009765625,2511
2026-09-15 15:38:00+00:00,264.92498779296875,264.92498779296875,264.92498779296875,264.72259521484375,264.7250061035156,4706
2026-09-15 15:39:00+00:00,264.95001220703125,264.95001220703125,264.95001220703125,264.8200988769531,264.9100036621094,2680
2026-09-15 15:40:00+00:00,264.9100036621094,264.9100036621094,264.92498779296875,264.9049987792969,264.92498779296875,2468
2026-09-15 15:41:00+00:00,264.8399963378906,264.8399963378906,264.92999267578125,264.8299865722656,264.9100036621094,6998
2026-09-15 15:42:00+00:00,264.8800048828125,264.8800048828125,264.9100036621094,264.8399963378906,264.8399963378906,2372
2026-09-15 15:43:00+00:00,264.80999755859375,264.80999755859375,264.8949890136719,264.80999755859375,264.8949890136719,2460
2026-09-15 15:44:00+00:00,264.82000732421875,264.82000732421875,264.8500061035156,264.75,264.8399963378906,6388
2026-09-15 15:45:00+00:00,264.8799133300781,264.8799133300781,264.8799133300781,264.7120056152344,264.8699951171875,3067
2026-09-15 15:46:00+00:00,264.760009765625,264.760009765625,264.7950134277344,264.760009765625,264.7950134277344,2217
2026-09-15 15:47:00+00:00,264.7699890136719,264.7699890136719,264.79998779296875,264.70001220703125,264.70001220703125,3536
2026-09-15 15:48:00+00:00,264.7749938964844,264.7749938964844,264.8349914550781,264.7099914550781,264.7699890136719,4595
2026-09-15 15:49:00+00:00,264.5199890136719,264.5199890136719,264.67999267578125,264.47039794921875,264.6700134277344,6416
2026-09-15 15:50:00+00:00,264.5249938964844,264.5249938964844,264.5799865722656,264.489990234375,264.489990234375,3264
2026-09-15 15:51:00+00:00,264.6000061035156,264.6000061035156,264.6000061035156,264.510009765625,264.5199890136719,4455
2026-09-15 15:52:00+00:00,264.57000732421875,264.57000732421875,264.57000732421875,264.4901123046875,264.57000732421875,1725
2026-09-15 15:53:00+00:00,264.5299987792969,264.5299987792969,264.5899963378906,264.5299987792969,264.5899963378906,1800
2026-09-15 15:54:00+00:00,264.5450134277344,264.5450134277344,264.57440185546875,264.5,264.5450134277344,3383
2026-09-15 15:55:00+00:00,264.4100036621094,264.4100036621094,264.5199890136719,264.4100036621094,264.5199890136719,6852
2026-09-15 15:56:00+00:00,264.25,264.25,264.3699951171875,264.25,264.3699951171875,3284
2026-09-15 15:57:00+00:00,264.2799987792969,264.2799987792969,264.29998779296875,264.25,264.29998779296875,2057
2026-09-15 15:58:00+00:00,264.2200012207031,264.2200012207031,264.33990478515625,264.2099914550781,264.33990478515625,2597
2026-09-15 15:59:00+00:00,264.19500732421875,264.19500732421875,264.19500732421875,264.19500732421875,264.19500732421875,1560
2026-09-15 16:00:00+00:00,264.1700134277344,264.1700134277344,264.19500732421875,264.1099853515625,264.19000244140625,3653
2026-09-15 16:01:00+00:00,264.19500732421875,264.19500732421875,264.2508850097656,264.0801086425781,264.1300048828125,4166
2026-09-15 16:02:00+00:00,264.0799865722656,264.0799865722656,264.25799560546875,264.0799865722656,264.25799560546875,3694
2026-09-15 16:03:00+00:00,264.2200012207031,264.2200012207031,264.239990234375,264.07000732421875,264.0799865722656,5453
2026-09-15 16:04:00+00:00,264.1600036621094,264.1600036621094,264.2250061035156,264.1050109863281,264.2250061035156,3295
2026-09-15 16:05:00+00:00,264.0950012207031,264.0950012207031,264.1499938964844,264.05999755859375,264.1499938964844,3476
2026-09-15 16:06:00+00:00,264.1514892578125,264.1514892578125,264.19000244140625,264.114990234375,264.1400146484375,6515
2026-09-15 16:07:00+00:00,264.1400146484375,264.1400146484375,264.2200012207031,264.010009765625,264.19000244140625,9930
2026-09-15 16:08:00+00:00,264.1700134277344,264.1700134277344,264.2398986816406,264.135009765625,264.1499938964844,3213
2026-09-15 16:09:00+00:00,264.0199890136719,264.0199890136719,264.0849914550781,264.010009765625,264.0849914550781,3489
2026-09-15 16:10:00+00:00,264.17999267578125,264.17999267578125,264.17999267578125,264.0111999511719,264.07000732421875,4356
2026-09-15 16:11:00+00:00,264.2300109863281,264.2300109863281,264.2799987792969,264.1700134277344,264.1700134277344,4564
2026-09-15 16:12:00+00:00,264.2349853515625,264.2349853515625,264.2900085449219,264.2349853515625,264.2749938964844,3149
2026-09-15 16:13:00+00:00,264.3900146484375,264.3900146484375,264.3900146484375,264.2799987792969,264.2799987792969,2330
2026-09-15 16:14:00+00:00,264.3999938964844,264.3999938964844,264.4200134277344,264.3599853515625,264.4200134277344,2497
2026-09-15 16:15:00+00:00,264.20001220703125,264.20001220703125,264.3299865722656,264.20001220703125,264.30999755859375,1902
2026-09-15 16:16:00+00:00,264.20001220703125,264.20001220703125,264.20001220703125,264.114990234375,264.1700134277344,4541
2026-09-15 16:17:00+00:00,264.2250061035156,264.2250061035156,264.2300109863281,264.1401062011719,264.2049865722656,5234
2026-09-15 16:18:00+00:00,264.25,264.25,264.2550048828125,264.2200012207031,264.2200012207031,1772
2026-09-15 16:19:00+00:00,264.2099914550781,264.2099914550781,264.2550048828125,264.19000244140625,264.19000244140625,1741
2026-09-15 16:20:00+00:00,264.3299865722656,264.3299865722656,264.3399963378906,264.20001220703125,264.2550048828125,3644
2026-09-15 16:21:00+00:00,264.2900085449219,264.2900085449219,264.3999938964844,264.2900085449219,264.3349914550781,114299
2026-09-15 16:22:00+00:00,264.30999755859375,264.30999755859375,264.3299865722656,264.2699890136719,264.2900085449219,3787
2026-09-15 16:23:00+00:00,264.2059020996094,264.2059020996094,264.2699890136719,264.20001220703125,264.2699890136719,1929
2026-09-15 16:24:00+00:00,264.3399963378906,264.3399963378906,264.3450012207031,264.2300109863281,264.239990234375,3669
2026-09-15 16:25:00+00:00,264.3450012207031,264.3450012207031,264.4050598144531,264.29998779296875,264.29998779296875,3194
2026-09-15 16:26:00+00:00,264.4549865722656,264.4549865722656,264.4549865722656,264.3550109863281,264.3550109863281,1480
2026-09-15 16:27:00+00:00,264.4800109863281,264.4800109863281,264.5299987792969,264.4324951171875,264.4324951171875,5911
2026-09-15 16:28:00+00:00,264.5350036621094,264.5350036621094,264.55999755859375,264.5,264.5050048828125,2792
2026-09-15 16:29:00+00:00,264.54998779296875,264.54998779296875,264.54998779296875,264.510009765625,264.5400085449219,1779
2026-09-15 16:30:00+00:00,264.6650085449219,264.6650085449219,264.6650085449219,264.54998779296875,264.54998779296875,4686
2026-09-15 16:31:00+00:00,264.6499938964844,264.6499938964844,264.69989013671875,264.5799865722656,264.69989013671875,3076
2026-09-15 16:32:00+00:00,264.6000061035156,264.6000061035156,264.6000061035156,264.54998779296875,264.5899963378906,2047
2026-09-15 16:33:00+00:00,264.510009765625,264.510009765625,264.57000732421875,264.510009765625,264.57000732421875,4224
2026-09-15 16:34:00+00:00,264.5400085449219,264.5400085449219,264.5450134277344,264.489990234375,264.5400085449219,5841
2026-09-15 16:35:00+00:00,264.55999755859375,264.55999755859375,264.55999755859375,264.489990234375,264.5199890136719,2650
2026-09-15 16:36:00+00:00,264.5799865722656,264.5799865722656,264.614990234375,264.5299987792969,264.5299987792969,5091
2026-09-15 16:37:00+00:00,264.6050109863281,264.6050109863281,264.67999267578125,264.6050109863281,264.6400146484375,2033
2026-09-15 16:38:00+00:00,264.6000061035156,264.6000061035156,264.6000061035156,264.55999755859375,264.55999755859375,2365
2026-09-15 16:39:00+00:00,264.5050048828125,264.5050048828125,264.5849914550781,264.49200439453125,264.54998779296875,1865
2026-09-15 16:40:00+00:00,264.614990234375,264.614990234375,264.6199951171875,264.54998779296875,264.54998779296875,2465
2026-09-15 16:41:00+00:00,264.54998779296875,264.54998779296875,264.6600036621094,264.5400085449219,264.6600036621094,2812
2026-09-15 16:42:00+00:00,264.5299987792969,264.5299987792969,264.5400085449219,264.510009765625,264.5400085449219,1618
2026-09-15 16:43:00+00:00,264.6199951171875,264.6199951171875,264.6199951171875,264.489990234375,264.489990234375,2331
2026-09-15 16:44:00+00:00,264.7300109863281,264.7300109863281,264.7300109863281,264.6199951171875,264.6199951171875,6670
2026-09-15 16:45:00+00:00,264.7850036621094,264.7850036621094,264.80999755859375,264.7250061035156,264.7900085449219,3055
2026-09-15 16:46:00+00:00,264.68499755859375,264.68499755859375,264.760009765625,264.6401062011719,264.760009765625,4333
2026-09-15 16:47:00+00:00,264.6347961425781,264.6347961425781,264.7300109863281,264.6347961425781,264.68499755859375,2951
2026-09-15 16:48:00+00:00,264.7200012207031,264.7200012207031,264.739990234375,264.6499938964844,264.6499938964844,3505
2026-09-15 16:49:00+00:00,264.7699890136719,264.7699890136719,264.7699890136719,264.69000244140625,264.7200012207031,2733
2026-09-15 16:50:00+00:00,264.7200012207031,264.7200012207031,264.8500061035156,264.69000244140625,264.80999755859375,6987
2026-09-15 16:51:00+00:00,264.69000244140625,264.69000244140625,264.7900085449219,264.67999267578125,264.7900085449219,3445
2026-09-15 16:52:00+00:00,264.7300109863281,264.7300109863281,264.7300109863281,264.57000732421875,264.61248779296875,3389
2026-09-15 16:53:00+00:00,264.8699951171875,264.8699951171875,264.8699951171875,264.7699890136719,264.7699890136719,4667
2026-09-15 16:54:00+00:00,264.885009765625,264.885009765625,264.9200134277344,264.864990234375,264.9200134277344,3029
2026-09-15 16:55:00+00:00,264.92340087890625,264.92340087890625,264.9700012207031,264.8949890136719,264.9200134277344,2390
2026-09-15 16:56:00+00:00,264.8900146484375,264.8900146484375,264.9200134277344,264.8900146484375,264.9200134277344,2830
2026-09-15 16:57:00+00:00,264.92999267578125,264.92999267578125,264.95001220703125,264.8949890136719,264.8949890136719,2643
2026-09-15 16:58:00+00:00,265.0450134277344,265.0450134277344,265.05999755859375,264.9700012207031,265.0,6175
2026-09-15 16:59:00+00:00,265.1199951171875,265.1199951171875,265.1199951171875,265.0,265.0199890136719,5264
2026-09-15 17:00:00+00:00,265.0143127441406,265.0143127441406,265.1050109863281,265.0143127441406,265.0899963378906,3536
2026-09-15 17:01:00+00:00,265.05999755859375,265.05999755859375,265.07000732421875,265.0400085449219,265.065185546875,2675
2026-09-15 17:02:00+00:00,264.8901062011719,264.8901062011719,265.1099853515625,264.8901062011719,265.1099853515625,3432
2026-09-15 17:03:00+00:00,264.70001220703125,264.70001220703125,264.9779968261719,264.70001220703125,264.9779968261719,379284
2026-09-15 17:04:00+00:00,264.80499267578125,264.80499267578125,264.82000732421875,264.7149963378906,264.7699890136719,2479
2026-09-15 17:05:00+00:00,264.8399963378906,264.8399963378906,264.9649963378906,264.8399963378906,264.8399963378906,5188
2026-09-15 17:06:00+00:00,264.7699890136719,264.7699890136719,264.8399963378906,264.7699890136719,264.8399963378906,4058
2026-09-15 17:07:00+00:00,264.6300048828125,264.6300048828125,264.75,264.6300048828125,264.75,2930
2026-09-15 17:08:00+00:00,264.57000732421875,264.57000732421875,264.6449890136719,264.57000732421875,264.6449890136719,1658
2026-09-15 17:09:00+00:00,264.8800048828125,264.8800048828125,264.8890075683594,264.625,264.625,11251
2026-09-15 17:10:00+00:00,264.9197998046875,264.9197998046875,264.9197998046875,264.9197998046875,264.9197998046875,828
2026-09-15 17:11:00+00:00,264.8800048828125,264.8800048828125,264.9200134277344,264.7799987792969,264.875,2273
2026-09-15 17:12:00+00:00,264.95001220703125,264.95001220703125,264.9700012207031,264.9324951171875,264.9599914550781,2633
2026-09-15 17:13:00+00:00,264.9549865722656,264.9549865722656,265.0,264.9200134277344,264.92498779296875,2402
2026-09-15 17:14:00+00:00,264.989990234375,264.989990234375,264.989990234375,264.9649963378906,264.9649963378906,1559
2026-09-15 17:15:00+00:00,264.9649963378906,264.9649963378906,265.07989501953125,264.9649963378906,264.9750061035156,2279
2026-09-15 17:16:00+00:00,265.0199890136719,265.0199890136719,265.07000732421875,264.9949951171875,264.9949951171875,3203
2026-09-15 17:17:00+00:00,264.9049987792969,264.9049987792969,265.0799865722656,264.9049987792969,265.0799865722656,2683
2026-09-15 17:18:00+00:00,264.7699890136719,264.7699890136719,264.8900146484375,264.7699890136719,264.8900146484375,2390
2026-09-15 17:19:00+00:00,264.7200012207031,264.7200012207031,264.79998779296875,264.7200012207031,264.79998779296875,1926
2026-09-15 17:20:00+00:00,264.70001220703125,264.70001220703125,264.7149963378906,264.70001220703125,264.7099914550781,3928
2026-09-15 17:21:00+00:00,264.7650146484375,264.7650146484375,264.814697265625,264.7300109863281,264.7300109863281,2559
2026-09-15 17:22:00+00:00,264.7149963378906,264.7149963378906,264.82000732421875,264.7149963378906,264.82000732421875,4873
2026-09-15 17:23:00+00:00,264.5899963378906,264.5899963378906,264.7699890136719,264.5899963378906,264.70001220703125,3309
2026-09-15 17:24:00+00:00,264.625,264.625,264.6700134277344,264.56048583984375,264.5799865722656,7694
2026-09-15 17:25:00+00:00,264.6700134277344,264.6700134277344,264.6700134277344,264.57000732421875,264.6050109863281,5425
2026-09-15 17:26:00+00:00,264.6199951171875,264.6199951171875,264.635009765625,264.6199951171875,264.635009765625,1068
2026-09-15 17:27:00+00:00,264.6300048828125,264.6300048828125,264.69000244140625,264.6199951171875,264.6199951171875,2408
2026-09-15 17:28:00+00:00,264.55499267578125,264.55499267578125,264.6400146484375,264.54998779296875,264.6199951171875,5753
2026-09-15 17:29:00+00:00,264.6400146484375,264.6400146484375,264.71990966796875,264.5000915527344,264.5199890136719,3050
2026-09-15 17:30:00+00:00,264.6700134277344,264.6700134277344,264.7099914550781,264.6300048828125,264.7099914550781,1842
2026-09-15 17:31:00+00:00,264.6600036621094,264.6600036621094,264.739990234375,264.6199951171875,264.6199951171875,4303
2026-09-15 17:32:00+00:00,264.6400146484375,264.6400146484375,264.6700134277344,264.6000061035156,264.6700134277344,3450
2026-09-15 17:33:00+00:00,264.6050109863281,264.6050109863281,264.6449890136719,264.57000732421875,264.6000061035156,6304
2026-09-15 17:34:00+00:00,264.635009765625,264.635009765625,264.635009765625,264.54998779296875,264.6099853515625,2931
2026-09-15 17:35:00+00:00,264.69500732421875,264.69500732421875,264.7349853515625,264.6199951171875,264.6700134277344,6537
2026-09-15 17:36:00+00:00,264.70001220703125,264.70001220703125,264.7200012207031,264.6700134277344,264.69500732421875,1395
2026-09-15 17:37:00+00:00,264.635009765625,264.635009765625,264.70001220703125,264.635009765625,264.70001220703125,899
2026-09-15 17:38:00+00:00,264.6400146484375,264.6400146484375,264.69000244140625,264.635009765625,264.69000244140625,2216
2026-09-15 17:39:00+00:00,264.5799865722656,264.5799865722656,264.6449890136719,264.5799865722656,264.6400146484375,1859
2026-09-15 17:40:00+00:00,264.7900085449219,264.7900085449219,264.7900085449219,264.6449890136719,264.6449890136719,3249
2026-09-15 17:41:00+00:00,264.80999755859375,264.80999755859375,264.80999755859375,264.7699890136719,264.7699890136719,3412
2026-09-15 17:42:00+00:00,264.80999755859375,264.80999755859375,264.80999755859375,264.79998779296875,264.80999755859375,2496
2026-09-15 17:43:00+00:00,264.8200988769531,264.8200988769531,264.8699951171875,264.8200988769531,264.8500061035156,2024
2026-09-15 17:44:00+00:00,265.04998779296875,265.04998779296875,265.1000061035156,264.8800048828125,264.8800048828125,4937
2026-09-15 17:45:00+00:00,265.1499938964844,265.1499938964844,265.1499938964844,265.0400085449219,265.06500244140625,5915
2026-09-15 17:46:00+00:00,265.1300048828125,265.1300048828125,265.1499938964844,265.0899963378906,265.1499938964844,3760
2026-09-15 17:47:00+00:00,265.2200012207031,265.2200012207031,265.2200012207031,265.1300048828125,265.1300048828125,2412
2026-09-15 17:48:00+00:00,265.2250061035156,265.2250061035156,265.2250061035156,265.1300964355469,265.18499755859375,5994
2026-09-15 17:49:00+00:00,265.2300109863281,265.2300109863281,265.239990234375,265.19000244140625,265.239990234375,3073
2026-09-15 17:50:00+00:00,265.1300048828125,265.1300048828125,265.2200012207031,265.1099853515625,265.2200012207031,4185
2026-09-15 17:51:00+00:00,265.19500732421875,265.19500732421875,265.19500732421875,265.154296875,265.154296875,3083
2026-09-15 17:52:00+00:00,265.1650085449219,265.1650085449219,265.17498779296875,265.1449890136719,265.1600036621094,3729
2026-09-15 17:53:00+00:00,265.2650146484375,265.2650146484375,265.2650146484375,265.1556091308594,265.18499755859375,4123
2026-09-15 17:54:00+00:00,265.2699890136719,265.2699890136719,265.29998779296875,265.19000244140625,265.239990234375,7577
2026-09-15 17:55:00+00:00,265.31500244140625,265.31500244140625,265.3500061035156,265.2488098144531,265.2701110839844,4510
2026-09-15 17:56:00+00:00,265.30999755859375,265.30999755859375,265.31500244140625,265.2699890136719,265.30499267578125,2829
2026-09-15 17:57:00+00:00,265.3599853515625,265.3599853515625,265.3840026855469,265.3500061035156,265.3599853515625,4786
2026-09-15 17:58:00+00:00,265.4849853515625,265.4849853515625,265.510009765625,265.4100036621094,265.4100036621094,2991
2026-09-15 17:59:00+00:00,265.5199890136719,265.5199890136719,265.5400085449219,265.4849853515625,265.4849853515625,5222
2026-09-15 18:00:00+00:00,265.5400085449219,265.5400085449219,265.5400085449219,265.45001220703125,265.4599914550781,3515
2026-09-15 18:01:00+00:00,265.57000732421875,265.57000732421875,265.6099853515625,265.5249938964844,265.5249938964844,5227
2026-09-15 18:02:00+00:00,265.7200012207031,265.7200012207031,265.7200012207031,265.5950012207031,265.5950012207031,2854
2026-09-15 18:03:00+00:00,265.7200012207031,265.7200012207031,265.7200012207031,265.68499755859375,265.69000244140625,1582
2026-09-15 18:04:00+00:00,265.8299865722656,265.8299865722656,265.8299865722656,265.739990234375,265.760009765625,3456
2026-09-15 18:05:00+00:00,265.79998779296875,265.79998779296875,265.8999938964844,265.79998779296875,265.82501220703125,5843
2026-09-15 18:06:00+00:00,265.760009765625,265.760009765625,265.8800048828125,265.739990234375,265.864990234375,10435
2026-09-15 18:07:00+00:00,265.7900085449219,265.7900085449219,265.82000732421875,265.7200012207031,265.760009765625,5331
2026-09-15 18:08:00+00:00,265.8299865722656,265.8299865722656,265.8800048828125,265.7749938964844,265.82000732421875,3749
2026-09-15 18:09:00+00:00,265.7900085449219,265.7900085449219,265.8900146484375,265.7900085449219,265.8299865722656,6883
2026-09-15 18:10:00+00:00,265.55999755859375,265.55999755859375,265.8399963378906,265.55999755859375,265.8399963378906,6332
2026-09-15 18:11:00+00:00,265.510009765625,265.510009765625,265.5220947265625,265.510009765625,265.5220947265625,4426
2026-09-15 18:12:00+00:00,265.70001220703125,265.70001220703125,265.70001220703125,265.6300048828125,265.6300048828125,4543
2026-09-15 18:13:00+00:00,265.8393859863281,265.8393859863281,265.8393859863281,265.68499755859375,265.68499755859375,6747
2026-09-15 18:14:00+00:00,265.82000732421875,265.82000732421875,265.82000732421875,265.7099914550781,265.80499267578125,4995
2026-09-15 18:15:00+00:00,265.82000732421875,265.82000732421875,265.8699951171875,265.7699890136719,265.7699890136719,4103
2026-09-15 18:16:00+00:00,265.8500061035156,265.8500061035156,265.8500061035156,265.80999755859375,265.8500061035156,4074
2026-09-15 18:17:00+00:00,265.8399963378906,265.8399963378906,265.8599853515625,265.7900085449219,265.79998779296875,6266
2026-09-15 18:18:00+00:00,265.7850036621094,265.7850036621094,265.8399963378906,265.760009765625,265.79998779296875,4386
2026-09-15 18:19:00+00:00,265.6499938964844,265.6499938964844,265.760009765625,265.6499938964844,265.760009765625,7933
2026-09-15 18:20:00+00:00,265.6300048828125,265.6300048828125,265.67498779296875,265.6099853515625,265.6549987792969,4810
2026-09-15 18:21:00+00:00,265.54998779296875,265.54998779296875,265.6300048828125,265.54998779296875,265.6000061035156,4201
2026-09-15 18:22:00+00:00,265.5799865722656,265.5799865722656,265.5899963378906,265.4750061035156,265.5,6446
2026-09-15 18:23:00+00:00,265.6400146484375,265.6400146484375,265.6400146484375,265.55999755859375,265.55999755859375,2350
2026-09-15 18:24:00+00:00,265.6400146484375,265.6400146484375,265.7099914550781,265.5950012207031,265.5950012207031,2905
2026-09-15 18:25:00+00:00,265.69000244140625,265.69000244140625,265.69000244140625,265.68499755859375,265.68499755859375,2189
2026-09-15 18:26:00+00:00,265.75,265.75,265.75,265.6505126953125,265.69000244140625,3085
2026-09-15 18:27:00+00:00,265.7099914550781,265.7099914550781,265.7898864746094,265.6600036621094,265.7898864746094,3982
2026-09-15 18:28:00+00:00,265.7099914550781,265.7099914550781,265.7449951171875,265.6882019042969,265.6882019042969,2974
2026-09-15 18:29:00+00:00,265.8699951171875,265.8699951171875,265.8800048828125,265.75,265.75,3697
2026-09-15 18:30:00+00:00,265.82501220703125,265.82501220703125,265.8800048828125,265.79998779296875,265.8800048828125,5212
2026-09-15 18:31:00+00:00,265.7950134277344,265.7950134277344,265.81500244140625,265.7950134277344,265.80999755859375,3619
2026-09-15 18:32:00+00:00,265.80999755859375,265.80999755859375,265.81500244140625,265.80999755859375,265.81500244140625,1395
2026-09-15 18:33:00+00:00,265.8550109863281,265.8550109863281,265.8699951171875,265.81500244140625,265.81500244140625,4709
2026-09-15 18:34:00+00:00,265.864990234375,265.864990234375,265.8800048828125,265.8299865722656,265.8800048828125,3367
2026-09-15 18:35:00+00:00,265.864990234375,265.864990234375,265.8800048828125,265.82000732421875,265.8800048828125,2905
2026-09-15 18:36:00+00:00,265.9700012207031,265.9700012207031,265.9700012207031,265.8500061035156,265.864990234375,4072
2026-09-15 18:37:00+00:00,265.9949951171875,265.9949951171875,266.05999755859375,265.9750061035156,265.9750061035156,4869
2026-09-15 18:38:00+00:00,265.92999267578125,265.92999267578125,266.0,265.8999938964844,265.9700012207031,5831
2026-09-15 18:39:00+00:00,265.9700012207031,265.9700012207031,265.9700012207031,265.93499755859375,265.94000244140625,3135
2026-09-15 18:40:00+00:00,266.1099853515625,266.1099853515625,266.1199951171875,266.0899963378906,266.1000061035156,1840
2026-09-15 18:41:00+00:00,266.1499938964844,266.1499938964844,266.18499755859375,266.1499938964844,266.1600036621094,4060
2026-09-15 18:42:00+00:00,266.1600036621094,266.1600036621094,266.1650085449219,266.1000061035156,266.1499938964844,6686
2026-09-15 18:43:00+00:00,266.1650085449219,266.1650085449219,266.2450866699219,266.1300048828125,266.2099914550781,19257
2026-09-15 18:44:00+00:00,266.07501220703125,266.07501220703125,266.1791076660156,266.04998779296875,266.1650085449219,5022
2026-09-15 18:45:00+00:00,266.0199890136719,266.0199890136719,266.1300048828125,265.9700012207031,266.04998779296875,6427
2026-09-15 18:46:00+00:00,266.1400146484375,266.1400146484375,266.1400146484375,265.9818115234375,265.9818115234375,3763
2026-09-15 18:47:00+00:00,266.25,266.25,266.2650146484375,266.17999267578125,266.2149963378906,6088
2026-09-15 18:48:00+00:00,266.3299865722656,266.3299865722656,266.3299865722656,266.1711120605469,266.2250061035156,9410
2026-09-15 18:49:00+00:00,266.30999755859375,266.30999755859375,266.409912109375,266.2699890136719,266.409912109375,4680
2026-09-15 18:50:00+00:00,266.2900085449219,266.2900085449219,266.3349914550781,266.2900085449219,266.3349914550781,3935
2026-09-15 18:51:00+00:00,266.2850036621094,266.2850036621094,266.2850036621094,266.2550048828125,266.2699890136719,4583
2026-09-15 18:52:00+00:00,266.2300109863281,266.2300109863281,266.2850036621094,266.1802062988281,266.2850036621094,4194
2026-09-15 18:53:00+00:00,266.1300048828125,266.1300048828125,266.2349853515625,266.1099853515625,266.2349853515625,4023
2026-09-15 18:54:00+00:00,265.94500732421875,265.94500732421875,266.1300048828125,265.8599853515625,266.0899963378906,6326
2026-09-15 18:55:00+00:00,265.955810546875,265.955810546875,265.9596862792969,265.8800048828125,265.94500732421875,9046
2026-09-15 18:56:00+00:00,265.7900085449219,265.7900085449219,265.92498779296875,265.7799987792969,265.8699951171875,6948
2026-09-15 18:57:00+00:00,265.7699890136719,265.7699890136719,265.80499267578125,265.7200012207031,265.7699890136719,4460
2026-09-15 18:58:00+00:00,265.4599914550781,265.4599914550781,265.7699890136719,265.4599914550781,265.739990234375,17173
2026-09-15 18:59:00+00:00,265.4800109863281,265.4800109863281,265.5899963378906,265.4599914550781,265.4700012207031,10362
2026-09-15 19:00:00+00:00,265.5450134277344,265.5450134277344,265.57000732421875,265.45001220703125,265.4849853515625,4593
2026-09-15 19:01:00+00:00,265.57501220703125,265.57501220703125,265.5799865722656,265.55999755859375,265.5799865722656,1958
2026-09-15 19:02:00+00:00,265.6700134277344,265.6700134277344,265.6700134277344,265.5299987792969,265.57501220703125,5395
2026-09-15 19:03:00+00:00,265.70001220703125,265.70001220703125,265.760009765625,265.6300048828125,265.6300048828125,4221
2026-09-15 19:04:00+00:00,265.70001220703125,265.70001220703125,265.7300109863281,265.6499938964844,265.6499938964844,4689
2026-09-15 19:05:00+00:00,265.69000244140625,265.69000244140625,265.6925048828125,265.6400146484375,265.6925048828125,4673
2026-09-15 19:06:00+00:00,265.614990234375,265.614990234375,265.6700134277344,265.6099853515625,265.6600036621094,4130
2026-09-15 19:07:00+00:00,265.635009765625,265.635009765625,265.635009765625,265.5799865722656,265.614990234375,4490
2026-09-15 19:08:00+00:00,265.45001220703125,265.45001220703125,265.6650085449219,265.42999267578125,265.6400146484375,9595
2026-09-15 19:09:00+00:00,265.4849853515625,265.4849853515625,265.4849853515625,265.4111022949219,265.4111022949219,5408
2026-09-15 19:10:00+00:00,265.44000244140625,265.44000244140625,265.54998779296875,265.44000244140625,265.4849853515625,5827
2026-09-15 19:11:00+00:00,265.489990234375,265.489990234375,265.4949951171875,265.3699951171875,265.3999938964844,6079
2026-09-15 19:12:00+00:00,265.4949951171875,265.4949951171875,265.5799865722656,265.489990234375,265.489990234375,4679
2026-09-15 19:13:00+00:00,265.5151062011719,265.5151062011719,265.54998779296875,265.489990234375,265.5,4437
2026-09-15 19:14:00+00:00,265.4800109863281,265.4800109863281,265.5350036621094,265.4700012207031,265.50750732421875,11159
2026-09-15 19:15:00+00:00,265.6700134277344,265.6700134277344,265.6700134277344,265.42999267578125,265.45001220703125,12551
2026-09-15 19:16:00+00:00,265.67999267578125,265.67999267578125,265.82000732421875,265.6700134277344,265.7300109863281,8587
2026-09-15 19:17:00+00:00,265.7349853515625,265.7349853515625,265.7832946777344,265.70001220703125,265.70001220703125,6436
2026-09-15 19:18:00+00:00,265.80999755859375,265.80999755859375,265.8399963378906,265.6900939941406,265.739990234375,6408
2026-09-15 19:19:00+00:00,265.8500061035156,265.8500061035156,265.9100036621094,265.8026123046875,265.80999755859375,7452
2026-09-15 19:20:00+00:00,265.8599853515625,265.8599853515625,265.9150085449219,265.8299865722656,265.8550109863281,9643
2026-09-15 19:21:00+00:00,265.8900146484375,265.8900146484375,265.9100036621094,265.8599853515625,265.8599853515625,3023
2026-09-15 19:22:00+00:00,265.8399963378906,265.8399963378906,265.93280029296875,265.79998779296875,265.8800048828125,8069
2026-09-15 19:23:00+00:00,265.82501220703125,265.82501220703125,265.8800048828125,265.79998779296875,265.8349914550781,4990
2026-09-15 19:24:00+00:00,265.7225036621094,265.7225036621094,265.8349914550781,265.67999267578125,265.8349914550781,6009
2026-09-15 19:25:00+00:00,265.7300109863281,265.7300109863281,265.7699890136719,265.7149963378906,265.7699890136719,3432
2026-09-15 19:26:00+00:00,265.67999267578125,265.67999267578125,265.7349853515625,265.6199951171875,265.7236022949219,9034
2026-09-15 19:27:00+00:00,265.67498779296875,265.67498779296875,265.7099914550781,265.6600036621094,265.6600036621094,6080
2026-09-15 19:28:00+00:00,265.7250061035156,265.7250061035156,265.760009765625,265.6600036621094,265.67498779296875,10458
2026-09-15 19:29:00+00:00,265.8599853515625,265.8599853515625,265.9100036621094,265.70001220703125,265.7250061035156,9043
2026-09-15 19:30:00+00:00,265.9049987792969,265.9049987792969,265.9049987792969,265.7699890136719,265.82000732421875,7981
2026-09-15 19:31:00+00:00,266.0820007324219,266.0820007324219,266.0820007324219,265.87750244140625,265.9049987792969,8634
2026-09-15 19:32:00+00:00,265.9800109863281,265.9800109863281,266.1300048828125,265.9800109863281,266.0799865722656,8514
2026-09-15 19:33:00+00:00,266.114990234375,266.114990234375,266.114990234375,266.0299987792969,266.05999755859375,8740
2026-09-15 19:34:00+00:00,266.135009765625,266.135009765625,266.19000244140625,266.05999755859375,266.0899963378906,10646
2026-09-15 19:35:00+00:00,266.2699890136719,266.2699890136719,266.3500061035156,266.0899963378906,266.125,46472
2026-09-15 19:36:00+00:00,266.32000732421875,266.32000732421875,266.3800048828125,266.2300109863281,266.2699890136719,12487
2026-09-15 19:37:00+00:00,266.3999938964844,266.3999938964844,266.4100036621094,266.2900085449219,266.3800048828125,8019
2026-09-15 19:38:00+00:00,266.3399963378906,266.3399963378906,266.44000244140625,266.3299865722656,266.4100036621094,8582
2026-09-15 19:39:00+00:00,266.3349914550781,266.3349914550781,266.3599853515625,266.30999755859375,266.3399963378906,9233
2026-09-15 19:40:00+00:00,266.4399108886719,266.4399108886719,266.4399108886719,266.2799987792969,266.3349914550781,8695
2026-09-15 19:41:00+00:00,266.3399963378906,266.3399963378906,266.40679931640625,266.260009765625,266.40679931640625,11768
2026-09-15 19:42:00+00:00,266.239990234375,266.239990234375,266.3399963378906,266.239990234375,266.3399963378906,13186
2026-09-15 19:43:00+00:00,266.2200012207031,266.2200012207031,266.2950134277344,266.2099914550781,266.2699890136719,5373
2026-09-15 19:44:00+00:00,266.0799865722656,266.0799865722656,266.2550048828125,266.0799865722656,266.2550048828125,11788
2026-09-15 19:45:00+00:00,266.2850036621094,266.2850036621094,266.2850036621094,266.04998779296875,266.05999755859375,21652
2026-09-15 19:46:00+00:00,266.32501220703125,266.32501220703125,266.3399963378906,266.1600036621094,266.2950134277344,22205
2026-09-15 19:47:00+00:00,266.5,266.5,266.5599060058594,266.31500244140625,266.32501220703125,44072
2026-09-15 19:48:00+00:00,266.4649963378906,266.4649963378906,266.5249938964844,266.4200134277344,266.5249938964844,10042
2026-09-15 19:49:00+00:00,266.5224914550781,266.5224914550781,266.5249938964844,266.4200134277344,266.4549865722656,15302
2026-09-15 19:50:00+00:00,266.2650146484375,266.2650146484375,266.510009765625,266.239990234375,266.489990234375,17830
2026-09-15 19:51:00+00:00,266.1650085449219,266.1650085449219,266.260009765625,266.1400146484375,266.2550048828125,18635
2026-09-15 19:52:00+00:00,266.20001220703125,266.20001220703125,266.3900146484375,266.1199951171875,266.1700134277344,36498
2026-09-15 19:53:00+00:00,266.1499938964844,266.1499938964844,266.239990234375,266.0899963378906,266.20001220703125,18742
2026-09-15 19:54:00+00:00,266.1600036621094,266.1600036621094,266.19000244140625,266.0899963378906,266.1400146484375,27516
2026-09-15 19:55:00+00:00,266.30999755859375,266.30999755859375,266.4700012207031,266.18499755859375,266.2099914550781,39990
2026-09-15 19:56:00+00:00,266.4700012207031,266.4700012207031,266.5299987792969,266.32000732421875,266.3599853515625,41331
2026-09-15 19:57:00+00:00,266.4200134277344,266.4200134277344,266.5190124511719,266.3599853515625,266.45001220703125,46184
2026-09-15 19:58:00+00:00,266.8800048828125,266.8800048828125,266.9549865722656,266.3399963378906,266.4200134277344,134680
2026-09-15 19:59:00+00:00,266.92999267578125,266.92999267578125,267.1499938964844,266.8699951171875,266.9100036621094,185453
2026-09-16 13:30:00+00:00,266.3399963378906,266.3399963378906,268.110595703125,266.3399963378906,266.80999755859375,0
2026-09-16 13:31:00+00:00,267.1650085449219,267.1650085449219,267.2200012207031,266.54888916015625,266.54888916015625,13875
2026-09-16 13:32:00+00:00,266.8949890136719,266.8949890136719,267.0400085449219,266.75,266.9200134277344,5740
2026-09-16 13:33:00+00:00,267.4750061035156,267.4750061035156,267.614990234375,266.8800048828125,266.8800048828125,6247
2026-09-16 13:34:00+00:00,267.6798095703125,267.6798095703125,267.7650146484375,267.45001220703125,267.74749755859375,6270
2026-09-16 13:35:00+00:00,267.56500244140625,267.56500244140625,267.739990234375,267.2701110839844,267.5057067871094,8481
2026-09-16 13:36:00+00:00,267.781005859375,267.781005859375,268.0,267.6099853515625,267.6099853515625,13296
2026-09-16 13:37:00+00:00,267.70001220703125,267.70001220703125,267.92999267578125,267.70001220703125,267.8699951171875,4953
2026-09-16 13:38:00+00:00,267.42498779296875,267.42498779296875,267.9800109863281,267.3699951171875,267.6700134277344,13506
2026-09-16 13:39:00+00:00,267.6600036621094,267.6600036621094,267.875,267.385009765625,267.510009765625,9231
2026-09-16 13:40:00+00:00,267.8800048828125,267.8800048828125,267.8800048828125,267.6199951171875,267.6771240234375,9886
2026-09-16 13:41:00+00:00,267.7950134277344,267.7950134277344,268.05999755859375,267.69000244140625,267.8800048828125,10724
2026-09-16 13:42:00+00:00,267.5299987792969,267.5299987792969,267.7900085449219,267.5299987792969,267.7900085449219,4883
2026-09-16 13:43:00+00:00,267.82000732421875,267.82000732421875,267.9100036621094,267.57000732421875,267.635009765625,10185
2026-09-16 13:44:00+00:00,268.0199890136719,268.0199890136719,268.1300048828125,267.8500061035156,267.8500061035156,9095
2026-09-16 13:45:00+00:00,268.2850036621094,268.2850036621094,268.5400085449219,268.010009765625,268.1300048828125,14024
2026-09-16 13:46:00+00:00,268.17999267578125,268.17999267578125,268.25,268.1400146484375,268.19000244140625,4489
2026-09-16 13:47:00+00:00,268.1199951171875,268.1199951171875,268.2496032714844,268.0799865722656,268.17498779296875,3892
2026-09-16 13:48:00+00:00,268.125,268.125,268.2099914550781,268.010009765625,268.17498779296875,9276
2026-09-16 13:49:00+00:00,268.0150146484375,268.0150146484375,268.29998779296875,268.0150146484375,268.1499938964844,12671
2026-09-16 13:50:00+00:00,267.94000244140625,267.94000244140625,268.0400085449219,267.94000244140625,267.9849853515625,5959
2026-09-16 13:51:00+00:00,267.7699890136719,267.7699890136719,267.94000244140625,267.7200012207031,267.94000244140625,7520
2026-09-16 13:52:00+00:00,267.5299987792969,267.5299987792969,267.82000732421875,267.5299987792969,267.70001220703125,8070
2026-09-16 13:53:00+00:00,267.6300048828125,267.6300048828125,267.6700134277344,267.5892028808594,267.5950012207031,7983
2026-09-16 13:54:00+00:00,267.2900085449219,267.2900085449219,267.625,267.2900085449219,267.53009033203125,6888
2026-09-16 13:55:00+00:00,267.2099914550781,267.2099914550781,267.30999755859375,267.20001220703125,267.30999755859375,6050
2026-09-16 13:56:00+00:00,267.2950134277344,267.2950134277344,267.30999755859375,267.20001220703125,267.2799987792969,21645
2026-09-16 13:57:00+00:00,267.3900146484375,267.3900146484375,267.54998779296875,267.30999755859375,267.32000732421875,9180
2026-09-16 13:58:00+00:00,267.2449951171875,267.2449951171875,267.4800109863281,267.1600036621094,267.4800109863281,7459
2026-09-16 13:59:00+00:00,266.739990234375,266.739990234375,267.19000244140625,266.5,267.1400146484375,34600
2026-09-16 14:00:00+00:00,266.6499938964844,266.6499938964844,267.0104064941406,266.6400146484375,266.739990234375,17851
2026-09-16 14:01:00+00:00,266.96600341796875,266.96600341796875,266.9800109863281,266.69000244140625,266.760009765625,3512
2026-09-16 14:02:00+00:00,267.2253112792969,267.2253112792969,267.3214111328125,266.8900146484375,266.8999938964844,10135
2026-09-16 14:03:00+00:00,267.19000244140625,267.19000244140625,267.3699951171875,267.19000244140625,267.2799987792969,5176
2026-09-16 14:04:00+00:00,266.7850036621094,266.7850036621094,267.19000244140625,266.7850036621094,267.19000244140625,2908
2026-09-16 14:05:00+00:00,266.8999938964844,266.8999938964844,266.8999938964844,266.5950012207031,266.8599853515625,6409
2026-09-16 14:06:00+00:00,266.7650146484375,266.7650146484375,267.0148010253906,266.67498779296875,266.7900085449219,4692
2026-09-16 14:07:00+00:00,266.6050109863281,266.6050109863281,266.8370056152344,266.6050109863281,266.79998779296875,3570
2026-09-16 14:08:00+00:00,266.5450134277344,266.5450134277344,266.6499938964844,266.5450134277344,266.5950012207031,4304
2026-09-16 14:09:00+00:00,266.6449890136719,266.6449890136719,266.6449890136719,266.4150085449219,266.55499267578125,8629
2026-09-16 14:10:00+00:00,266.4901123046875,266.4901123046875,266.67999267578125,266.4527893066406,266.6000061035156,5041
2026-09-16 14:11:00+00:00,266.8800048828125,266.8800048828125,266.8800048828125,266.6650085449219,266.70001220703125,7776
2026-09-16 14:12:00+00:00,266.69000244140625,266.69000244140625,266.92999267578125,266.5950012207031,266.92999267578125,7990
2026-09-16 14:13:00+00:00,266.67999267578125,266.67999267578125,266.8334045410156,266.67999267578125,266.7799987792969,10353
2026-09-16 14:14:00+00:00,266.8399963378906,266.8399963378906,266.8399963378906,266.67999267578125,266.67999267578125,5511
2026-09-16 14:15:00+00:00,266.8299865722656,266.8299865722656,266.96990966796875,266.8299865722656,266.8900146484375,4193
2026-09-16 14:16:00+00:00,266.67498779296875,266.67498779296875,266.8599853515625,266.67498779296875,266.8500061035156,7146
2026-09-16 14:17:00+00:00,266.489990234375,266.489990234375,266.67999267578125,266.489990234375,266.6199951171875,5672
2026-09-16 14:18:00+00:00,266.5350036621094,266.5350036621094,266.5849914550781,266.4750061035156,266.5849914550781,3713
2026-09-16 14:19:00+00:00,266.5050048828125,266.5050048828125,266.58990478515625,266.4200134277344,266.5299987792969,10477
2026-09-16 14:20:00+00:00,266.5224914550781,266.5224914550781,266.5899963378906,266.4200134277344,266.5899963378906,7541
2026-09-16 14:21:00+00:00,266.739990234375,266.739990234375,266.739990234375,266.4800109863281,266.6199951171875,7324
2026-09-16 14:22:00+00:00,266.93499755859375,266.93499755859375,266.93499755859375,266.739990234375,266.739990234375,8888
2026-09-16 14:23:00+00:00,266.8900146484375,266.8900146484375,267.010009765625,266.8299865722656,266.97979736328125,6822
2026-09-16 14:24:00+00:00,266.95001220703125,266.95001220703125,267.0198974609375,266.8900146484375,266.95001220703125,4696
2026-09-16 14:25:00+00:00,266.760009765625,266.760009765625,267.0400085449219,266.760009765625,266.8100891113281,6304
2026-09-16 14:26:00+00:00,266.7106628417969,266.7106628417969,266.7749938964844,266.6700134277344,266.6700134277344,6187
2026-09-16 14:27:00+00:00,266.6300048828125,266.6300048828125,266.7200012207031,266.6099853515625,266.7200012207031,5954
2026-09-16 14:28:00+00:00,266.3399963378906,266.3399963378906,266.68231201171875,266.3399963378906,266.67498779296875,8131
2026-09-16 14:29:00+00:00,266.3299865722656,266.3299865722656,266.5,266.2950134277344,266.3800048828125,15281
2026-09-16 14:30:00+00:00,266.6099853515625,266.6099853515625,266.6099853515625,266.2950134277344,266.2950134277344,6069
2026-09-16 14:31:00+00:00,266.7049865722656,266.7049865722656,266.7049865722656,266.5,266.5517883300781,4340
2026-09-16 14:32:00+00:00,266.7699890136719,266.7699890136719,266.7699890136719,266.7149963378906,266.7149963378906,1277
2026-09-16 14:33:00+00:00,266.7900085449219,266.7900085449219,266.864990234375,266.6400146484375,266.8299865722656,5093
2026-09-16 14:34:00+00:00,266.7200012207031,266.7200012207031,266.7200012207031,266.6477966308594,266.6477966308594,2168
2026-09-16 14:35:00+00:00,266.80499267578125,266.80499267578125,266.8299865722656,266.7200012207031,266.7200012207031,4683
2026-09-16 14:36:00+00:00,266.80499267578125,266.80499267578125,266.8799133300781,266.80499267578125,266.80499267578125,2078
2026-09-16 14:37:00+00:00,266.79998779296875,266.79998779296875,266.8599853515625,266.70001220703125,266.80499267578125,17131
2026-09-16 14:38:00+00:00,266.8900146484375,266.8900146484375,266.8900146484375,266.67999267578125,266.7449951171875,8203
2026-09-16 14:39:00+00:00,266.9649963378906,266.9649963378906,266.9949951171875,266.8414001464844,266.9100036621094,8562
2026-09-16 14:40:00+00:00,267.0799865722656,267.0799865722656,267.0799865722656,266.989990234375,267.0199890136719,8404
2026-09-16 14:41:00+00:00,267.1199951171875,267.1199951171875,267.1700134277344,267.04998779296875,267.0899963378906,9226
2026-09-16 14:42:00+00:00,267.25,267.25,267.2550048828125,266.9700012207031,266.989990234375,18836
2026-09-16 14:43:00+00:00,267.1619873046875,267.1619873046875,267.40869140625,267.1619873046875,267.3699951171875,5439
2026-09-16 14:44:00+00:00,267.2200012207031,267.2200012207031,267.239990234375,267.1400146484375,267.1600036621094,2665
2026-09-16 14:45:00+00:00,267.1449890136719,267.1449890136719,267.227294921875,267.0600891113281,267.0899963378906,5688
2026-09-16 14:46:00+00:00,267.17999267578125,267.17999267578125,267.2699890136719,267.1099853515625,267.1449890136719,18818
2026-09-16 14:47:00+00:00,267.1099853515625,267.1099853515625,267.239990234375,267.1099853515625,267.2010803222656,3019
2026-09-16 14:48:00+00:00,267.1700134277344,267.1700134277344,267.21990966796875,267.07000732421875,267.07000732421875,2952
2026-09-16 14:49:00+00:00,267.2349853515625,267.2349853515625,267.3157043457031,267.1300048828125,267.1300048828125,8127
2026-09-16 14:50:00+00:00,267.2341003417969,267.2341003417969,267.2341003417969,267.19000244140625,267.2149963378906,2297
2026-09-16 14:51:00+00:00,267.31500244140625,267.31500244140625,267.3500061035156,267.1658935546875,267.19000244140625,8245
2026-09-16 14:52:00+00:00,267.2250061035156,267.2250061035156,267.30999755859375,267.2250061035156,267.30999755859375,7132
2026-09-16 14:53:00+00:00,267.3699951171875,267.3699951171875,267.3999938964844,267.2699890136719,267.2900085449219,11169
2026-09-16 14:54:00+00:00,267.17498779296875,267.17498779296875,267.42999267578125,267.1650085449219,267.42999267578125,5504
2026-09-16 14:55:00+00:00,267.31500244140625,267.31500244140625,267.3299865722656,267.19000244140625,267.19000244140625,2687
2026-09-16 14:56:00+00:00,267.5299987792969,267.5299987792969,267.5299987792969,267.29998779296875,267.3349914550781,7593
2026-09-16 14:57:00+00:00,267.3999938964844,267.3999938964844,267.4750061035156,267.3299865722656,267.4750061035156,4641
2026-09-16 14:58:00+00:00,267.2900085449219,267.2900085449219,267.3810729980469,267.2900085449219,267.3125,5983
2026-09-16 14:59:00+00:00,267.31500244140625,267.31500244140625,267.31500244140625,267.239990234375,267.2900085449219,4506
2026-09-16 15:00:00+00:00,267.3525085449219,267.3525085449219,267.3599853515625,267.2900085449219,267.2900085449219,2465
2026-09-16 15:01:00+00:00,267.3699951171875,267.3699951171875,267.44000244140625,267.3500061035156,267.3500061035156,3147
2026-09-16 15:02:00+00:00,267.10009765625,267.10009765625,267.3599853515625,267.10009765625,267.3599853515625,3830
2026-09-16 15:03:00+00:00,267.2699890136719,267.2699890136719,267.2950134277344,267.2099914550781,267.2300109863281,3719
2026-09-16 15:04:00+00:00,267.44500732421875,267.44500732421875,267.4800109863281,267.2950134277344,267.2950134277344,3971
2026-09-16 15:05:00+00:00,267.32000732421875,267.32000732421875,267.5150146484375,267.32000732421875,267.5150146484375,5736
2026-09-16 15:06:00+00:00,267.2850036621094,267.2850036621094,267.4200134277344,267.2724914550781,267.4200134277344,1036
2026-09-16 15:07:00+00:00,266.9985046386719,266.9985046386719,267.2843933105469,266.95001220703125,267.2749938964844,21368
2026-09-16 15:08:00+00:00,266.760009765625,266.760009765625,267.010009765625,266.760009765625,267.010009765625,6960
2026-09-16 15:09:00+00:00,266.8900146484375,266.8900146484375,266.9700012207031,266.760009765625,266.8699951171875,5429
2026-09-16 15:10:00+00:00,267.3299865722656,267.3299865722656,267.3299865722656,266.8550109863281,266.8800048828125,12034
2026-09-16 15:11:00+00:00,267.32000732421875,267.32000732421875,267.5458068847656,267.2900085449219,267.2900085449219,3700
2026-09-16 15:12:00+00:00,267.32000732421875,267.32000732421875,267.4599914550781,267.30499267578125,267.30499267578125,4451
2026-09-16 15:13:00+00:00,267.3349914550781,267.3349914550781,267.3500061035156,267.2099914550781,267.29998779296875,6752
2026-09-16 15:14:00+00:00,267.4100036621094,267.4100036621094,267.42498779296875,267.31500244140625,267.3562927246094,6464
2026-09-16 15:15:00+00:00,267.4150085449219,267.4150085449219,267.5299987792969,267.4049987792969,267.4049987792969,5543
2026-09-16 15:16:00+00:00,267.4150085449219,267.4150085449219,267.510009765625,267.4150085449219,267.43499755859375,4322
2026-09-16 15:17:00+00:00,267.4599914550781,267.4599914550781,267.4599914550781,267.4200134277344,267.4200134277344,2401
2026-09-16 15:18:00+00:00,267.3399963378906,267.3399963378906,267.4549865722656,267.2900085449219,267.4549865722656,4291
2026-09-16 15:19:00+00:00,267.4800109863281,267.4800109863281,267.510009765625,267.25,267.25,6561
2026-09-16 15:20:00+00:00,267.38531494140625,267.38531494140625,267.4951171875,267.239990234375,267.4951171875,8303
2026-09-16 15:21:00+00:00,267.2749938964844,267.2749938964844,267.43499755859375,267.2749938964844,267.3399963378906,4747
2026-09-16 15:22:00+00:00,267.3699951171875,267.3699951171875,267.42498779296875,267.2799987792969,267.2799987792969,3983
2026-09-16 15:23:00+00:00,267.42999267578125,267.42999267578125,267.5400085449219,267.3500061035156,267.3500061035156,12213
2026-09-16 15:24:00+00:00,267.384521484375,267.384521484375,267.42999267578125,267.3399963378906,267.3599853515625,4665
2026-09-16 15:25:00+00:00,267.489990234375,267.489990234375,267.6099853515625,267.32000732421875,267.32501220703125,15033
2026-09-16 15:26:00+00:00,267.6099853515625,267.6099853515625,267.625,267.4800109863281,267.4800109863281,132665
2026-09-16 15:27:00+00:00,267.56500244140625,267.56500244140625,267.6099853515625,267.5000915527344,267.6099853515625,2999
2026-09-16 15:28:00+00:00,267.69000244140625,267.69000244140625,267.7699890136719,267.56500244140625,267.56500244140625,7567
2026-09-16 15:29:00+00:00,267.69500732421875,267.69500732421875,267.69500732421875,267.69000244140625,267.69000244140625,2512
2026-09-16 15:30:00+00:00,267.79998779296875,267.79998779296875,267.79998779296875,267.6400146484375,267.6400146484375,6374
2026-09-16 15:31:00+00:00,267.7900085449219,267.7900085449219,267.8550109863281,267.7099914550781,267.7699890136719,9340
2026-09-16 15:32:00+00:00,267.8500061035156,267.8500061035156,267.8999938964844,267.8450012207031,267.8599853515625,6201
2026-09-16 15:33:00+00:00,267.8399963378906,267.8399963378906,267.8550109863281,267.82000732421875,267.8450012207031,3912
2026-09-16 15:34:00+00:00,267.9100036621094,267.9100036621094,267.9100036621094,267.80499267578125,267.8599853515625,7064
2026-09-16 15:35:00+00:00,267.9700012207031,267.9700012207031,267.9800109863281,267.8699951171875,267.92999267578125,7404
2026-09-16 15:36:00+00:00,267.9200134277344,267.9200134277344,268.0899963378906,267.8800048828125,267.94000244140625,11691
2026-09-16 15:37:00+00:00,268.05499267578125,268.05499267578125,268.05999755859375,267.9200134277344,267.9200134277344,9810
2026-09-16 15:38:00+00:00,268.114990234375,268.114990234375,268.1556091308594,267.95001220703125,268.04998779296875,9880
2026-09-16 15:39:00+00:00,268.1050109863281,268.1050109863281,268.1650085449219,268.05999755859375,268.1449890136719,6624
2026-09-16 15:40:00+00:00,268.0199890136719,268.0199890136719,268.114990234375,267.9700012207031,268.07501220703125,9360
2026-09-16 15:41:00+00:00,268.1199951171875,268.1199951171875,268.1199951171875,268.0,268.0570983886719,4723
2026-09-16 15:42:00+00:00,268.04998779296875,268.04998779296875,268.04998779296875,267.989990234375,268.04998779296875,3965
2026-09-16 15:43:00+00:00,268.04998779296875,268.04998779296875,268.1199951171875,268.010009765625,268.1000061035156,10356
2026-09-16 15:44:00+00:00,267.8500061035156,267.8500061035156,268.07000732421875,267.8399963378906,268.04998779296875,13838
2026-09-16 15:45:00+00:00,267.8599853515625,267.8599853515625,267.8599853515625,267.7900085449219,267.8399963378906,3796
2026-09-16 15:46:00+00:00,267.94000244140625,267.94000244140625,267.9599914550781,267.8599853515625,267.8900146484375,6023
2026-09-16 15:47:00+00:00,267.8900146484375,267.8900146484375,268.07000732421875,267.8699951171875,267.94000244140625,11543
2026-09-16 15:48:00+00:00,267.8800048828125,267.8800048828125,267.97808837890625,267.7919006347656,267.885009765625,2951
2026-09-16 15:49:00+00:00,267.864990234375,267.864990234375,267.875,267.82000732421875,267.875,2229
2026-09-16 15:50:00+00:00,267.80010986328125,267.80010986328125,267.8599853515625,267.80010986328125,267.8599853515625,2241
2026-09-16 15:51:00+00:00,267.9024963378906,267.9024963378906,267.95001220703125,267.79998779296875,267.8599853515625,5265
2026-09-16 15:52:00+00:00,268.07000732421875,268.07000732421875,268.1300048828125,267.9599914550781,267.9599914550781,10100
2026-09-16 15:53:00+00:00,268.05499267578125,268.05499267578125,268.05999755859375,267.9800109863281,268.05999755859375,4155
2026-09-16 15:54:00+00:00,268.010009765625,268.010009765625,268.05499267578125,267.9800109863281,268.05499267578125,4313
2026-09-16 15:55:00+00:00,268.0398864746094,268.0398864746094,268.05999755859375,267.92999267578125,267.92999267578125,6539
2026-09-16 15:56:00+00:00,267.9100036621094,267.9100036621094,268.010009765625,267.9100036621094,267.9549865722656,2666
2026-09-16 15:57:00+00:00,268.0,268.0,268.0199890136719,267.9649963378906,267.9700012207031,2844
2026-09-16 15:58:00+00:00,267.9601135253906,267.9601135253906,268.1199951171875,267.8599853515625,268.04998779296875,20275
2026-09-16 15:59:00+00:00,268.1099853515625,268.1099853515625,268.125,267.9775085449219,267.9849853515625,3315
2026-09-16 16:00:00+00:00,268.0450134277344,268.0450134277344,268.0450134277344,267.9800109863281,268.0199890136719,2375
2026-09-16 16:01:00+00:00,268.0450134277344,268.0450134277344,268.0899963378906,268.0450134277344,268.04998779296875,1915
2026-09-16 16:02:00+00:00,267.92498779296875,267.92498779296875,268.0199890136719,267.92498779296875,267.989990234375,4619
2026-09-16 16:03:00+00:00,267.9599914550781,267.9599914550781,268.0299987792969,267.9150085449219,267.92498779296875,5306
2026-09-16 16:04:00+00:00,268.0899963378906,268.0899963378906,268.1600036621094,267.9599914550781,267.9599914550781,5788
2026-09-16 16:05:00+00:00,267.9649963378906,267.9649963378906,268.0450134277344,267.95001220703125,268.0400085449219,2740
2026-09-16 16:06:00+00:00,267.9200134277344,267.9200134277344,267.9649963378906,267.9200134277344,267.9649963378906,1926
2026-09-16 16:07:00+00:00,267.9700012207031,267.9700012207031,267.9700012207031,267.8200988769531,267.9100036621094,3350
2026-09-16 16:08:00+00:00,267.8800048828125,267.8800048828125,267.92999267578125,267.8800048828125,267.92999267578125,2302
2026-09-16 16:09:00+00:00,267.9800109863281,267.9800109863281,267.9800109863281,267.8699951171875,267.875,1052
2026-09-16 16:10:00+00:00,267.9150085449219,267.9150085449219,267.9800109863281,267.9150085449219,267.9800109863281,3652
2026-09-16 16:11:00+00:00,268.1650085449219,268.1650085449219,268.1650085449219,267.9800109863281,267.989990234375,5173
2026-09-16 16:12:00+00:00,268.07501220703125,268.07501220703125,268.1600036621094,268.04998779296875,268.1600036621094,10832
2026-09-16 16:13:00+00:00,268.05499267578125,268.05499267578125,268.1083984375,268.0,268.0,2480
2026-09-16 16:14:00+00:00,267.9549865722656,267.9549865722656,268.1000061035156,267.8999938964844,268.010009765625,5462
2026-09-16 16:15:00+00:00,267.94000244140625,267.94000244140625,268.0299987792969,267.8900146484375,268.0199890136719,7844
2026-09-16 16:16:00+00:00,267.9200134277344,267.9200134277344,267.9728088378906,267.9200134277344,267.9407043457031,1880
2026-09-16 16:17:00+00:00,267.875,267.875,267.875,267.82000732421875,267.8699951171875,3238
2026-09-16 16:18:00+00:00,267.82000732421875,267.82000732421875,267.8800048828125,267.82000732421875,267.8800048828125,1586
2026-09-16 16:19:00+00:00,267.80999755859375,267.80999755859375,267.8599853515625,267.75,267.75,4365
2026-09-16 16:20:00+00:00,267.8800048828125,267.8800048828125,267.9100036621094,267.82000732421875,267.8299865722656,3047
2026-09-16 16:21:00+00:00,267.8714904785156,267.8714904785156,267.91900634765625,267.8714904785156,267.91900634765625,1989
2026-09-16 16:22:00+00:00,267.8900146484375,267.8900146484375,267.9599914550781,267.8900146484375,267.8949890136719,4731
2026-09-16 16:23:00+00:00,267.885009765625,267.885009765625,267.885009765625,267.885009765625,267.885009765625,1470
2026-09-16 16:24:00+00:00,267.82501220703125,267.82501220703125,267.8900146484375,267.69000244140625,267.8399963378906,13025
2026-09-16 16:25:00+00:00,267.82000732421875,267.82000732421875,267.8599853515625,267.7900085449219,267.847412109375,11651
2026-09-16 16:26:00+00:00,267.7900085449219,267.7900085449219,267.9100036621094,267.7900085449219,267.82501220703125,4746
2026-09-16 16:27:00+00:00,267.7749938964844,267.7749938964844,267.80999755859375,267.7699890136719,267.80999755859375,2655
2026-09-16 16:28:00+00:00,267.82000732421875,267.82000732421875,267.82000732421875,267.70001220703125,267.7699890136719,1899
2026-09-16 16:29:00+00:00,267.82470703125,267.82470703125,267.9200134277344,267.7850036621094,267.82000732421875,11231
2026-09-16 16:30:00+00:00,267.79998779296875,267.79998779296875,267.8399963378906,267.7799987792969,267.79998779296875,1477
2026-09-16 16:31:00+00:00,267.8349914550781,267.8349914550781,267.8800048828125,267.7950134277344,267.8500061035156,4173
2026-09-16 16:32:00+00:00,267.7749938964844,267.7749938964844,267.8800048828125,267.7749938964844,267.82501220703125,4335
2026-09-16 16:33:00+00:00,267.4549865722656,267.4549865722656,267.7950134277344,267.423095703125,267.7950134277344,24797
2026-09-16 16:34:00+00:00,267.3800048828125,267.3800048828125,267.5098876953125,267.3599853515625,267.45001220703125,3023
2026-09-16 16:35:00+00:00,267.3599853515625,267.3599853515625,267.4649963378906,267.32000732421875,267.3999938964844,1916
2026-09-16 16:36:00+00:00,267.2799987792969,267.2799987792969,267.3599853515625,267.2799987792969,267.3599853515625,1738
2026-09-16 16:37:00+00:00,267.29998779296875,267.29998779296875,267.3999938964844,267.260009765625,267.3450012207031,2634
2026-09-16 16:38:00+00:00,267.3399963378906,267.3399963378906,267.3826904296875,267.25,267.25,3889
2026-09-16 16:39:00+00:00,267.2900085449219,267.2900085449219,267.3500061035156,267.2799987792969,267.3399963378906,3431
2026-09-16 16:40:00+00:00,267.3299865722656,267.3299865722656,267.42999267578125,267.29998779296875,267.29998779296875,4352
2026-09-16 16:41:00+00:00,267.3999938964844,267.3999938964844,267.44000244140625,267.32000732421875,267.32000732421875,5030
2026-09-16 16:42:00+00:00,267.4100036621094,267.4100036621094,267.489990234375,267.3999938964844,267.3999938964844,8958
2026-09-16 16:43:00+00:00,267.385009765625,267.385009765625,267.4599914550781,267.385009765625,267.385009765625,2573
2026-09-16 16:44:00+00:00,267.3399963378906,267.3399963378906,267.4800109863281,267.3399963378906,267.385009765625,3943
2026-09-16 16:45:00+00:00,267.3800048828125,267.3800048828125,267.3800048828125,267.3299865722656,267.3699951171875,2000
2026-09-16 16:46:00+00:00,267.3699951171875,267.3699951171875,267.3900146484375,267.3299865722656,267.3800048828125,4096
2026-09-16 16:47:00+00:00,267.3699951171875,267.3699951171875,267.4100036621094,267.29998779296875,267.3500061035156,9542
2026-09-16 16:48:00+00:00,267.54998779296875,267.54998779296875,267.5899963378906,267.3399963378906,267.3500061035156,8862
2026-09-16 16:49:00+00:00,267.6000061035156,267.6000061035156,267.6000061035156,267.5450134277344,267.54998779296875,3536
2026-09-16 16:50:00+00:00,267.6000061035156,267.6000061035156,267.69500732421875,267.55999755859375,267.6000061035156,5612
2026-09-16 16:51:00+00:00,267.5199890136719,267.5199890136719,267.5799865722656,267.5199890136719,267.55999755859375,3075
2026-09-16 16:52:00+00:00,267.5199890136719,267.5199890136719,267.5950012207031,267.4601135253906,267.5299987792969,4217
2026-09-16 16:53:00+00:00,267.54998779296875,267.54998779296875,267.57000732421875,267.41009521484375,267.4599914550781,5070
2026-09-16 16:54:00+00:00,267.5625,267.5625,267.5899963378906,267.54998779296875,267.5799865722656,1916
2026-09-16 16:55:00+00:00,267.50250244140625,267.50250244140625,267.54998779296875,267.4949951171875,267.5400085449219,2523
2026-09-16 16:56:00+00:00,267.5950012207031,267.5950012207031,267.6099853515625,267.4767150878906,267.4767150878906,5461
2026-09-16 16:57:00+00:00,267.5050048828125,267.5050048828125,267.5450134277344,267.5013122558594,267.5199890136719,2356
2026-09-16 16:58:00+00:00,267.625,267.625,267.6499938964844,267.5,267.5,7110
2026-09-16 16:59:00+00:00,267.52099609375,267.52099609375,267.5899963378906,267.52099609375,267.5899963378906,2623
2026-09-16 17:00:00+00:00,267.4700012207031,267.4700012207031,267.4700012207031,267.41009521484375,267.4649963378906,1823
2026-09-16 17:01:00+00:00,267.4700012207031,267.4700012207031,267.5299987792969,267.4700012207031,267.510009765625,4546
2026-09-16 17:02:00+00:00,267.29998779296875,267.29998779296875,267.4599914550781,267.2799987792969,267.4599914550781,4938
2026-09-16 17:03:00+00:00,267.30999755859375,267.30999755859375,267.3900146484375,267.260009765625,267.3399963378906,5524
2026-09-16 17:04:00+00:00,267.2109069824219,267.2109069824219,267.3900146484375,267.2099914550781,267.3900146484375,5730
2026-09-16 17:05:00+00:00,267.2200012207031,267.2200012207031,267.29998779296875,267.2200012207031,267.2200012207031,4931
2026-09-16 17:06:00+00:00,267.2900085449219,267.2900085449219,267.2900085449219,267.2345886230469,267.2449951171875,4028
2026-09-16 17:07:00+00:00,267.3500061035156,267.3500061035156,267.3500061035156,267.2401123046875,267.2401123046875,3758
2026-09-16 17:08:00+00:00,267.385009765625,267.385009765625,267.3999938964844,267.3500061035156,267.3500061035156,5236
2026-09-16 17:09:00+00:00,267.55999755859375,267.55999755859375,267.56500244140625,267.4100036621094,267.4200134277344,5621
2026-09-16 17:10:00+00:00,267.5799865722656,267.5799865722656,267.7099914550781,267.55999755859375,267.56500244140625,7486
2026-09-16 17:11:00+00:00,267.55999755859375,267.55999755859375,267.6099853515625,267.5320129394531,267.5400085449219,4169
2026-09-16 17:12:00+00:00,267.635009765625,267.635009765625,267.6400146484375,267.5869140625,267.6050109863281,2281
2026-09-16 17:13:00+00:00,267.5899963378906,267.5899963378906,267.6499938964844,267.54998779296875,267.6499938964844,4647
2026-09-16 17:14:00+00:00,267.5450134277344,267.5450134277344,267.5799865722656,267.510009765625,267.5249938964844,4766
2026-09-16 17:15:00+00:00,267.6700134277344,267.6700134277344,267.67999267578125,267.45001220703125,267.45001220703125,11735
2026-09-16 17:16:00+00:00,267.7300109863281,267.7300109863281,267.75,267.69000244140625,267.69000244140625,1810
2026-09-16 17:17:00+00:00,267.739990234375,267.739990234375,267.7650146484375,267.6449890136719,267.7607727050781,8651
2026-09-16 17:18:00+00:00,267.70001220703125,267.70001220703125,267.739990234375,267.6400146484375,267.70001220703125,3477
2026-09-16 17:19:00+00:00,267.760009765625,267.760009765625,267.760009765625,267.63970947265625,267.6650085449219,6232
2026-09-16 17:20:00+00:00,267.78729248046875,267.78729248046875,267.7900085449219,267.75,267.75,3564
2026-09-16 17:21:00+00:00,267.7950134277344,267.7950134277344,267.7950134277344,267.7099914550781,267.7650146484375,7852
2026-09-16 17:22:00+00:00,267.6700134277344,267.6700134277344,267.80499267578125,267.6700134277344,267.79998779296875,4883
2026-09-16 17:23:00+00:00,267.6499938964844,267.6499938964844,267.7149963378906,267.6499938964844,267.7149963378906,2044
2026-09-16 17:24:00+00:00,267.7900085449219,267.7900085449219,267.8299865722656,267.6199951171875,267.6449890136719,19153
2026-09-16 17:25:00+00:00,267.7900085449219,267.7900085449219,267.7900085449219,267.7900085449219,267.7900085449219,2592
2026-09-16 17:26:00+00:00,267.760009765625,267.760009765625,267.80999755859375,267.7200012207031,267.760009765625,2121
2026-09-16 17:27:00+00:00,267.80999755859375,267.80999755859375,267.80999755859375,267.7200012207031,267.7250061035156,3904
2026-09-16 17:28:00+00:00,267.7699890136719,267.7699890136719,267.82501220703125,267.760009765625,267.80999755859375,5076
2026-09-16 17:29:00+00:00,267.7950134277344,267.7950134277344,267.8299865722656,267.7699890136719,267.7699890136719,4146
2026-09-16 17:30:00+00:00,267.760009765625,267.760009765625,267.8999938964844,267.7300109863281,267.80999755859375,8204
2026-09-16 17:31:00+00:00,267.67999267578125,267.67999267578125,267.760009765625,267.67999267578125,267.739990234375,3202
2026-09-16 17:32:00+00:00,267.7049865722656,267.7049865722656,267.7049865722656,267.7049865722656,267.7049865722656,1437
2026-09-16 17:33:00+00:00,267.7250061035156,267.7250061035156,267.7799987792969,267.67999267578125,267.70001220703125,7728
2026-09-16 17:34:00+00:00,267.839599609375,267.839599609375,267.8500061035156,267.739990234375,267.739990234375,2384
2026-09-16 17:35:00+00:00,267.80999755859375,267.80999755859375,267.8599853515625,267.760009765625,267.79998779296875,14243
2026-09-16 17:36:00+00:00,267.8599853515625,267.8599853515625,267.91351318359375,267.7850036621094,267.7900085449219,3130
2026-09-16 17:37:00+00:00,267.83209228515625,267.83209228515625,267.8500061035156,267.80010986328125,267.8399963378906,2038
2026-09-16 17:38:00+00:00,267.6700134277344,267.6700134277344,267.80999755859375,267.6700134277344,267.7650146484375,5096
2026-09-16 17:39:00+00:00,267.6199951171875,267.6199951171875,267.69000244140625,267.6099853515625,267.69000244140625,2920
2026-09-16 17:40:00+00:00,267.5299987792969,267.5299987792969,267.5871887207031,267.5199890136719,267.5799865722656,6833
2026-09-16 17:41:00+00:00,267.6199951171875,267.6199951171875,267.6199951171875,267.5,267.54998779296875,4722
2026-09-16 17:42:00+00:00,267.5799865722656,267.5799865722656,267.61370849609375,267.5799865722656,267.61370849609375,1592
2026-09-16 17:43:00+00:00,267.55999755859375,267.55999755859375,267.6099853515625,267.55999755859375,267.6000061035156,3026
2026-09-16 17:44:00+00:00,267.58990478515625,267.58990478515625,267.58990478515625,267.54998779296875,267.54998779296875,2261
2026-09-16 17:45:00+00:00,267.489990234375,267.489990234375,267.5400085449219,267.489990234375,267.489990234375,1865
2026-09-16 17:46:00+00:00,267.54998779296875,267.54998779296875,267.55999755859375,267.4375,267.5299987792969,8288
2026-09-16 17:47:00+00:00,267.5350036621094,267.5350036621094,267.5686950683594,267.47930908203125,267.5686950683594,2171
2026-09-16 17:48:00+00:00,267.5350036621094,267.5350036621094,267.5350036621094,267.510009765625,267.510009765625,1186
2026-09-16 17:49:00+00:00,267.510009765625,267.510009765625,267.5899963378906,267.510009765625,267.5400085449219,3618
2026-09-16 17:50:00+00:00,267.57000732421875,267.57000732421875,267.6000061035156,267.55499267578125,267.55499267578125,3968
2026-09-16 17:51:00+00:00,267.6400146484375,267.6400146484375,267.7499084472656,267.5899963378906,267.6000061035156,8619
2026-09-16 17:52:00+00:00,267.6099853515625,267.6099853515625,267.69000244140625,267.6099853515625,267.69000244140625,3455
2026-09-16 17:53:00+00:00,267.6709899902344,267.6709899902344,267.6709899902344,267.635009765625,267.6499938964844,4512
2026-09-16 17:54:00+00:00,267.7799987792969,267.7799987792969,267.9049987792969,267.67498779296875,267.67999267578125,22177
2026-09-16 17:55:00+00:00,267.54998779296875,267.54998779296875,267.8799133300781,267.54998779296875,267.8799133300781,4024
2026-09-16 17:56:00+00:00,267.56048583984375,267.56048583984375,267.56048583984375,267.5,267.55999755859375,2776
2026-09-16 17:57:00+00:00,267.5199890136719,267.5199890136719,267.5199890136719,267.510009765625,267.5150146484375,2690
2026-09-16 17:58:00+00:00,267.5180969238281,267.5180969238281,267.5180969238281,267.4100036621094,267.489990234375,1897
2026-09-16 17:59:00+00:00,267.5799865722656,267.5799865722656,267.6199951171875,267.42999267578125,267.45001220703125,9922
2026-09-16 18:00:00+00:00,267.69000244140625,267.69000244140625,267.8999938964844,267.3800964355469,267.5400085449219,9309
2026-09-16 18:01:00+00:00,268.0400085449219,268.0400085449219,268.1099853515625,267.68499755859375,267.69000244140625,11315
2026-09-16 18:02:00+00:00,268.0400085449219,268.0400085449219,268.2300109863281,268.0400085449219,268.0450134277344,6833
2026-09-16 18:03:00+00:00,268.07501220703125,268.07501220703125,268.1650085449219,268.0450134277344,268.0450134277344,4524
2026-09-16 18:04:00+00:00,268.05999755859375,268.05999755859375,268.1400146484375,268.0199890136719,268.0199890136719,4755
2026-09-16 18:05:00+00:00,267.885009765625,267.885009765625,267.92999267578125,267.82501220703125,267.92999267578125,4692
2026-09-16 18:06:00+00:00,267.92498779296875,267.92498779296875,267.9725036621094,267.885009765625,267.885009765625,5265
2026-09-16 18:07:00+00:00,267.75,267.75,267.8550109863281,267.6499938964844,267.8550109863281,9362
2026-09-16 18:08:00+00:00,267.79998779296875,267.79998779296875,267.864990234375,267.7149963378906,267.864990234375,3993
2026-09-16 18:09:00+00:00,267.75,267.75,267.79998779296875,267.710693359375,267.7349853515625,2662
2026-09-16 18:10:00+00:00,267.70001220703125,267.70001220703125,267.7099914550781,267.6499938964844,267.6499938964844,3919
2026-09-16 18:11:00+00:00,267.9800109863281,267.9800109863281,267.9800109863281,267.67498779296875,267.67498779296875,10244
2026-09-16 18:12:00+00:00,268.19500732421875,268.19500732421875,268.19500732421875,268.0799865722656,268.0799865722656,4554
2026-09-16 18:13:00+00:00,268.2300109863281,268.2300109863281,268.3500061035156,268.2099914550781,268.2699890136719,9986
2026-09-16 18:14:00+00:00,268.2699890136719,268.2699890136719,268.4200134277344,268.2449951171875,268.28900146484375,10128
2026-09-16 18:15:00+00:00,268.260009765625,268.260009765625,268.260009765625,268.2149963378906,268.239990234375,4305
2026-09-16 18:16:00+00:00,268.29998779296875,268.29998779296875,268.3299865722656,268.2099914550781,268.2099914550781,5445
2026-09-16 18:17:00+00:00,268.4150085449219,268.4150085449219,268.489990234375,268.2250061035156,268.2250061035156,15503
2026-09-16 18:18:00+00:00,268.3450012207031,268.3450012207031,268.456298828125,268.3450012207031,268.456298828125,3730
2026-09-16 18:19:00+00:00,268.5299987792969,268.5299987792969,268.5899963378906,268.3301086425781,268.3949890136719,11431
2026-09-16 18:20:00+00:00,268.4200134277344,268.4200134277344,268.4700012207031,268.4200134277344,268.4700012207031,1989
2026-09-16 18:21:00+00:00,268.489990234375,268.489990234375,268.5199890136719,268.3800048828125,268.4200134277344,3653
2026-09-16 18:22:00+00:00,268.5119934082031,268.5119934082031,268.57000732421875,268.4800109863281,268.5199890136719,6194
2026-09-16 18:23:00+00:00,268.4800109863281,268.4800109863281,268.5799865722656,268.4800109863281,268.57000732421875,4928
2026-09-16 18:24:00+00:00,268.54998779296875,268.54998779296875,268.56500244140625,268.5000915527344,268.5199890136719,2785
2026-09-16 18:25:00+00:00,268.5,268.5,268.5899963378906,268.4200134277344,268.5899963378906,6693
2026-09-16 18:26:00+00:00,268.489990234375,268.489990234375,268.5199890136719,268.4549865722656,268.510009765625,2934
2026-09-16 18:27:00+00:00,268.6199951171875,268.6199951171875,268.6199951171875,268.44000244140625,268.4599914550781,7005
2026-09-16 18:28:00+00:00,268.5,268.5,268.6099853515625,268.5,268.5950012207031,4670
2026-09-16 18:29:00+00:00,268.5041809082031,268.5041809082031,268.5799865722656,268.4750061035156,268.4750061035156,5167
2026-09-16 18:30:00+00:00,268.5299987792969,268.5299987792969,268.6499938964844,268.45001220703125,268.5799865722656,6359
2026-09-16 18:31:00+00:00,268.44000244140625,268.44000244140625,268.489990234375,268.364990234375,268.489990234375,3111
2026-09-16 18:32:00+00:00,268.1199951171875,268.1199951171875,268.3599853515625,268.1199951171875,268.3599853515625,5639
2026-09-16 18:33:00+00:00,267.7950134277344,267.7950134277344,268.04998779296875,267.7900085449219,268.04998779296875,32100
2026-09-16 18:34:00+00:00,267.5849914550781,267.5849914550781,267.8699951171875,267.56500244140625,267.7950134277344,20881
2026-09-16 18:35:00+00:00,267.69000244140625,267.69000244140625,267.7799987792969,267.67498779296875,267.69000244140625,4413
2026-09-16 18:36:00+00:00,267.6199951171875,267.6199951171875,267.6700134277344,267.5249938964844,267.6650085449219,3540
2026-09-16 18:37:00+00:00,267.5799865722656,267.5799865722656,267.67498779296875,267.4100036621094,267.4800109863281,6997
2026-09-16 18:38:00+00:00,267.67999267578125,267.67999267578125,267.7200012207031,267.57501220703125,267.57501220703125,5489
2026-09-16 18:39:00+00:00,267.5799865722656,267.5799865722656,267.739990234375,267.5799865722656,267.7300109863281,6832
2026-09-16 18:40:00+00:00,267.7699890136719,267.7699890136719,267.7900085449219,267.6499938964844,267.6499938964844,8189
2026-09-16 18:41:00+00:00,267.95001220703125,267.95001220703125,267.9750061035156,267.80499267578125,267.82000732421875,5663
2026-09-16 18:42:00+00:00,268.125,268.125,268.19500732421875,267.95001220703125,267.95001220703125,4839
2026-09-16 18:43:00+00:00,268.1700134277344,268.1700134277344,268.2349853515625,268.0828857421875,268.1199951171875,5004
2026-09-16 18:44:00+00:00,268.1199951171875,268.1199951171875,268.2550048828125,268.0400085449219,268.1700134277344,4250
2026-09-16 18:45:00+00:00,268.07501220703125,268.07501220703125,268.135009765625,268.0199890136719,268.1300048828125,2084
2026-09-16 18:46:00+00:00,268.20001220703125,268.20001220703125,268.260009765625,268.0199890136719,268.07501220703125,7361
2026-09-16 18:47:00+00:00,268.2799987792969,268.2799987792969,268.32000732421875,268.2099914550781,268.25,9066
2026-09-16 18:48:00+00:00,268.44000244140625,268.44000244140625,268.44000244140625,268.2699890136719,268.3500061035156,8375
2026-09-16 18:49:00+00:00,268.31500244140625,268.31500244140625,268.44000244140625,268.31500244140625,268.43499755859375,4831
2026-09-16 18:50:00+00:00,268.1499938964844,268.1499938964844,268.2699890136719,268.1499938964844,268.2004089355469,3700
2026-09-16 18:51:00+00:00,267.9549865722656,267.9549865722656,268.114990234375,267.95001220703125,268.1099853515625,3758
2026-09-16 18:52:00+00:00,267.8999938964844,267.8999938964844,268.07501220703125,267.8399963378906,268.0400085449219,7263
2026-09-16 18:53:00+00:00,267.7300109863281,267.7300109863281,267.8800048828125,267.7300109863281,267.8800048828125,6597
2026-09-16 18:54:00+00:00,267.5150146484375,267.5150146484375,267.8299865722656,267.3999938964844,267.79998779296875,13141
2026-09-16 18:55:00+00:00,267.6650085449219,267.6650085449219,267.739990234375,267.5,267.5400085449219,14761
2026-09-16 18:56:00+00:00,267.75,267.75,267.8599853515625,267.5899963378906,267.7300109863281,14433
2026-09-16 18:57:00+00:00,267.6499938964844,267.6499938964844,267.75,267.5600891113281,267.70001220703125,5454
2026-09-16 18:58:00+00:00,267.7049865722656,267.7049865722656,267.8599853515625,267.676513671875,267.7300109863281,6524
2026-09-16 18:59:00+00:00,267.7799987792969,267.7799987792969,267.8500061035156,267.6700134277344,267.69000244140625,19660
2026-09-16 19:00:00+00:00,267.9049987792969,267.9049987792969,268.0199890136719,267.7900085449219,267.7900085449219,13836
2026-09-16 19:01:00+00:00,267.7099914550781,267.7099914550781,267.92999267578125,267.7099914550781,267.79998779296875,7795
2026-09-16 19:02:00+00:00,267.70001220703125,267.70001220703125,267.82000732421875,267.70001220703125,267.7099914550781,10377
2026-09-16 19:03:00+00:00,267.7950134277344,267.7950134277344,267.9599914550781,267.6300964355469,267.75,11590
2026-09-16 19:04:00+00:00,267.9700012207031,267.9700012207031,268.0249938964844,267.7900085449219,267.8900146484375,12105
2026-09-16 19:05:00+00:00,268.1000061035156,268.1000061035156,268.1676025390625,267.9100036621094,267.9700012207031,14498
2026-09-16 19:06:00+00:00,268.125,268.125,268.2200012207031,268.0400085449219,268.07501220703125,8571
2026-09-16 19:07:00+00:00,268.2799987792969,268.2799987792969,268.3299865722656,268.1000061035156,268.1400146484375,15884
2026-09-16 19:08:00+00:00,268.17999267578125,268.17999267578125,268.4200134277344,268.07000732421875,268.2699890136719,27106
2026-09-16 19:09:00+00:00,268.07501220703125,268.07501220703125,268.20001220703125,268.010009765625,268.0799865722656,8811
2026-09-16 19:10:00+00:00,267.69000244140625,267.69000244140625,268.1199951171875,267.60009765625,267.9700012207031,11533
2026-09-16 19:11:00+00:00,267.7099914550781,267.7099914550781,267.8500061035156,267.6482849121094,267.69000244140625,9674
2026-09-16 19:12:00+00:00,267.7850036621094,267.7850036621094,267.82000732421875,267.5000915527344,267.75,13145
2026-09-16 19:13:00+00:00,267.82000732421875,267.82000732421875,267.82000732421875,267.760009765625,267.7850036621094,5029
2026-09-16 19:14:00+00:00,267.7300109863281,267.7300109863281,267.81500244140625,267.6099853515625,267.7200012207031,6286
2026-09-16 19:15:00+00:00,267.8999938964844,267.8999938964844,268.010009765625,267.6700134277344,267.68499755859375,13414
2026-09-16 19:16:00+00:00,267.80999755859375,267.80999755859375,267.9599914550781,267.7749938964844,267.8999938964844,5469
2026-09-16 19:17:00+00:00,267.7300109863281,267.7300109863281,267.864990234375,267.7300109863281,267.80499267578125,5313
2026-09-16 19:18:00+00:00,267.6191101074219,267.6191101074219,267.79998779296875,267.5985107421875,267.75,9421
2026-09-16 19:19:00+00:00,267.760009765625,267.760009765625,267.7699890136719,267.56500244140625,267.57000732421875,6853
2026-09-16 19:20:00+00:00,267.92999267578125,267.92999267578125,268.0,267.7997131347656,267.80999755859375,12462
2026-09-16 19:21:00+00:00,267.8275146484375,267.8275146484375,267.9700012207031,267.7900085449219,267.92999267578125,8118
2026-09-16 19:22:00+00:00,267.8900146484375,267.8900146484375,267.9200134277344,267.7699890136719,267.80999755859375,14062
2026-09-16 19:23:00+00:00,267.8500061035156,267.8500061035156,267.92999267578125,267.82000732421875,267.8900146484375,8938
2026-09-16 19:24:00+00:00,267.9599914550781,267.9599914550781,267.9599914550781,267.8599853515625,267.8599853515625,4596
2026-09-16 19:25:00+00:00,267.9049987792969,267.9049987792969,268.06988525390625,267.9049987792969,267.9800109863281,5554
2026-09-16 19:26:00+00:00,267.7099914550781,267.7099914550781,267.9599914550781,267.7099914550781,267.8999938964844,7509
2026-09-16 19:27:00+00:00,267.7850036621094,267.7850036621094,267.82000732421875,267.6300048828125,267.6825866699219,13576
2026-09-16 19:28:00+00:00,267.7650146484375,267.7650146484375,267.82000732421875,267.7099914550781,267.82000732421875,11225
2026-09-16 19:29:00+00:00,267.8299865722656,267.8299865722656,267.9100036621094,267.7900085449219,267.82000732421875,8430
2026-09-16 19:30:00+00:00,267.7799987792969,267.7799987792969,267.82000732421875,267.7349853515625,267.7699890136719,5525
2026-09-16 19:31:00+00:00,267.5199890136719,267.5199890136719,267.7900085449219,267.5199890136719,267.75,13307
2026-09-16 19:32:00+00:00,267.4200134277344,267.4200134277344,267.6099853515625,267.4100036621094,267.57470703125,7616
2026-09-16 19:33:00+00:00,267.2449951171875,267.2449951171875,267.4200134277344,267.20001220703125,267.4200134277344,19550
2026-09-16 19:34:00+00:00,267.40008544921875,267.40008544921875,267.40008544921875,267.17999267578125,267.25,14865
2026-09-16 19:35:00+00:00,267.1600036621094,267.1600036621094,267.3999938964844,267.04010009765625,267.3699951171875,11721
2026-09-16 19:36:00+00:00,267.2200012207031,267.2200012207031,267.2699890136719,267.1499938964844,267.19000244140625,9450
2026-09-16 19:37:00+00:00,267.20001220703125,267.20001220703125,267.260009765625,267.1000061035156,267.2149963378906,10278
2026-09-16 19:38:00+00:00,267.3399963378906,267.3399963378906,267.3699951171875,267.2200012207031,267.2200012207031,20605
2026-09-16 19:39:00+00:00,267.4150085449219,267.4150085449219,267.4700012207031,267.3299865722656,267.3399963378906,10461
2026-09-16 19:40:00+00:00,267.3699951171875,267.3699951171875,267.4200134277344,267.32000732421875,267.4100036621094,20460
2026-09-16 19:41:00+00:00,267.3500061035156,267.3500061035156,267.4200134277344,267.2200012207031,267.3399963378906,25024
2026-09-16 19:42:00+00:00,267.1199951171875,267.1199951171875,267.364990234375,267.1199951171875,267.3399963378906,23655
2026-09-16 19:43:00+00:00,267.1400146484375,267.1400146484375,267.2200012207031,267.1000061035156,267.1199951171875,11869
2026-09-16 19:44:00+00:00,267.2049865722656,267.2049865722656,267.239990234375,267.1199951171875,267.1571960449219,14911
2026-09-16 19:45:00+00:00,267.17999267578125,267.17999267578125,267.2300109863281,267.1099853515625,267.20001220703125,31480
2026-09-16 19:46:00+00:00,267.1099853515625,267.1099853515625,267.20001220703125,267.0400085449219,267.1099853515625,10048
2026-09-16 19:47:00+00:00,266.9599914550781,266.9599914550781,267.0299987792969,266.8399963378906,267.0299987792969,16861
2026-09-16 19:48:00+00:00,266.8900146484375,266.8900146484375,266.92999267578125,266.7950134277344,266.92999267578125,17348
2026-09-16 19:49:00+00:00,266.9339904785156,266.9339904785156,266.94000244140625,266.7799987792969,266.94000244140625,14522
2026-09-16 19:50:00+00:00,266.9599914550781,266.9599914550781,267.0799865722656,266.82000732421875,266.9049987792969,20805
2026-09-16 19:51:00+00:00,267.0199890136719,267.0199890136719,267.1199951171875,266.9599914550781,266.9599914550781,17569
2026-09-16 19:52:00+00:00,267.2699890136719,267.2699890136719,267.3399963378906,266.9800109863281,267.0299987792969,47091
2026-09-16 19:53:00+00:00,267.260009765625,267.260009765625,267.3500061035156,267.2200012207031,267.2699890136719,15999
2026-09-16 19:54:00+00:00,267.489990234375,267.489990234375,267.5400085449219,267.239990234375,267.239990234375,19490
2026-09-16 19:55:00+00:00,267.9049987792969,267.9049987792969,267.92999267578125,267.4200134277344,267.4849853515625,38822
2026-09-16 19:56:00+00:00,267.92999267578125,267.92999267578125,267.9700012207031,267.7300109863281,267.8599853515625,29623
2026-09-16 19:57:00+00:00,267.7550048828125,267.7550048828125,267.9700012207031,267.7286682128906,267.92498779296875,41280
2026-09-16 19:58:00+00:00,267.3399963378906,267.3399963378906,267.7699890136719,267.30999755859375,267.760009765625,99999
2026-09-16 19:59:00+00:00,267.3999938964844,267.3999938964844,267.44000244140625,267.239990234375,267.3999938964844,183968
2026-09-17 13:30:00+00:00,267.42498779296875,267.42498779296875,268.3500061035156,267.42498779296875,268.0,122620
2026-09-17 13:31:00+00:00,267.44500732421875,267.44500732421875,267.760009765625,267.1099853515625,267.42498779296875,7342
2026-09-17 13:32:00+00:00,267.5950012207031,267.5950012207031,267.7550048828125,267.4750061035156,267.4750061035156,9666
2026-09-17 13:33:00+00:00,268.20001220703125,268.20001220703125,268.20001220703125,267.67010498046875,267.7749938964844,10641
2026-09-17 13:34:00+00:00,268.5199890136719,268.5199890136719,268.5199890136719,267.9599914550781,268.1199951171875,8090
2026-09-17 13:35:00+00:00,268.31500244140625,268.31500244140625,268.3999938964844,268.2200012207031,268.3800048828125,5258
2026-09-17 13:36:00+00:00,268.55499267578125,268.55499267578125,268.5899963378906,268.2792053222656,268.31500244140625,5467
2026-09-17 13:37:00+00:00,268.55499267578125,268.55499267578125,268.739990234375,268.4800109863281,268.739990234375,2180
2026-09-17 13:38:00+00:00,268.2049865722656,268.2049865722656,268.5350036621094,268.05999755859375,268.47808837890625,7373
2026-09-17 13:39:00+00:00,268.3699951171875,268.3699951171875,268.45001220703125,268.0150146484375,268.0199890136719,10271
2026-09-17 13:40:00+00:00,268.1600036621094,268.1600036621094,268.3349914550781,267.9700012207031,268.3349914550781,8667
2026-09-17 13:41:00+00:00,268.1549987792969,268.1549987792969,268.1600036621094,267.989990234375,268.1600036621094,3178
2026-09-17 13:42:00+00:00,268.0450134277344,268.0450134277344,268.1499938964844,267.8800048828125,268.04998779296875,5284
2026-09-17 13:43:00+00:00,268.0799865722656,268.0799865722656,268.3299865722656,268.05999755859375,268.1549987792969,5252
2026-09-17 13:44:00+00:00,268.2099914550781,268.2099914550781,268.45001220703125,267.9849853515625,268.0,6946
2026-09-17 13:45:00+00:00,268.75,268.75,268.7699890136719,268.19000244140625,268.30499267578125,14331
2026-09-17 13:46:00+00:00,269.07000732421875,269.07000732421875,269.0799865722656,268.5350036621094,268.7300109863281,22133
2026-09-17 13:47:00+00:00,268.9649963378906,268.9649963378906,269.0,268.8999938964844,269.0,3711
2026-09-17 13:48:00+00:00,269.3599853515625,269.3599853515625,269.489990234375,268.9649963378906,268.9649963378906,6850
2026-09-17 13:49:00+00:00,269.7200012207031,269.7200012207031,269.7200012207031,269.2449951171875,269.3800048828125,15805
2026-09-17 13:50:00+00:00,269.447509765625,269.447509765625,269.7300109863281,269.4100036621094,269.7300109863281,7179
2026-09-17 13:51:00+00:00,269.57000732421875,269.57000732421875,269.6300048828125,269.3832092285156,269.45001220703125,7185
2026-09-17 13:52:00+00:00,269.4100036621094,269.4100036621094,269.760009765625,269.29998779296875,269.760009765625,10615
2026-09-17 13:53:00+00:00,269.4949951171875,269.4949951171875,269.6300048828125,269.3999938964844,269.3999938964844,8634
2026-09-17 13:54:00+00:00,269.2749938964844,269.2749938964844,269.44500732421875,269.2749938964844,269.44500732421875,2297
2026-09-17 13:55:00+00:00,269.45001220703125,269.45001220703125,269.6700134277344,269.3399963378906,269.3399963378906,8728
2026-09-17 13:56:00+00:00,269.1180114746094,269.1180114746094,269.639892578125,269.09051513671875,269.43499755859375,8476
2026-09-17 13:57:00+00:00,269.5799865722656,269.5799865722656,269.6000061035156,269.125,269.125,8817
2026-09-17 13:58:00+00:00,269.8599853515625,269.8599853515625,269.8599853515625,269.5199890136719,269.57501220703125,16853
2026-09-17 13:59:00+00:00,269.6600036621094,269.6600036621094,269.8500061035156,269.3550109863281,269.8500061035156,19923
2026-09-17 14:00:00+00:00,269.3800048828125,269.3800048828125,269.8900146484375,269.30999755859375,269.5299987792969,13717
2026-09-17 14:01:00+00:00,269.2699890136719,269.2699890136719,269.57000732421875,269.17999267578125,269.4150085449219,32654
2026-09-17 14:02:00+00:00,269.20001220703125,269.20001220703125,269.3800048828125,269.0050048828125,269.3800048828125,10695
2026-09-17 14:03:00+00:00,269.3999938964844,269.3999938964844,269.57000732421875,269.1400146484375,269.1400146484375,11518
2026-09-17 14:04:00+00:00,269.1499938964844,269.1499938964844,269.510009765625,269.0299987792969,269.29998779296875,10629
2026-09-17 14:05:00+00:00,269.17999267578125,269.17999267578125,269.17999267578125,268.8399963378906,268.9800109863281,9667
2026-09-17 14:06:00+00:00,268.9649963378906,268.9649963378906,269.04998779296875,268.95001220703125,269.0400085449219,5480
2026-09-17 14:07:00+00:00,268.510009765625,268.510009765625,269.0799865722656,268.3349914550781,269.010009765625,14555
2026-09-17 14:08:00+00:00,268.2950134277344,268.2950134277344,268.6081848144531,268.1400146484375,268.42181396484375,9936
2026-09-17 14:09:00+00:00,268.375,268.375,268.45001220703125,268.2699890136719,268.2699890136719,5652
2026-09-17 14:10:00+00:00,268.1050109863281,268.1050109863281,268.375,267.989990234375,268.375,6887
2026-09-17 14:11:00+00:00,268.2900085449219,268.2900085449219,268.29998779296875,268.0799865722656,268.0950012207031,13849
2026-09-17 14:12:00+00:00,268.2300109863281,268.2300109863281,268.2900085449219,268.1099853515625,268.2300109863281,13472
2026-09-17 14:13:00+00:00,268.18499755859375,268.18499755859375,268.3399963378906,268.03009033203125,268.2300109863281,11170
2026-09-17 14:14:00+00:00,268.2799987792969,268.2799987792969,268.3800048828125,268.03009033203125,268.03009033203125,14092
2026-09-17 14:15:00+00:00,268.2300109863281,268.2300109863281,268.3299865722656,268.17999267578125,268.19500732421875,3021
2026-09-17 14:16:00+00:00,268.2850036621094,268.2850036621094,268.3399963378906,268.05999755859375,268.1300048828125,6543
2026-09-17 14:17:00+00:00,268.2898864746094,268.2898864746094,268.2900085449219,268.10479736328125,268.239990234375,3496
2026-09-17 14:18:00+00:00,268.3349914550781,268.3349914550781,268.44000244140625,268.0325012207031,268.0325012207031,16929
2026-09-17 14:19:00+00:00,268.0299987792969,268.0299987792969,268.2300109863281,268.0299987792969,268.2300109863281,7946
2026-09-17 14:20:00+00:00,268.114013671875,268.114013671875,268.2799987792969,268.0799865722656,268.1000061035156,8040
2026-09-17 14:21:00+00:00,268.19000244140625,268.19000244140625,268.24560546875,268.0201110839844,268.0201110839844,2997
2026-09-17 14:22:00+00:00,268.69000244140625,268.69000244140625,268.7699890136719,268.2650146484375,268.2799987792969,8908
2026-09-17 14:23:00+00:00,268.7674865722656,268.7674865722656,268.8399963378906,268.67999267578125,268.7799987792969,6523
2026-09-17 14:24:00+00:00,268.9024963378906,268.9024963378906,268.9024963378906,268.6099853515625,268.7200012207031,11153
2026-09-17 14:25:00+00:00,269.0799865722656,269.0799865722656,269.2185974121094,268.9599914550781,269.0199890136719,5142
2026-09-17 14:26:00+00:00,268.94000244140625,268.94000244140625,269.07000732421875,268.8800048828125,269.04998779296875,7035
2026-09-17 14:27:00+00:00,268.9200134277344,268.9200134277344,268.9800109863281,268.7875061035156,268.8550109863281,4254
2026-09-17 14:28:00+00:00,269.0299072265625,269.0299072265625,269.0299072265625,268.8399963378906,268.9200134277344,5395
2026-09-17 14:29:00+00:00,268.9549865722656,268.9549865722656,269.1499938964844,268.9549865722656,268.989990234375,8575
2026-09-17 14:30:00+00:00,268.9150085449219,268.9150085449219,269.0799865722656,268.8500061035156,269.04998779296875,8191
2026-09-17 14:31:00+00:00,269.0199890136719,269.0199890136719,269.1000061035156,268.9100036621094,268.9150085449219,7340
2026-09-17 14:32:00+00:00,268.989990234375,268.989990234375,269.07000732421875,268.95001220703125,269.0150146484375,2799
2026-09-17 14:33:00+00:00,268.80999755859375,268.80999755859375,268.9599914550781,268.79998779296875,268.9599914550781,6258
2026-09-17 14:34:00+00:00,268.7950134277344,268.7950134277344,268.9700012207031,268.7900085449219,268.885009765625,5206
2026-09-17 14:35:00+00:00,268.7349853515625,268.7349853515625,268.80999755859375,268.7232971191406,268.7850036621094,3598
2026-09-17 14:36:00+00:00,268.82501220703125,268.82501220703125,268.8800048828125,268.7250061035156,268.7300109863281,4475
2026-09-17 14:37:00+00:00,268.92498779296875,268.92498779296875,269.05999755859375,268.8019104003906,268.82501220703125,7425
2026-09-17 14:38:00+00:00,268.9049987792969,268.9049987792969,269.0400085449219,268.9049987792969,268.9549865722656,2084
2026-09-17 14:39:00+00:00,269.19000244140625,269.19000244140625,269.19000244140625,268.95001220703125,268.95001220703125,3815
2026-09-17 14:40:00+00:00,269.3599853515625,269.3599853515625,269.4100036621094,269.1000061035156,269.18499755859375,32077
2026-09-17 14:41:00+00:00,269.3699951171875,269.3699951171875,269.4949951171875,269.2650146484375,269.3599853515625,14811
2026-09-17 14:42:00+00:00,269.3349914550781,269.3349914550781,269.4800109863281,269.29998779296875,269.4100036621094,10306
2026-09-17 14:43:00+00:00,269.30499267578125,269.30499267578125,269.3900146484375,269.2950134277344,269.385009765625,5592
2026-09-17 14:44:00+00:00,269.2300109863281,269.2300109863281,269.3999938964844,269.1199951171875,269.29998779296875,20865
2026-09-17 14:45:00+00:00,269.04998779296875,269.04998779296875,269.1300048828125,268.9849853515625,269.05999755859375,6315
2026-09-17 14:46:00+00:00,268.9700012207031,268.9700012207031,269.05499267578125,268.8599853515625,269.04998779296875,5296
2026-09-17 14:47:00+00:00,268.82501220703125,268.82501220703125,268.8999938964844,268.75,268.8999938964844,4516
2026-09-17 14:48:00+00:00,268.8349914550781,268.8349914550781,268.94000244140625,268.760009765625,268.8349914550781,8870
2026-09-17 14:49:00+00:00,268.8700866699219,268.8700866699219,269.0799865722656,268.82501220703125,268.82501220703125,14982
2026-09-17 14:50:00+00:00,268.8974914550781,268.8974914550781,268.9549865722656,268.83099365234375,268.93499755859375,5616
2026-09-17 14:51:00+00:00,268.864990234375,268.864990234375,268.92999267578125,268.864990234375,268.9150085449219,3164
2026-09-17 14:52:00+00:00,268.8299865722656,268.8299865722656,268.8699951171875,268.80999755859375,268.8500061035156,7886
2026-09-17 14:53:00+00:00,268.8900146484375,268.8900146484375,268.9200134277344,268.7900085449219,268.8299865722656,5209
2026-09-17 14:54:00+00:00,268.9200134277344,268.9200134277344,268.95001220703125,268.7500915527344,268.8550109863281,4392
2026-09-17 14:55:00+00:00,268.6199951171875,268.6199951171875,268.94000244140625,268.6199951171875,268.8550109863281,7903
2026-09-17 14:56:00+00:00,268.5799865722656,268.5799865722656,268.6199951171875,268.5299987792969,268.5899963378906,6696
2026-09-17 14:57:00+00:00,268.4800109863281,268.4800109863281,268.5199890136719,268.44000244140625,268.4599914550781,3850
2026-09-17 14:58:00+00:00,268.6449890136719,268.6449890136719,268.75,268.5,268.5,18547
2026-09-17 14:59:00+00:00,268.69000244140625,268.69000244140625,268.70001220703125,268.614990234375,268.614990234375,2495
2026-09-17 15:00:00+00:00,268.69500732421875,268.69500732421875,268.739990234375,268.5614318847656,268.5614318847656,4395
2026-09-17 15:01:00+00:00,268.6000061035156,268.6000061035156,268.6700134277344,268.55999755859375,268.6700134277344,3405
2026-09-17 15:02:00+00:00,268.6499938964844,268.6499938964844,268.70001220703125,268.4700927734375,268.55499267578125,8761
2026-09-17 15:03:00+00:00,268.94000244140625,268.94000244140625,269.010009765625,268.7099914550781,268.7200012207031,6713
2026-09-17 15:04:00+00:00,268.70001220703125,268.70001220703125,268.92498779296875,268.70001220703125,268.92498779296875,5034
2026-09-17 15:05:00+00:00,268.82000732421875,268.82000732421875,268.8500061035156,268.7300109863281,268.75,6316
2026-09-17 15:06:00+00:00,269.239990234375,269.239990234375,269.2799987792969,268.9100036621094,268.9100036621094,6975
2026-09-17 15:07:00+00:00,269.1449890136719,269.1449890136719,269.239990234375,269.1300048828125,269.239990234375,4508
2026-09-17 15:08:00+00:00,269.0249938964844,269.0249938964844,269.1600036621094,269.0,269.1199951171875,8755
2026-09-17 15:09:00+00:00,268.989990234375,268.989990234375,269.07000732421875,268.8301086425781,269.0249938964844,14816
2026-09-17 15:10:00+00:00,268.9200134277344,268.9200134277344,269.1098937988281,268.8999938964844,269.1098937988281,4788
2026-09-17 15:11:00+00:00,269.1300048828125,269.1300048828125,269.20989990234375,268.9599914550781,268.9599914550781,6194
2026-09-17 15:12:00+00:00,269.2799987792969,269.2799987792969,269.3699951171875,269.1083984375,269.1549987792969,6309
2026-09-17 15:13:00+00:00,269.2900085449219,269.2900085449219,269.3789978027344,269.2749938964844,269.2799987792969,9136
2026-09-17 15:14:00+00:00,269.3299865722656,269.3299865722656,269.3424987792969,269.2550048828125,269.2799987792969,6996
2026-09-17 15:15:00+00:00,269.2449951171875,269.2449951171875,269.32000732421875,269.2200012207031,269.2699890136719,8859
2026-09-17 15:16:00+00:00,269.239990234375,269.239990234375,269.2449951171875,269.2300109863281,269.2449951171875,3159
2026-09-17 15:17:00+00:00,269.31500244140625,269.31500244140625,269.3399963378906,269.20001220703125,269.239990234375,11588
2026-09-17 15:18:00+00:00,269.3800048828125,269.3800048828125,269.43499755859375,269.2699890136719,269.32000732421875,12168
2026-09-17 15:19:00+00:00,269.4100036621094,269.4100036621094,269.4100036621094,269.3399963378906,269.364990234375,6750
2026-09-17 15:20:00+00:00,269.2550048828125,269.2550048828125,269.3399963378906,269.22686767578125,269.29998779296875,8528
2026-09-17 15:21:00+00:00,269.114990234375,269.114990234375,269.2200012207031,269.0899963378906,269.2200012207031,7872
2026-09-17 15:22:00+00:00,268.989990234375,268.989990234375,269.0400085449219,268.9800109863281,269.0,3365
2026-09-17 15:23:00+00:00,268.8399963378906,268.8399963378906,268.9800109863281,268.79998779296875,268.9800109863281,376056
2026-09-17 15:24:00+00:00,268.7200012207031,268.7200012207031,268.8601989746094,268.69500732421875,268.78570556640625,6230
2026-09-17 15:25:00+00:00,268.75,268.75,268.7799987792969,268.67010498046875,268.7200012207031,6819
2026-09-17 15:26:00+00:00,268.5199890136719,268.5199890136719,268.75,268.4100036621094,268.75,7521
2026-09-17 15:27:00+00:00,268.4599914550781,268.4599914550781,268.510009765625,268.4549865722656,268.4599914550781,6406
2026-09-17 15:28:00+00:00,268.4599914550781,268.4599914550781,268.5299987792969,268.3999938964844,268.3999938964844,9445
2026-09-17 15:29:00+00:00,268.40008544921875,268.40008544921875,268.4200134277344,268.3999938964844,268.3999938964844,4542
2026-09-17 15:30:00+00:00,268.6499938964844,268.6499938964844,268.70001220703125,268.4649963378906,268.4898986816406,9351
2026-09-17 15:31:00+00:00,268.5899963378906,268.5899963378906,268.6199951171875,268.5400085449219,268.5799865722656,3333
2026-09-17 15:32:00+00:00,268.57501220703125,268.57501220703125,268.6499938964844,268.4599914550781,268.5899963378906,12883
2026-09-17 15:33:00+00:00,268.5849914550781,268.5849914550781,268.639892578125,268.5199890136719,268.5199890136719,5067
2026-09-17 15:34:00+00:00,268.5924987792969,268.5924987792969,268.6400146484375,268.5199890136719,268.5299987792969,16913
2026-09-17 15:35:00+00:00,268.6700134277344,268.6700134277344,268.70001220703125,268.5799865722656,268.5799865722656,4706
2026-09-17 15:36:00+00:00,268.7200012207031,268.7200012207031,268.7200012207031,268.6099853515625,268.6700134277344,4014
2026-09-17 15:37:00+00:00,268.8399963378906,268.8399963378906,269.07000732421875,268.7049865722656,268.7049865722656,37906
2026-09-17 15:38:00+00:00,268.9200134277344,268.9200134277344,268.9649963378906,268.9200134277344,268.92498779296875,4581
2026-09-17 15:39:00+00:00,269.0150146484375,269.0150146484375,269.07000732421875,268.94000244140625,268.94000244140625,6648
2026-09-17 15:40:00+00:00,269.0299987792969,269.0299987792969,269.0799865722656,269.010009765625,269.0150146484375,16430
2026-09-17 15:41:00+00:00,269.32000732421875,269.32000732421875,269.489990234375,269.0299987792969,269.0299987792969,52468
2026-09-17 15:42:00+00:00,269.3901062011719,269.3901062011719,269.5,269.385009765625,269.4599914550781,8044
2026-09-17 15:43:00+00:00,269.45001220703125,269.45001220703125,269.5199890136719,269.3999938964844,269.4599914550781,14978
2026-09-17 15:44:00+00:00,269.4599914550781,269.4599914550781,269.4800109863281,269.3800048828125,269.3800048828125,4166
2026-09-17 15:45:00+00:00,269.5350036621094,269.5350036621094,269.5799865722656,269.44500732421875,269.4649963378906,9381
2026-09-17 15:46:00+00:00,269.5459899902344,269.5459899902344,269.6400146484375,269.3500061035156,269.5350036621094,46717
2026-09-17 15:47:00+00:00,269.4100036621094,269.4100036621094,269.510009765625,269.3999938964844,269.510009765625,6389
2026-09-17 15:48:00+00:00,269.4991149902344,269.4991149902344,269.5249938964844,269.3800048828125,269.45001220703125,5420
2026-09-17 15:49:00+00:00,269.2900085449219,269.2900085449219,269.5450134277344,269.2699890136719,269.489990234375,6095
2026-09-17 15:50:00+00:00,269.20001220703125,269.20001220703125,269.2850036621094,269.20001220703125,269.2799987792969,6120
2026-09-17 15:51:00+00:00,269.1947021484375,269.1947021484375,269.2699890136719,269.05999755859375,269.2699890136719,7097
2026-09-17 15:52:00+00:00,269.1860046386719,269.1860046386719,269.30999755859375,269.1600036621094,269.1600036621094,3339
2026-09-17 15:53:00+00:00,269.2250061035156,269.2250061035156,269.3299865722656,269.2200012207031,269.239990234375,5363
2026-09-17 15:54:00+00:00,269.2550048828125,269.2550048828125,269.32000732421875,269.20001220703125,269.2300109863281,8496
2026-09-17 15:55:00+00:00,269.2950134277344,269.2950134277344,269.3500061035156,269.19500732421875,269.19500732421875,4034
2026-09-17 15:56:00+00:00,269.2300109863281,269.2300109863281,269.3500061035156,269.2300109863281,269.2950134277344,5163
2026-09-17 15:57:00+00:00,269.45989990234375,269.45989990234375,269.45989990234375,269.1400146484375,269.2650146484375,15404
2026-09-17 15:58:00+00:00,269.2850036621094,269.2850036621094,269.32000732421875,269.17999267578125,269.25,3243
2026-09-17 15:59:00+00:00,269.2900085449219,269.2900085449219,269.30999755859375,269.17999267578125,269.30499267578125,4078
2026-09-17 16:00:00+00:00,269.32501220703125,269.32501220703125,269.32501220703125,269.17498779296875,269.2300109863281,3896
2026-09-17 16:01:00+00:00,269.260009765625,269.260009765625,269.3900146484375,269.1499938964844,269.25,3047
2026-09-17 16:02:00+00:00,269.29998779296875,269.29998779296875,269.3699951171875,269.1600036621094,269.2650146484375,19613
2026-09-17 16:03:00+00:00,269.2099914550781,269.2099914550781,269.3900146484375,269.2099914550781,269.29998779296875,2815
2026-09-17 16:04:00+00:00,269.260009765625,269.260009765625,269.260009765625,269.1300048828125,269.2099914550781,5593
2026-09-17 16:05:00+00:00,269.114990234375,269.114990234375,269.3099060058594,269.114990234375,269.19000244140625,2224
2026-09-17 16:06:00+00:00,269.1300048828125,269.1300048828125,269.17498779296875,269.0899963378906,269.125,4789
2026-09-17 16:07:00+00:00,269.1300048828125,269.1300048828125,269.2099914550781,268.95001220703125,268.95001220703125,4706
2026-09-17 16:08:00+00:00,269.0849914550781,269.0849914550781,269.1449890136719,269.0824890136719,269.1449890136719,2356
2026-09-17 16:09:00+00:00,269.1050109863281,269.1050109863281,269.1099853515625,268.9901123046875,268.9901123046875,2896
2026-09-17 16:10:00+00:00,269.0150146484375,269.0150146484375,269.0799865722656,269.0150146484375,269.0799865722656,2138
2026-09-17 16:11:00+00:00,268.8974304199219,268.8974304199219,268.989990234375,268.8363037109375,268.95001220703125,3654
2026-09-17 16:12:00+00:00,268.82000732421875,268.82000732421875,268.9200134277344,268.75,268.864990234375,3238
2026-09-17 16:13:00+00:00,268.82501220703125,268.82501220703125,268.8699951171875,268.760009765625,268.82000732421875,3396
2026-09-17 16:14:00+00:00,268.7250061035156,268.7250061035156,268.79998779296875,268.7250061035156,268.79998779296875,2230
2026-09-17 16:15:00+00:00,268.7799987792969,268.7799987792969,268.8800048828125,268.7200012207031,268.7749938964844,21314
2026-09-17 16:16:00+00:00,268.7699890136719,268.7699890136719,268.7799987792969,268.7149963378906,268.7200012207031,2414
2026-09-17 16:17:00+00:00,268.7149963378906,268.7149963378906,268.760009765625,268.6499938964844,268.70001220703125,3839
2026-09-17 16:18:00+00:00,268.67999267578125,268.67999267578125,268.760009765625,268.6700134277344,268.6700134277344,3927
2026-09-17 16:19:00+00:00,268.68499755859375,268.68499755859375,268.7200012207031,268.6046142578125,268.6046142578125,4456
2026-09-17 16:20:00+00:00,268.6300048828125,268.6300048828125,268.70001220703125,268.6300048828125,268.6866149902344,1865
2026-09-17 16:21:00+00:00,268.64801025390625,268.64801025390625,268.64801025390625,268.55999755859375,268.55999755859375,2747
2026-09-17 16:22:00+00:00,268.4700012207031,268.4700012207031,268.6400146484375,268.4700012207031,268.6199951171875,6544
2026-09-17 16:23:00+00:00,268.4200134277344,268.4200134277344,268.5249938964844,268.3999938964844,268.5249938964844,6860
2026-09-17 16:24:00+00:00,268.2699890136719,268.2699890136719,268.44000244140625,268.1499938964844,268.44000244140625,10154
2026-09-17 16:25:00+00:00,268.04998779296875,268.04998779296875,268.29998779296875,268.04998779296875,268.20001220703125,3710
2026-09-17 16:26:00+00:00,267.9949951171875,267.9949951171875,268.1180114746094,267.9200134277344,268.1099853515625,11393
2026-09-17 16:27:00+00:00,267.8699951171875,267.8699951171875,268.010009765625,267.8699951171875,267.8999938964844,23495
2026-09-17 16:28:00+00:00,268.0,268.0,268.0,267.79998779296875,267.8900146484375,4862
2026-09-17 16:29:00+00:00,268.0,268.0,268.04998779296875,267.9200134277344,267.94000244140625,9497
2026-09-17 16:30:00+00:00,268.0050048828125,268.0050048828125,268.04998779296875,267.92999267578125,267.9800109863281,7840
2026-09-17 16:31:00+00:00,268.0343933105469,268.0343933105469,268.0343933105469,267.92999267578125,267.9849853515625,3511
2026-09-17 16:32:00+00:00,267.92999267578125,267.92999267578125,268.0,267.92999267578125,268.0,2499
2026-09-17 16:33:00+00:00,267.875,267.875,267.9150085449219,267.8699951171875,267.9150085449219,4120
2026-09-17 16:34:00+00:00,267.8599853515625,267.8599853515625,267.9150085449219,267.82000732421875,267.8699951171875,4180
2026-09-17 16:35:00+00:00,267.875,267.875,267.9999084472656,267.80999755859375,267.8599853515625,7165
2026-09-17 16:36:00+00:00,267.9700012207031,267.9700012207031,268.0098876953125,267.8949890136719,267.8949890136719,6421
2026-09-17 16:37:00+00:00,268.0350036621094,268.0350036621094,268.0799865722656,267.9800109863281,267.9800109863281,7142
2026-09-17 16:38:00+00:00,267.9700012207031,267.9700012207031,268.0199890136719,267.9700012207031,268.0150146484375,4832
2026-09-17 16:39:00+00:00,267.9700927734375,267.9700927734375,267.9700927734375,267.9200134277344,267.92999267578125,2485
2026-09-17 16:40:00+00:00,268.07000732421875,268.07000732421875,268.0799865722656,267.94500732421875,267.95001220703125,9735
2026-09-17 16:41:00+00:00,268.18499755859375,268.18499755859375,268.18499755859375,268.1000061035156,268.1000061035156,4889
2026-09-17 16:42:00+00:00,268.1000061035156,268.1000061035156,268.19500732421875,268.0799865722656,268.17498779296875,6502
2026-09-17 16:43:00+00:00,268.2200012207031,268.2200012207031,268.2300109863281,268.135009765625,268.1449890136719,6315
2026-09-17 16:44:00+00:00,268.239990234375,268.239990234375,268.2699890136719,268.239990234375,268.2449951171875,2642
2026-09-17 16:45:00+00:00,268.17999267578125,268.17999267578125,268.239990234375,268.1724853515625,268.239990234375,6807
2026-09-17 16:46:00+00:00,268.0299987792969,268.0299987792969,268.0799865722656,268.010009765625,268.0799865722656,4024
2026-09-17 16:47:00+00:00,268.0450134277344,268.0450134277344,268.0799865722656,268.0249938964844,268.04998779296875,3803
2026-09-17 16:48:00+00:00,267.9599914550781,267.9599914550781,268.0,267.9200134277344,268.0,4011
2026-09-17 16:49:00+00:00,268.0299987792969,268.0299987792969,268.0899963378906,267.9599914550781,267.9599914550781,12376
2026-09-17 16:50:00+00:00,268.04998779296875,268.04998779296875,268.04998779296875,268.0199890136719,268.0199890136719,2245
2026-09-17 16:51:00+00:00,268.0050048828125,268.0050048828125,268.07000732421875,267.9800109863281,268.04998779296875,8599
2026-09-17 16:52:00+00:00,268.0299987792969,268.0299987792969,268.1000061035156,267.9800109863281,268.0050048828125,10509
2026-09-17 16:53:00+00:00,267.9649963378906,267.9649963378906,268.09991455078125,267.9100036621094,268.09991455078125,6235
2026-09-17 16:54:00+00:00,267.8699951171875,267.8699951171875,267.94000244140625,267.8599853515625,267.9200134277344,10789
2026-09-17 16:55:00+00:00,267.75,267.75,267.94000244140625,267.75,267.864990234375,15248
2026-09-17 16:56:00+00:00,267.7250061035156,267.7250061035156,267.82000732421875,267.6401062011719,267.7049865722656,14489
2026-09-17 16:57:00+00:00,267.82000732421875,267.82000732421875,267.8349914550781,267.6409912109375,267.760009765625,3971
2026-09-17 16:58:00+00:00,267.7850036621094,267.7850036621094,267.79998779296875,267.7200012207031,267.7300109863281,5430
2026-09-17 16:59:00+00:00,267.9902038574219,267.9902038574219,267.9902038574219,267.7650146484375,267.7950134277344,6607
2026-09-17 17:00:00+00:00,267.7799987792969,267.7799987792969,267.9200134277344,267.75689697265625,267.9200134277344,5453
2026-09-17 17:01:00+00:00,267.82000732421875,267.82000732421875,267.8500061035156,267.75,267.7799987792969,4021
2026-09-17 17:02:00+00:00,267.69000244140625,267.69000244140625,267.82000732421875,267.69000244140625,267.82000732421875,3264
2026-09-17 17:03:00+00:00,267.5199890136719,267.5199890136719,267.6099853515625,267.4100036621094,267.54998779296875,5338
2026-09-17 17:04:00+00:00,267.6246032714844,267.6246032714844,267.6246032714844,267.4700012207031,267.5,2503
2026-09-17 17:05:00+00:00,267.54998779296875,267.54998779296875,267.54998779296875,267.54998779296875,267.54998779296875,1502
2026-09-17 17:06:00+00:00,267.739990234375,267.739990234375,267.8399963378906,267.55499267578125,267.57000732421875,5844
2026-09-17 17:07:00+00:00,267.94000244140625,267.94000244140625,268.0299987792969,267.7099914550781,267.7650146484375,42371
2026-09-17 17:08:00+00:00,267.9700012207031,267.9700012207031,268.0299987792969,267.864990234375,267.864990234375,9007
2026-09-17 17:09:00+00:00,267.75,267.75,267.9200134277344,267.75,267.8500061035156,7558
2026-09-17 17:10:00+00:00,267.7699890136719,267.7699890136719,267.79998779296875,267.7349853515625,267.7349853515625,3252
2026-09-17 17:11:00+00:00,267.80999755859375,267.80999755859375,267.8299865722656,267.7200012207031,267.81500244140625,6557
2026-09-17 17:12:00+00:00,267.8349914550781,267.8349914550781,267.8450012207031,267.7900085449219,267.8399963378906,3617
2026-09-17 17:13:00+00:00,267.8699951171875,267.8699951171875,267.9100036621094,267.7900085449219,267.80499267578125,4448
2026-09-17 17:14:00+00:00,267.8500061035156,267.8500061035156,267.8963928222656,267.79998779296875,267.8963928222656,2636
2026-09-17 17:15:00+00:00,267.8450012207031,267.8450012207031,267.8900146484375,267.7900085449219,267.8349914550781,12062
2026-09-17 17:16:00+00:00,267.8500061035156,267.8500061035156,267.8500061035156,267.7900085449219,267.8450012207031,9977
2026-09-17 17:17:00+00:00,267.94000244140625,267.94000244140625,268.0400085449219,267.8349914550781,267.8399963378906,9319
2026-09-17 17:18:00+00:00,267.8999938964844,267.8999938964844,268.06988525390625,267.8450927734375,268.06988525390625,6001
2026-09-17 17:19:00+00:00,268.0450134277344,268.0450134277344,268.1000061035156,267.95001220703125,267.9587097167969,4343
2026-09-17 17:20:00+00:00,267.9549865722656,267.9549865722656,268.0450134277344,267.92999267578125,268.0450134277344,4303
2026-09-17 17:21:00+00:00,268.0,268.0,268.1099853515625,267.9549865722656,267.9549865722656,7590
2026-09-17 17:22:00+00:00,267.9501037597656,267.9501037597656,268.0799865722656,267.9501037597656,267.989990234375,2444
2026-09-17 17:23:00+00:00,268.04998779296875,268.04998779296875,268.0899963378906,267.94500732421875,267.94500732421875,1662
2026-09-17 17:24:00+00:00,268.010009765625,268.010009765625,268.1400146484375,268.0,268.04998779296875,5418
2026-09-17 17:25:00+00:00,267.92999267578125,267.92999267578125,268.0299987792969,267.92999267578125,268.0299987792969,3644
2026-09-17 17:26:00+00:00,267.9049987792969,267.9049987792969,267.9100036621094,267.9049987792969,267.9100036621094,2898
2026-09-17 17:27:00+00:00,267.8999938964844,267.8999938964844,267.95001220703125,267.8500061035156,267.9049987792969,4568
2026-09-17 17:28:00+00:00,267.760009765625,267.760009765625,267.8500061035156,267.760009765625,267.8500061035156,1251
2026-09-17 17:29:00+00:00,267.82080078125,267.82080078125,267.8900146484375,267.80999755859375,267.8399963378906,4504
2026-09-17 17:30:00+00:00,267.8399963378906,267.8399963378906,267.9399108886719,267.8399963378906,267.93499755859375,2787
2026-09-17 17:31:00+00:00,267.8399963378906,267.8399963378906,267.8800048828125,267.760009765625,267.80999755859375,3290
2026-09-17 17:32:00+00:00,267.9649963378906,267.9649963378906,267.9649963378906,267.80499267578125,267.8500061035156,7472
2026-09-17 17:33:00+00:00,268.010009765625,268.010009765625,268.0400085449219,267.94000244140625,267.94000244140625,5023
2026-09-17 17:34:00+00:00,267.9909973144531,267.9909973144531,268.010009765625,267.95001220703125,267.9800109863281,4886
2026-09-17 17:35:00+00:00,267.94000244140625,267.94000244140625,268.0,267.9200134277344,268.0,5285
2026-09-17 17:36:00+00:00,267.92498779296875,267.92498779296875,267.92999267578125,267.8500061035156,267.9200134277344,5035
2026-09-17 17:37:00+00:00,267.88751220703125,267.88751220703125,267.9100036621094,267.8301086425781,267.875,14614
2026-09-17 17:38:00+00:00,267.9375,267.9375,267.9375,267.9100036621094,267.9150085449219,3017
2026-09-17 17:39:00+00:00,268.0,268.0,268.0199890136719,267.8999938964844,267.94500732421875,7820
2026-09-17 17:40:00+00:00,268.04998779296875,268.04998779296875,268.1050109863281,267.9700012207031,267.9809875488281,8114
2026-09-17 17:41:00+00:00,268.04998779296875,268.04998779296875,268.0799865722656,268.04998779296875,268.0799865722656,2523
2026-09-17 17:42:00+00:00,267.875,267.875,268.0310974121094,267.875,268.0310974121094,3042
2026-09-17 17:43:00+00:00,267.9100036621094,267.9100036621094,267.95001220703125,267.8399963378906,267.875,4568
2026-09-17 17:44:00+00:00,267.9599914550781,267.9599914550781,268.1600036621094,267.92999267578125,267.92999267578125,28189
2026-09-17 17:45:00+00:00,267.9049987792969,267.9049987792969,267.94000244140625,267.8299865722656,267.94000244140625,3629
2026-09-17 17:46:00+00:00,267.8999938964844,267.8999938964844,267.94000244140625,267.8399963378906,267.9100036621094,4289
2026-09-17 17:47:00+00:00,267.8450012207031,267.8450012207031,267.8999938964844,267.8450012207031,267.8900146484375,2763
2026-09-17 17:48:00+00:00,267.8550109863281,267.8550109863281,267.8699951171875,267.7900085449219,267.8299865722656,5979
2026-09-17 17:49:00+00:00,268.2699890136719,268.2699890136719,268.2699890136719,267.8500061035156,267.8550109863281,11538
2026-09-17 17:50:00+00:00,268.239990234375,268.239990234375,268.3699951171875,268.1400146484375,268.3399963378906,2693
2026-09-17 17:51:00+00:00,268.32000732421875,268.32000732421875,268.3299865722656,268.2300109863281,268.2900085449219,5016
2026-09-17 17:52:00+00:00,268.2200012207031,268.2200012207031,268.29998779296875,268.1600036621094,268.2449951171875,4635
2026-09-17 17:53:00+00:00,268.260009765625,268.260009765625,268.260009765625,268.19000244140625,268.20001220703125,1918
2026-09-17 17:54:00+00:00,268.24249267578125,268.24249267578125,268.2900085449219,268.17999267578125,268.260009765625,8792
2026-09-17 17:55:00+00:00,268.2550048828125,268.2550048828125,268.2799987792969,268.19000244140625,268.2250061035156,5660
2026-09-17 17:56:00+00:00,268.1099853515625,268.1099853515625,268.2572937011719,268.010009765625,268.25,7672
2026-09-17 17:57:00+00:00,268.2449951171875,268.2449951171875,268.25,268.1050109863281,268.1099853515625,3795
2026-09-17 17:58:00+00:00,268.2099914550781,268.2099914550781,268.25,268.2099914550781,268.2449951171875,3500
2026-09-17 17:59:00+00:00,268.17999267578125,268.17999267578125,268.25,268.1400146484375,268.25,4169
2026-09-17 18:00:00+00:00,268.2699890136719,268.2699890136719,268.3599853515625,268.17999267578125,268.17999267578125,7010
2026-09-17 18:01:00+00:00,268.3599853515625,268.3599853515625,268.3599853515625,268.2489929199219,268.3210144042969,4141
2026-09-17 18:02:00+00:00,268.45001220703125,268.45001220703125,268.45001220703125,268.2799987792969,268.30499267578125,5042
2026-09-17 18:03:00+00:00,268.4200134277344,268.4200134277344,268.44000244140625,268.3949890136719,268.3999938964844,2117
2026-09-17 18:04:00+00:00,268.5849914550781,268.5849914550781,268.5950012207031,268.360107421875,268.4800109863281,9147
2026-09-17 18:05:00+00:00,268.6300048828125,268.6300048828125,268.67999267578125,268.55999755859375,268.57000732421875,8342
2026-09-17 18:06:00+00:00,268.5350036621094,268.5350036621094,268.6400146484375,268.5010070800781,268.6300048828125,17603
2026-09-17 18:07:00+00:00,268.5400085449219,268.5400085449219,268.5799865722656,268.5299987792969,268.5299987792969,5413
2026-09-17 18:08:00+00:00,268.5,268.5,268.57501220703125,268.45001220703125,268.5400085449219,9376
2026-09-17 18:09:00+00:00,268.510009765625,268.510009765625,268.6000061035156,268.4700012207031,268.510009765625,4528
2026-09-17 18:10:00+00:00,268.6549987792969,268.6549987792969,268.69000244140625,268.49481201171875,268.5199890136719,4921
2026-09-17 18:11:00+00:00,268.7200012207031,268.7200012207031,268.75,268.6549987792969,268.6676940917969,4668
2026-09-17 18:12:00+00:00,268.7900085449219,268.7900085449219,268.79998779296875,268.7349853515625,268.75,3435
2026-09-17 18:13:00+00:00,268.9725036621094,268.9725036621094,269.010009765625,268.7950134277344,268.7950134277344,9149
2026-09-17 18:14:00+00:00,269.07501220703125,269.07501220703125,269.1300964355469,269.010009765625,269.010009765625,4823
2026-09-17 18:15:00+00:00,269.1400146484375,269.1400146484375,269.1424865722656,269.0950012207031,269.0950012207031,3921
2026-09-17 18:16:00+00:00,269.2099914550781,269.2099914550781,269.2799987792969,269.0899963378906,269.0899963378906,6671
2026-09-17 18:17:00+00:00,269.2799987792969,269.2799987792969,269.2799987792969,269.20001220703125,269.2200012207031,5419
2026-09-17 18:18:00+00:00,269.17498779296875,269.17498779296875,269.2749938964844,269.1409912109375,269.25,5493
2026-09-17 18:19:00+00:00,269.20001220703125,269.20001220703125,269.2799987792969,269.1700134277344,269.1700134277344,6602
2026-09-17 18:20:00+00:00,269.20001220703125,269.20001220703125,269.260009765625,269.1199951171875,269.20001220703125,7135
2026-09-17 18:21:00+00:00,269.18499755859375,269.18499755859375,269.18499755859375,269.110107421875,269.17498779296875,4287
2026-09-17 18:22:00+00:00,269.1000061035156,269.1000061035156,269.1700134277344,269.0849914550781,269.0849914550781,3459
2026-09-17 18:23:00+00:00,269.1000061035156,269.1000061035156,269.1600036621094,269.0201110839844,269.1000061035156,4233
2026-09-17 18:24:00+00:00,269.1000061035156,269.1000061035156,269.20001220703125,269.04541015625,269.1449890136719,5007
2026-09-17 18:25:00+00:00,269.125,269.125,269.1700134277344,269.0199890136719,269.1000061035156,6138
2026-09-17 18:26:00+00:00,269.1400146484375,269.1400146484375,269.20001220703125,269.1300048828125,269.17999267578125,3753
2026-09-17 18:27:00+00:00,269.1050109863281,269.1050109863281,269.19000244140625,269.0799865722656,269.1400146484375,4320
2026-09-17 18:28:00+00:00,269.0799865722656,269.0799865722656,269.1499938964844,269.0350036621094,269.1099853515625,5616
2026-09-17 18:29:00+00:00,269.0899963378906,269.0899963378906,269.1300048828125,269.07501220703125,269.0799865722656,3517
2026-09-17 18:30:00+00:00,269.0299987792969,269.0299987792969,269.135009765625,269.0299987792969,269.0899963378906,8234
2026-09-17 18:31:00+00:00,269.0450134277344,269.0450134277344,269.1000061035156,269.0299987792969,269.05950927734375,5550
2026-09-17 18:32:00+00:00,269.010009765625,269.010009765625,269.0249938964844,268.9700012207031,268.9901123046875,5086
2026-09-17 18:33:00+00:00,268.94000244140625,268.94000244140625,269.0400085449219,268.94000244140625,269.010009765625,11231
2026-09-17 18:34:00+00:00,268.9549865722656,268.9549865722656,269.010009765625,268.9049987792969,268.9601135253906,6093
2026-09-17 18:35:00+00:00,269.0799865722656,269.0799865722656,269.1099853515625,268.9200134277344,268.9649963378906,10449
2026-09-17 18:36:00+00:00,269.0249938964844,269.0249938964844,269.0899963378906,268.989990234375,269.0899963378906,4524
2026-09-17 18:37:00+00:00,269.1300048828125,269.1300048828125,269.1600036621094,269.0299987792969,269.0350036621094,3321
2026-09-17 18:38:00+00:00,269.1400146484375,269.1400146484375,269.19500732421875,269.1400146484375,269.1449890136719,2976
2026-09-17 18:39:00+00:00,269.0884094238281,269.0884094238281,269.1700134277344,269.0884094238281,269.0899963378906,3849
2026-09-17 18:40:00+00:00,269.3399963378906,269.3399963378906,269.3500061035156,269.1449890136719,269.1449890136719,4838
2026-09-17 18:41:00+00:00,269.3900146484375,269.3900146484375,269.4150085449219,269.30999755859375,269.3900146484375,5189
2026-09-17 18:42:00+00:00,269.3800048828125,269.3800048828125,269.3800048828125,269.3299865722656,269.375,2825
2026-09-17 18:43:00+00:00,269.5050048828125,269.5050048828125,269.5050048828125,269.3450012207031,269.3599853515625,4208
2026-09-17 18:44:00+00:00,269.4949951171875,269.4949951171875,269.55999755859375,269.4599914550781,269.4800109863281,8077
2026-09-17 18:45:00+00:00,269.55999755859375,269.55999755859375,269.57000732421875,269.4949951171875,269.4949951171875,5203
2026-09-17 18:46:00+00:00,269.6300048828125,269.6300048828125,269.6700134277344,269.5199890136719,269.5220947265625,5283
2026-09-17 18:47:00+00:00,269.6199951171875,269.6199951171875,269.6700134277344,269.590087890625,269.6300048828125,5992
2026-09-17 18:48:00+00:00,269.5199890136719,269.5199890136719,269.6050109863281,269.489990234375,269.6050109863281,4511
2026-09-17 18:49:00+00:00,269.5150146484375,269.5150146484375,269.57000732421875,269.47021484375,269.5199890136719,5743
2026-09-17 18:50:00+00:00,269.4849853515625,269.4849853515625,269.55999755859375,269.4200134277344,269.4700012207031,8839
2026-09-17 18:51:00+00:00,269.54998779296875,269.54998779296875,269.6099853515625,269.489990234375,269.510009765625,3989
2026-09-17 18:52:00+00:00,269.5,269.5,269.6300048828125,269.4515075683594,269.54998779296875,6122
2026-09-17 18:53:00+00:00,269.4700012207031,269.4700012207031,269.510009765625,269.45001220703125,269.45001220703125,5119
2026-09-17 18:54:00+00:00,269.4849853515625,269.4849853515625,269.4849853515625,269.4599914550781,269.4700012207031,4175
2026-09-17 18:55:00+00:00,269.55999755859375,269.55999755859375,269.5899963378906,269.4700012207031,269.4849853515625,7089
2026-09-17 18:56:00+00:00,269.6199951171875,269.6199951171875,269.6700134277344,269.5299987792969,269.53448486328125,6477
2026-09-17 18:57:00+00:00,269.57501220703125,269.57501220703125,269.6300048828125,269.56500244140625,269.57000732421875,6660
2026-09-17 18:58:00+00:00,269.57501220703125,269.57501220703125,269.5849914550781,269.5299987792969,269.57501220703125,3867
2026-09-17 18:59:00+00:00,269.6499938964844,269.6499938964844,269.6700134277344,269.5849914550781,269.6199951171875,8123
2026-09-17 19:00:00+00:00,269.7850036621094,269.7850036621094,269.8599853515625,269.6099853515625,269.6099853515625,10953
2026-09-17 19:01:00+00:00,269.8450012207031,269.8450012207031,269.92498779296875,269.7850036621094,269.7850036621094,9195
2026-09-17 19:02:00+00:00,269.8349914550781,269.8349914550781,269.8450012207031,269.8349914550781,269.8450012207031,3729
2026-09-17 19:03:00+00:00,269.8550109863281,269.8550109863281,269.909912109375,269.82000732421875,269.8299865722656,5678
2026-09-17 19:04:00+00:00,269.8900146484375,269.8900146484375,269.8999938964844,269.8550109863281,269.8550109863281,5515
2026-09-17 19:05:00+00:00,269.80999755859375,269.80999755859375,269.8999938964844,269.80999755859375,269.8900146484375,4771
2026-09-17 19:06:00+00:00,269.8550109863281,269.8550109863281,269.8999938964844,269.8349914550781,269.8349914550781,7919
2026-09-17 19:07:00+00:00,269.9200134277344,269.9200134277344,269.92999267578125,269.8299865722656,269.8900146484375,8717
2026-09-17 19:08:00+00:00,269.82501220703125,269.82501220703125,269.8699951171875,269.82000732421875,269.8699951171875,3108
2026-09-17 19:09:00+00:00,269.7300109863281,269.7300109863281,269.84991455078125,269.7300109863281,269.82501220703125,11529
2026-09-17 19:10:00+00:00,269.7650146484375,269.7650146484375,269.8299865722656,269.6900939941406,269.6900939941406,6714
2026-09-17 19:11:00+00:00,269.7550964355469,269.7550964355469,269.80999755859375,269.7300109863281,269.79998779296875,5231
2026-09-17 19:12:00+00:00,269.6000061035156,269.6000061035156,269.79998779296875,269.6000061035156,269.79998779296875,11665
2026-09-17 19:13:00+00:00,269.5509033203125,269.5509033203125,269.689208984375,269.44000244140625,269.689208984375,16386
2026-09-17 19:14:00+00:00,269.5450134277344,269.5450134277344,269.6050109863281,269.45001220703125,269.489990234375,10114
2026-09-17 19:15:00+00:00,269.67498779296875,269.67498779296875,269.67999267578125,269.5350036621094,269.5375061035156,6003
2026-09-17 19:16:00+00:00,269.5801086425781,269.5801086425781,269.7099914550781,269.5801086425781,269.6650085449219,2664
2026-09-17 19:17:00+00:00,269.5799865722656,269.5799865722656,269.6698913574219,269.55999755859375,269.6698913574219,7930
2026-09-17 19:18:00+00:00,269.6300048828125,269.6300048828125,269.6600036621094,269.4599914550781,269.57501220703125,10431
2026-09-17 19:19:00+00:00,269.6199951171875,269.6199951171875,269.6400146484375,269.56500244140625,269.6300048828125,6063
2026-09-17 19:20:00+00:00,269.7449951171875,269.7449951171875,269.7898864746094,269.5849914550781,269.5849914550781,8956
2026-09-17 19:21:00+00:00,269.68499755859375,269.68499755859375,269.7900085449219,269.68499755859375,269.75,9579
2026-09-17 19:22:00+00:00,269.68499755859375,269.68499755859375,269.7200012207031,269.6499938964844,269.68499755859375,8165
2026-09-17 19:23:00+00:00,269.7099914550781,269.7099914550781,269.79998779296875,269.6400146484375,269.6700134277344,17660
2026-09-17 19:24:00+00:00,269.7799987792969,269.7799987792969,269.8699951171875,269.7049865722656,269.7049865722656,10427
2026-09-17 19:25:00+00:00,269.67999267578125,269.67999267578125,269.8299865722656,269.6499938964844,269.7633972167969,12216
2026-09-17 19:26:00+00:00,269.5799865722656,269.5799865722656,269.7200012207031,269.5799865722656,269.67999267578125,10613
2026-09-17 19:27:00+00:00,269.55999755859375,269.55999755859375,269.6300048828125,269.489990234375,269.5799865722656,8689
2026-09-17 19:28:00+00:00,269.4200134277344,269.4200134277344,269.57501220703125,269.4200134277344,269.52398681640625,10920
2026-09-17 19:29:00+00:00,269.3900146484375,269.3900146484375,269.489990234375,269.32000732421875,269.3999938964844,18416
2026-09-17 19:30:00+00:00,269.3999938964844,269.3999938964844,269.4100036621094,269.3500061035156,269.3699951171875,9477
2026-09-17 19:31:00+00:00,269.4700012207031,269.4700012207031,269.6199951171875,269.3999938964844,269.3999938964844,19216
2026-09-17 19:32:00+00:00,269.4150085449219,269.4150085449219,269.5199890136719,269.4150085449219,269.4649963378906,10722
2026-09-17 19:33:00+00:00,269.32501220703125,269.32501220703125,269.4599914550781,269.2699890136719,269.4150085449219,13581
2026-09-17 19:34:00+00:00,269.2200012207031,269.2200012207031,269.3399963378906,269.2200012207031,269.3399963378906,10168
2026-09-17 19:35:00+00:00,269.260009765625,269.260009765625,269.30999755859375,269.17999267578125,269.2300109863281,14395
2026-09-17 19:36:00+00:00,269.1400146484375,269.1400146484375,269.30999755859375,269.1099853515625,269.29998779296875,15947
2026-09-17 19:37:00+00:00,269.19500732421875,269.19500732421875,269.239990234375,269.1199951171875,269.1400146484375,23135
2026-09-17 19:38:00+00:00,269.1000061035156,269.1000061035156,269.20001220703125,269.0799865722656,269.19500732421875,15265
2026-09-17 19:39:00+00:00,269.010009765625,269.010009765625,269.07000732421875,268.9700012207031,269.04998779296875,8236
2026-09-17 19:40:00+00:00,269.05499267578125,269.05499267578125,269.1099853515625,268.9800109863281,269.010009765625,14393
2026-09-17 19:41:00+00:00,269.05999755859375,269.05999755859375,269.1099853515625,269.010009765625,269.06500244140625,6813
2026-09-17 19:42:00+00:00,269.1449890136719,269.1449890136719,269.19000244140625,269.05499267578125,269.05499267578125,19181
2026-09-17 19:43:00+00:00,269.2799987792969,269.2799987792969,269.3699951171875,269.1449890136719,269.1449890136719,32942
2026-09-17 19:44:00+00:00,269.3800048828125,269.3800048828125,269.4700012207031,269.3599853515625,269.3999938964844,19217
2026-09-17 19:45:00+00:00,269.5199890136719,269.5199890136719,269.5199890136719,269.2701110839844,269.3699951171875,24944
2026-09-17 19:46:00+00:00,269.5799865722656,269.5799865722656,269.6000061035156,269.4599914550781,269.4649963378906,12026
2026-09-17 19:47:00+00:00,269.7099914550781,269.7099914550781,269.7699890136719,269.5799865722656,269.60699462890625,17417
2026-09-17 19:48:00+00:00,269.7850036621094,269.7850036621094,269.8599853515625,269.7200012207031,269.7250061035156,11355
2026-09-17 19:49:00+00:00,269.8450012207031,269.8450012207031,269.8599853515625,269.739990234375,269.7950134277344,14007
2026-09-17 19:50:00+00:00,269.95001220703125,269.95001220703125,270.010009765625,269.79998779296875,269.8399963378906,36070
2026-09-17 19:51:00+00:00,269.989990234375,269.989990234375,270.1099853515625,269.9100036621094,269.9800109863281,22696
2026-09-17 19:52:00+00:00,270.0150146484375,270.0150146484375,270.04998779296875,269.901611328125,269.989990234375,19802
2026-09-17 19:53:00+00:00,270.0400085449219,270.0400085449219,270.0799865722656,269.95001220703125,270.010009765625,16901
2026-09-17 19:54:00+00:00,270.0,270.0,270.04998779296875,269.9100036621094,270.010009765625,27711
2026-09-17 19:55:00+00:00,270.4599914550781,270.4599914550781,270.4800109863281,269.9700012207031,270.0299987792969,50323
2026-09-17 19:56:00+00:00,270.67498779296875,270.67498779296875,270.8599853515625,270.4800109863281,270.4800109863281,54573
2026-09-17 19:57:00+00:00,270.70001220703125,270.70001220703125,270.7200012207031,270.5899963378906,270.67498779296875,58435
2026-09-17 19:58:00+00:00,270.6650085449219,270.6650085449219,270.8699951171875,270.5899963378906,270.69000244140625,116050
2026-09-17 19:59:00+00:00,270.2699890136719,270.2699890136719,270.7300109863281,270.2099914550781,270.6700134277344,170109
2026-09-18 13:30:00+00:00,268.739990234375,268.739990234375,269.6000061035156,268.3399963378906,269.45001220703125,1578955
2026-09-18 13:31:00+00:00,268.3299865722656,268.3299865722656,268.739990234375,267.8599853515625,268.7099914550781,11128
2026-09-18 13:32:00+00:00,269.1099853515625,269.1099853515625,269.1199951171875,268.6099853515625,268.6700134277344,9380
2026-09-18 13:33:00+00:00,269.3699951171875,269.3699951171875,269.6000061035156,268.9700012207031,269.1199951171875,10620
2026-09-18 13:34:00+00:00,269.4800109863281,269.4800109863281,269.7550048828125,269.3299865722656,269.5400085449219,12375
2026-09-18 13:35:00+00:00,269.489990234375,269.489990234375,269.8490905761719,269.3699951171875,269.4800109863281,10713
2026-09-18 13:36:00+00:00,269.3349914550781,269.3349914550781,269.635009765625,269.197998046875,269.635009765625,10263
2026-09-18 13:37:00+00:00,269.489990234375,269.489990234375,269.73748779296875,269.3349914550781,269.3399963378906,7474
2026-09-18 13:38:00+00:00,269.55999755859375,269.55999755859375,269.55999755859375,269.2699890136719,269.2799987792969,10069
2026-09-18 13:39:00+00:00,269.5799865722656,269.5799865722656,269.8599853515625,269.3999938964844,269.44000244140625,14663
2026-09-18 13:40:00+00:00,269.06500244140625,269.06500244140625,269.5799865722656,269.06500244140625,269.4716491699219,8898
2026-09-18 13:41:00+00:00,268.673095703125,268.673095703125,269.15399169921875,268.54998779296875,269.05999755859375,12663
2026-09-18 13:42:00+00:00,268.4049987792969,268.4049987792969,268.6099853515625,268.3399963378906,268.6099853515625,5572
2026-09-18 13:43:00+00:00,268.19000244140625,268.19000244140625,268.5140075683594,268.0,268.3949890136719,10453
2026-09-18 13:44:00+00:00,267.9570007324219,267.9570007324219,268.3900146484375,267.9570007324219,268.1419982910156,7559
2026-09-18 13:45:00+00:00,267.8599853515625,267.8599853515625,268.1300048828125,267.8599853515625,268.0150146484375,12152
2026-09-18 13:46:00+00:00,267.989990234375,267.989990234375,268.3999938964844,267.989990234375,268.1199951171875,10862
2026-09-18 13:47:00+00:00,268.19000244140625,268.19000244140625,268.19000244140625,267.9200134277344,268.0199890136719,9114
2026-09-18 13:48:00+00:00,268.3399963378906,268.3399963378906,268.5350036621094,268.2099914550781,268.2099914550781,12687
2026-09-18 13:49:00+00:00,267.4800109863281,267.4800109863281,268.44000244140625,267.44000244140625,268.3349914550781,22186
2026-09-18 13:50:00+00:00,267.560791015625,267.560791015625,267.6099853515625,267.3599853515625,267.5950012207031,9476
2026-09-18 13:51:00+00:00,267.4049987792969,267.4049987792969,267.6099853515625,267.34149169921875,267.4949951171875,9927
2026-09-18 13:52:00+00:00,267.4549865722656,267.4549865722656,267.4599914550781,267.197509765625,267.3999938964844,13504
2026-09-18 13:53:00+00:00,267.25750732421875,267.25750732421875,267.4599914550781,267.25750732421875,267.3599853515625,5969
2026-09-18 13:54:00+00:00,267.6099853515625,267.6099853515625,267.6099853515625,267.375,267.3999938964844,16729
2026-09-18 13:55:00+00:00,267.42999267578125,267.42999267578125,267.7300109863281,267.42999267578125,267.4800109863281,5818
2026-09-18 13:56:00+00:00,267.5350036621094,267.5350036621094,267.6400146484375,267.3500061035156,267.42999267578125,12988
2026-09-18 13:57:00+00:00,267.3999938964844,267.3999938964844,267.614990234375,267.3999938964844,267.5350036621094,5486
2026-09-18 13:58:00+00:00,267.8575134277344,267.8575134277344,267.8900146484375,267.4800109863281,267.4800109863281,7181
2026-09-18 13:59:00+00:00,267.54998779296875,267.54998779296875,268.0248107910156,267.54998779296875,267.864990234375,16982
2026-09-18 14:00:00+00:00,268.1400146484375,268.1400146484375,268.2250061035156,267.8800048828125,267.8800048828125,14680
2026-09-18 14:01:00+00:00,267.81500244140625,267.81500244140625,268.1400146484375,267.5899963378906,268.1400146484375,12843
2026-09-18 14:02:00+00:00,267.6600036621094,267.6600036621094,267.802490234375,267.3800048828125,267.802490234375,9867
2026-09-18 14:03:00+00:00,267.7200012207031,267.7200012207031,267.7200012207031,267.4100036621094,267.54998779296875,5380
2026-09-18 14:04:00+00:00,267.8500061035156,267.8500061035156,267.8999938964844,267.5400085449219,267.6700134277344,13804
2026-09-18 14:05:00+00:00,267.7699890136719,267.7699890136719,267.79998779296875,267.6499938964844,267.79998779296875,4833
2026-09-18 14:06:00+00:00,267.4649963378906,267.4649963378906,267.7699890136719,267.364013671875,267.7699890136719,5083
2026-09-18 14:07:00+00:00,267.42999267578125,267.42999267578125,267.57000732421875,267.2099914550781,267.385009765625,11381
2026-09-18 14:08:00+00:00,267.6549987792969,267.6549987792969,267.7200012207031,267.3999938964844,267.42999267578125,5206
2026-09-18 14:09:00+00:00,267.69000244140625,267.69000244140625,267.69000244140625,267.510009765625,267.6549987792969,5570
2026-09-18 14:10:00+00:00,267.79998779296875,267.79998779296875,267.94000244140625,267.69000244140625,267.75,6800
2026-09-18 14:11:00+00:00,267.5400085449219,267.5400085449219,267.8760986328125,267.5400085449219,267.79998779296875,6908
2026-09-18 14:12:00+00:00,267.69000244140625,267.69000244140625,267.7799987792969,267.42498779296875,267.44500732421875,8793
2026-09-18 14:13:00+00:00,267.94989013671875,267.94989013671875,267.95001220703125,267.67999267578125,267.67999267578125,5318
2026-09-18 14:14:00+00:00,267.5669860839844,267.5669860839844,267.7200012207031,267.5669860839844,267.6524963378906,3764
2026-09-18 14:15:00+00:00,267.7049865722656,267.7049865722656,267.760009765625,267.5909118652344,267.6400146484375,2515
2026-09-18 14:16:00+00:00,267.625,267.625,267.7250061035156,267.5000915527344,267.625,7311
2026-09-18 14:17:00+00:00,267.489990234375,267.489990234375,267.69000244140625,267.4800109863281,267.69000244140625,6523
2026-09-18 14:18:00+00:00,267.55999755859375,267.55999755859375,267.67999267578125,267.45001220703125,267.5249938964844,5414
2026-09-18 14:19:00+00:00,267.8999938964844,267.8999938964844,267.92999267578125,267.6650085449219,267.6650085449219,8953
2026-09-18 14:20:00+00:00,267.94000244140625,267.94000244140625,268.0299987792969,267.92498779296875,267.95001220703125,6588
2026-09-18 14:21:00+00:00,267.864990234375,267.864990234375,268.0,267.79998779296875,268.0,14011
2026-09-18 14:22:00+00:00,267.92999267578125,267.92999267578125,267.92999267578125,267.7699890136719,267.875,6467
2026-09-18 14:23:00+00:00,267.760009765625,267.760009765625,268.0400085449219,267.760009765625,267.8699951171875,7920
2026-09-18 14:24:00+00:00,267.93499755859375,267.93499755859375,267.93499755859375,267.69000244140625,267.8399963378906,6262
2026-09-18 14:25:00+00:00,267.989990234375,267.989990234375,268.04998779296875,267.8900146484375,267.92999267578125,10201
2026-09-18 14:26:00+00:00,268.2049865722656,268.2049865722656,268.30999755859375,267.989990234375,267.989990234375,7906
2026-09-18 14:27:00+00:00,268.2049865722656,268.2049865722656,268.25,268.135009765625,268.1650085449219,7067
2026-09-18 14:28:00+00:00,268.3349914550781,268.3349914550781,268.3599853515625,268.2200012207031,268.25,5733
2026-09-18 14:29:00+00:00,268.3299865722656,268.3299865722656,268.3999938964844,268.2699890136719,268.3900146484375,5463
2026-09-18 14:30:00+00:00,268.3349914550781,268.3349914550781,268.3900146484375,268.260009765625,268.2900085449219,5985
2026-09-18 14:31:00+00:00,268.3949890136719,268.3949890136719,268.5,268.3299865722656,268.3891906738281,8775
2026-09-18 14:32:00+00:00,268.3949890136719,268.3949890136719,268.44024658203125,268.3450012207031,268.3949890136719,8655
2026-09-18 14:33:00+00:00,268.55999755859375,268.55999755859375,268.6243896484375,268.3399963378906,268.3949890136719,19039
2026-09-18 14:34:00+00:00,268.3500061035156,268.3500061035156,268.57501220703125,268.2950134277344,268.57501220703125,10724
2026-09-18 14:35:00+00:00,268.3900146484375,268.3900146484375,268.5299987792969,268.32000732421875,268.4150085449219,4658
2026-09-18 14:36:00+00:00,268.6199951171875,268.6199951171875,268.6199951171875,268.3399963378906,268.3800048828125,5610
2026-09-18 14:37:00+00:00,268.6000061035156,268.6000061035156,268.7300109863281,268.5400085449219,268.5400085449219,10808
2026-09-18 14:38:00+00:00,268.510009765625,268.510009765625,268.6400146484375,268.510009765625,268.6000061035156,5415
2026-09-18 14:39:00+00:00,268.6300048828125,268.6300048828125,268.6300048828125,268.45001220703125,268.5199890136719,7897
2026-09-18 14:40:00+00:00,268.6650085449219,268.6650085449219,268.7250061035156,268.5299987792969,268.6000061035156,5875
2026-09-18 14:41:00+00:00,268.54998779296875,268.54998779296875,268.6000061035156,268.510009765625,268.5899963378906,4111
2026-09-18 14:42:00+00:00,268.42999267578125,268.42999267578125,268.489990234375,268.3699951171875,268.45001220703125,4766
2026-09-18 14:43:00+00:00,268.42999267578125,268.42999267578125,268.51251220703125,268.4100036621094,268.4150085449219,5543
2026-09-18 14:44:00+00:00,268.57000732421875,268.57000732421875,268.5950012207031,268.4049987792969,268.4049987792969,5937
2026-09-18 14:45:00+00:00,268.6700134277344,268.6700134277344,268.6700134277344,268.4599914550781,268.57000732421875,6377
2026-09-18 14:46:00+00:00,268.5,268.5,268.7200012207031,268.5,268.6199951171875,8065
2026-09-18 14:47:00+00:00,268.4649963378906,268.4649963378906,268.4949951171875,268.3699951171875,268.42999267578125,3573
2026-09-18 14:48:00+00:00,268.4100036621094,268.4100036621094,268.5299987792969,268.4100036621094,268.4700012207031,8190
2026-09-18 14:49:00+00:00,268.4150085449219,268.4150085449219,268.5050048828125,268.3450012207031,268.5050048828125,6086
2026-09-18 14:50:00+00:00,268.42999267578125,268.42999267578125,268.4599914550781,268.385009765625,268.4049987792969,2957
2026-09-18 14:51:00+00:00,268.6650085449219,268.6650085449219,268.6650085449219,268.4700012207031,268.4700012207031,5264
2026-09-18 14:52:00+00:00,268.4909973144531,268.4909973144531,268.6650085449219,268.4909973144531,268.6600036621094,11422
2026-09-18 14:53:00+00:00,268.7401123046875,268.7401123046875,268.82000732421875,268.6600036621094,268.6700134277344,3364
2026-09-18 14:54:00+00:00,268.6700134277344,268.6700134277344,268.82000732421875,268.6099853515625,268.80499267578125,5131
2026-09-18 14:55:00+00:00,268.7900085449219,268.7900085449219,268.7950134277344,268.6700134277344,268.6700134277344,4135
2026-09-18 14:56:00+00:00,268.7099914550781,268.7099914550781,268.79998779296875,268.6700134277344,268.79998779296875,4199
2026-09-18 14:57:00+00:00,268.7799987792969,268.7799987792969,268.80999755859375,268.760009765625,268.760009765625,3255
2026-09-18 14:58:00+00:00,268.6199951171875,268.6199951171875,268.82501220703125,268.6199951171875,268.80999755859375,6898
2026-09-18 14:59:00+00:00,268.55999755859375,268.55999755859375,268.7049865722656,268.55999755859375,268.6600036621094,13149
2026-09-18 15:00:00+00:00,268.3999938964844,268.3999938964844,268.57000732421875,268.3999938964844,268.57000732421875,4698
2026-09-18 15:01:00+00:00,268.29998779296875,268.29998779296875,268.3380126953125,268.2200012207031,268.30499267578125,5074
2026-09-18 15:02:00+00:00,268.3900146484375,268.3900146484375,268.3999938964844,268.18011474609375,268.2099914550781,9873
2026-09-18 15:03:00+00:00,268.2850036621094,268.2850036621094,268.42999267578125,268.2850036621094,268.3999938964844,5790
2026-09-18 15:04:00+00:00,268.1549987792969,268.1549987792969,268.2799987792969,268.1000061035156,268.2799987792969,6797
2026-09-18 15:05:00+00:00,268.0799865722656,268.0799865722656,268.3500061035156,268.010009765625,268.18499755859375,6514
2026-09-18 15:06:00+00:00,268.1400146484375,268.1400146484375,268.2799987792969,268.0450134277344,268.0450134277344,6843
2026-09-18 15:07:00+00:00,268.18499755859375,268.18499755859375,268.239990234375,268.0950012207031,268.125,4154
2026-09-18 15:08:00+00:00,268.2099914550781,268.2099914550781,268.2200012207031,268.05999755859375,268.17498779296875,3288
2026-09-18 15:09:00+00:00,268.260009765625,268.260009765625,268.260009765625,268.1700134277344,268.2250061035156,2802
2026-09-18 15:10:00+00:00,268.4599914550781,268.4599914550781,268.4599914550781,268.2550048828125,268.260009765625,4489
2026-09-18 15:11:00+00:00,268.5299987792969,268.5299987792969,268.57000732421875,268.510009765625,268.57000732421875,2745
2026-09-18 15:12:00+00:00,268.5150146484375,268.5150146484375,268.5299987792969,268.4100036621094,268.5199890136719,3416
2026-09-18 15:13:00+00:00,268.70001220703125,268.70001220703125,268.7099914550781,268.55999755859375,268.55999755859375,3997
2026-09-18 15:14:00+00:00,268.7099914550781,268.7099914550781,268.7099914550781,268.6200866699219,268.6200866699219,3358
2026-09-18 15:15:00+00:00,268.69500732421875,268.69500732421875,268.80999755859375,268.69500732421875,268.7074890136719,2948
2026-09-18 15:16:00+00:00,268.635009765625,268.635009765625,268.7049865722656,268.5899963378906,268.68499755859375,3553
2026-09-18 15:17:00+00:00,268.7049865722656,268.7049865722656,268.7200012207031,268.6700134277344,268.7099914550781,2059
2026-09-18 15:18:00+00:00,268.6300048828125,268.6300048828125,268.8299865722656,268.6300048828125,268.7799987792969,4249
2026-09-18 15:19:00+00:00,268.7900085449219,268.7900085449219,268.80999755859375,268.70001220703125,268.7349853515625,3516
2026-09-18 15:20:00+00:00,268.6700134277344,268.6700134277344,268.7699890136719,268.6600036621094,268.7650146484375,4610
2026-09-18 15:21:00+00:00,268.67999267578125,268.67999267578125,268.760009765625,268.67999267578125,268.67999267578125,2109
2026-09-18 15:22:00+00:00,268.8699951171875,268.8699951171875,268.8699951171875,268.6099853515625,268.6300048828125,5576
2026-09-18 15:23:00+00:00,268.8999938964844,268.8999938964844,269.0,268.8999938964844,268.95001220703125,5735
2026-09-18 15:24:00+00:00,269.0199890136719,269.0199890136719,269.0199890136719,268.8299865722656,268.94000244140625,7300
2026-09-18 15:25:00+00:00,269.090087890625,269.090087890625,269.1050109863281,269.0849914550781,269.1000061035156,4899
2026-09-18 15:26:00+00:00,269.1600036621094,269.1600036621094,269.1600036621094,269.07000732421875,269.1153869628906,3551
2026-09-18 15:27:00+00:00,269.17999267578125,269.17999267578125,269.2200012207031,269.114990234375,269.1700134277344,5037
2026-09-18 15:28:00+00:00,269.1099853515625,269.1099853515625,269.20001220703125,269.0899963378906,269.20001220703125,4677
2026-09-18 15:29:00+00:00,269.04998779296875,269.04998779296875,269.1700134277344,269.04998779296875,269.1050109863281,11233
2026-09-18 15:30:00+00:00,269.1499938964844,269.1499938964844,269.20001220703125,269.0799865722656,269.1000061035156,17088
2026-09-18 15:31:00+00:00,269.0,269.0,269.21990966796875,269.0,269.15899658203125,5888
2026-09-18 15:32:00+00:00,269.114990234375,269.114990234375,269.2099914550781,269.0,269.07000732421875,7107
2026-09-18 15:33:00+00:00,269.42999267578125,269.42999267578125,269.45001220703125,269.010009765625,269.114990234375,6970
2026-09-18 15:34:00+00:00,269.42999267578125,269.42999267578125,269.57000732421875,269.37298583984375,269.5400085449219,6496
2026-09-18 15:35:00+00:00,269.6000061035156,269.6000061035156,269.6099853515625,269.3900146484375,269.4800109863281,19424
2026-09-18 15:36:00+00:00,269.4700012207031,269.4700012207031,269.5400085449219,269.3800048828125,269.5299987792969,5655
2026-09-18 15:37:00+00:00,269.30999755859375,269.30999755859375,269.45001220703125,269.30999755859375,269.3800048828125,6892
2026-09-18 15:38:00+00:00,269.340087890625,269.340087890625,269.3699951171875,269.2749938964844,269.3299865722656,4850
2026-09-18 15:39:00+00:00,269.30999755859375,269.30999755859375,269.4307861328125,269.30999755859375,269.3399963378906,4268
2026-09-18 15:40:00+00:00,269.29998779296875,269.29998779296875,269.3599853515625,269.2200927734375,269.3599853515625,7683
2026-09-18 15:41:00+00:00,269.2799987792969,269.2799987792969,269.2950134277344,269.1700134277344,269.25,8998
2026-09-18 15:42:00+00:00,269.19000244140625,269.19000244140625,269.2659912109375,269.1700134277344,269.1700134277344,6014
2026-09-18 15:43:00+00:00,269.2550048828125,269.2550048828125,269.260009765625,269.2051086425781,269.2051086425781,3243
2026-09-18 15:44:00+00:00,269.20001220703125,269.20001220703125,269.30999755859375,269.20001220703125,269.20001220703125,6567
2026-09-18 15:45:00+00:00,269.1700134277344,269.1700134277344,269.239990234375,269.1099853515625,269.20001220703125,14737
2026-09-18 15:46:00+00:00,269.1000061035156,269.1000061035156,269.19000244140625,269.0,269.13751220703125,13514
2026-09-18 15:47:00+00:00,268.8999938964844,268.8999938964844,269.1300048828125,268.80999755859375,269.06500244140625,30451
2026-09-18 15:48:00+00:00,268.989990234375,268.989990234375,269.0150146484375,268.8999938964844,268.8999938964844,2315
2026-09-18 15:49:00+00:00,269.05999755859375,269.05999755859375,269.1000061035156,268.9800109863281,269.0199890136719,4119
2026-09-18 15:50:00+00:00,269.04998779296875,269.04998779296875,269.1300048828125,269.04998779296875,269.05999755859375,3693
2026-09-18 15:51:00+00:00,269.0,269.0,269.1199951171875,268.92999267578125,269.1199951171875,4834
2026-09-18 15:52:00+00:00,268.8500061035156,268.8500061035156,268.9800109863281,268.8500061035156,268.9800109863281,2596
2026-09-18 15:53:00+00:00,268.94000244140625,268.94000244140625,268.95001220703125,268.8399963378906,268.8399963378906,4222
2026-09-18 15:54:00+00:00,269.0199890136719,269.0199890136719,269.0199890136719,268.8800048828125,269.0,6830
2026-09-18 15:55:00+00:00,268.9200134277344,268.9200134277344,269.07501220703125,268.8900146484375,269.0299987792969,5048
2026-09-18 15:56:00+00:00,269.05999755859375,269.05999755859375,269.1098937988281,268.94000244140625,268.9700012207031,3900
2026-09-18 15:57:00+00:00,268.9200134277344,268.9200134277344,269.1099853515625,268.8500061035156,269.010009765625,5598
2026-09-18 15:58:00+00:00,268.80499267578125,268.80499267578125,268.8900146484375,268.7900085449219,268.8900146484375,9328
2026-09-18 15:59:00+00:00,269.010009765625,269.010009765625,269.010009765625,268.760009765625,268.79998779296875,4574
2026-09-18 16:00:00+00:00,268.830810546875,268.830810546875,269.0849914550781,268.830810546875,269.0299987792969,5069
2026-09-18 16:01:00+00:00,268.8500061035156,268.8500061035156,269.0,268.8399963378906,268.9324951171875,5354
2026-09-18 16:02:00+00:00,268.94000244140625,268.94000244140625,268.9800109863281,268.8900146484375,268.94000244140625,3907
2026-09-18 16:03:00+00:00,268.9649963378906,268.9649963378906,268.9700012207031,268.8500061035156,268.9700012207031,4162
2026-09-18 16:04:00+00:00,268.9649963378906,268.9649963378906,269.010009765625,268.8999938964844,268.9649963378906,3398
2026-09-18 16:05:00+00:00,269.0675048828125,269.0675048828125,269.114990234375,268.9775085449219,269.010009765625,8781
2026-09-18 16:06:00+00:00,269.1925048828125,269.1925048828125,269.2626953125,269.1400146484375,269.1400146484375,1749
2026-09-18 16:07:00+00:00,269.239990234375,269.239990234375,269.2900085449219,269.20001220703125,269.2900085449219,1949
2026-09-18 16:08:00+00:00,269.19000244140625,269.19000244140625,269.30999755859375,269.0799865722656,269.2449951171875,3995
2026-09-18 16:09:00+00:00,269.25,269.25,269.260009765625,269.1099853515625,269.1099853515625,3453
2026-09-18 16:10:00+00:00,269.2900085449219,269.2900085449219,269.30999755859375,269.2250061035156,269.2300109863281,1424
2026-09-18 16:11:00+00:00,269.2300109863281,269.2300109863281,269.32000732421875,269.2300109863281,269.25,6339
2026-09-18 16:12:00+00:00,269.3699951171875,269.3699951171875,269.3699951171875,269.2572021484375,269.2572021484375,4171
2026-09-18 16:13:00+00:00,269.2900085449219,269.2900085449219,269.3800048828125,269.2601013183594,269.3800048828125,5951
2026-09-18 16:14:00+00:00,269.375,269.375,269.375,269.2650146484375,269.2799987792969,1703
2026-09-18 16:15:00+00:00,269.322509765625,269.322509765625,269.3699951171875,269.2200927734375,269.29998779296875,5110
2026-09-18 16:16:00+00:00,269.17999267578125,269.17999267578125,269.30999755859375,269.17999267578125,269.2799987792969,2766
2026-09-18 16:17:00+00:00,269.29998779296875,269.29998779296875,269.29998779296875,269.239990234375,269.2950134277344,1310
2026-09-18 16:18:00+00:00,269.20001220703125,269.20001220703125,269.20001220703125,269.20001220703125,269.20001220703125,1640
2026-09-18 16:19:00+00:00,269.2300109863281,269.2300109863281,269.3699951171875,269.2300109863281,269.2950134277344,3871
2026-09-18 16:20:00+00:00,269.18499755859375,269.18499755859375,269.29998779296875,269.18499755859375,269.2825012207031,4464
2026-09-18 16:21:00+00:00,269.25,269.25,269.25,269.1099853515625,269.1499938964844,4614
2026-09-18 16:22:00+00:00,269.25,269.25,269.25,269.25,269.25,1079
2026-09-18 16:23:00+00:00,269.3450012207031,269.3450012207031,269.44000244140625,269.239990234375,269.2799987792969,2939
2026-09-18 16:24:00+00:00,269.4200134277344,269.4200134277344,269.44000244140625,269.3599853515625,269.4100036621094,2187
2026-09-18 16:25:00+00:00,269.42999267578125,269.42999267578125,269.42999267578125,269.3299865722656,269.4049987792969,3674
2026-09-18 16:26:00+00:00,269.45001220703125,269.45001220703125,269.45001220703125,269.3949890136719,269.44000244140625,1898
2026-09-18 16:27:00+00:00,269.4049987792969,269.4049987792969,269.4049987792969,269.3800048828125,269.3900146484375,950
2026-09-18 16:28:00+00:00,269.3500061035156,269.3500061035156,269.3800048828125,269.29998779296875,269.3800048828125,4371
2026-09-18 16:29:00+00:00,269.45001220703125,269.45001220703125,269.4599914550781,269.3500061035156,269.3500061035156,3902
2026-09-18 16:30:00+00:00,269.42041015625,269.42041015625,269.5199890136719,269.3500061035156,269.3500061035156,4317
2026-09-18 16:31:00+00:00,269.6099853515625,269.6099853515625,269.6099853515625,269.5,269.5199890136719,4926
2026-09-18 16:32:00+00:00,269.760009765625,269.760009765625,269.7699890136719,269.6700134277344,269.6700134277344,2342
2026-09-18 16:33:00+00:00,269.7300109863281,269.7300109863281,269.7449951171875,269.67999267578125,269.739990234375,3524
2026-09-18 16:34:00+00:00,269.6449890136719,269.6449890136719,269.739990234375,269.6449890136719,269.7300109863281,3207
2026-09-18 16:35:00+00:00,269.6000061035156,269.6000061035156,269.6000061035156,269.6000061035156,269.6000061035156,425
2026-09-18 16:36:00+00:00,269.70001220703125,269.70001220703125,269.760009765625,269.59368896484375,269.6300048828125,4735
2026-09-18 16:37:00+00:00,269.80999755859375,269.80999755859375,269.80999755859375,269.7250061035156,269.739990234375,2649
2026-09-18 16:38:00+00:00,269.739990234375,269.739990234375,269.739990234375,269.7099914550781,269.7099914550781,5593
2026-09-18 16:39:00+00:00,269.74639892578125,269.74639892578125,269.74639892578125,269.6528015136719,269.739990234375,4144
2026-09-18 16:40:00+00:00,269.5899963378906,269.5899963378906,269.760009765625,269.5899963378906,269.760009765625,4592
2026-09-18 16:41:00+00:00,269.5299987792969,269.5299987792969,269.635009765625,269.5299987792969,269.635009765625,2634
2026-09-18 16:42:00+00:00,269.6499938964844,269.6499938964844,269.8599853515625,269.57501220703125,269.57501220703125,11057
2026-09-18 16:43:00+00:00,269.6099853515625,269.6099853515625,269.7250061035156,269.6099853515625,269.7200012207031,2353
2026-09-18 16:44:00+00:00,269.614990234375,269.614990234375,269.6700134277344,269.489990234375,269.5799865722656,6866
2026-09-18 16:45:00+00:00,269.70001220703125,269.70001220703125,269.70001220703125,269.4700012207031,269.614990234375,3066
2026-09-18 16:46:00+00:00,269.55999755859375,269.55999755859375,269.69000244140625,269.55499267578125,269.69000244140625,4955
2026-09-18 16:47:00+00:00,269.5400085449219,269.5400085449219,269.6099853515625,269.5299987792969,269.55999755859375,5053
2026-09-18 16:48:00+00:00,269.5469970703125,269.5469970703125,269.6400146484375,269.5400085449219,269.54998779296875,3733
2026-09-18 16:49:00+00:00,269.7699890136719,269.7699890136719,269.7699890136719,269.5400085449219,269.5400085449219,8054
2026-09-18 16:50:00+00:00,269.7250061035156,269.7250061035156,269.7749938964844,269.69000244140625,269.69439697265625,5421
2026-09-18 16:51:00+00:00,269.8299865722656,269.8299865722656,269.8299865722656,269.69000244140625,269.69000244140625,3501
2026-09-18 16:52:00+00:00,269.8599853515625,269.8599853515625,269.8800048828125,269.7650146484375,269.7674865722656,3725
2026-09-18 16:53:00+00:00,269.9064025878906,269.9064025878906,269.93609619140625,269.864990234375,269.8900146484375,3007
2026-09-18 16:54:00+00:00,269.875,269.875,269.9049072265625,269.8699951171875,269.9049072265625,1997
2026-09-18 16:55:00+00:00,269.83099365234375,269.83099365234375,269.8699951171875,269.83099365234375,269.8599853515625,1252
2026-09-18 16:56:00+00:00,269.9100036621094,269.9100036621094,269.9200134277344,269.885009765625,269.9100036621094,2559
2026-09-18 16:57:00+00:00,269.9700012207031,269.9700012207031,270.0150146484375,269.8500061035156,269.8900146484375,11574
2026-09-18 16:58:00+00:00,269.9100036621094,269.9100036621094,269.989990234375,269.9100036621094,269.989990234375,3132
2026-09-18 16:59:00+00:00,269.9800109863281,269.9800109863281,269.989990234375,269.95001220703125,269.9599914550781,1984
2026-09-18 17:00:00+00:00,269.8299865722656,269.8299865722656,270.0,269.80999755859375,269.9649963378906,6918
2026-09-18 17:01:00+00:00,269.989990234375,269.989990234375,270.0,269.8699951171875,269.8699951171875,6603
2026-09-18 17:02:00+00:00,269.94000244140625,269.94000244140625,270.0150146484375,269.9100036621094,270.010009765625,5817
2026-09-18 17:03:00+00:00,269.9649963378906,269.9649963378906,269.9700012207031,269.92498779296875,269.92498779296875,1651
2026-09-18 17:04:00+00:00,269.9700012207031,269.9700012207031,269.9700012207031,269.8999938964844,269.9242858886719,2840
2026-09-18 17:05:00+00:00,269.989990234375,269.989990234375,269.989990234375,269.9150085449219,269.9150085449219,1958
2026-09-18 17:06:00+00:00,269.8999938964844,269.8999938964844,269.989990234375,269.8800048828125,269.9849853515625,2485
2026-09-18 17:07:00+00:00,269.82000732421875,269.82000732421875,269.8999938964844,269.82000732421875,269.8999938964844,2559
2026-09-18 17:08:00+00:00,269.7950134277344,269.7950134277344,269.8399963378906,269.7950134277344,269.8399963378906,3046
2026-09-18 17:09:00+00:00,269.79998779296875,269.79998779296875,269.8399963378906,269.760009765625,269.760009765625,2551
2026-09-18 17:10:00+00:00,269.760009765625,269.760009765625,269.7900085449219,269.75,269.7900085449219,2432
2026-09-18 17:11:00+00:00,269.67999267578125,269.67999267578125,269.75,269.6600036621094,269.75,4079
2026-09-18 17:12:00+00:00,269.6400146484375,269.6400146484375,269.6600036621094,269.57000732421875,269.6600036621094,3360
2026-09-18 17:13:00+00:00,269.70001220703125,269.70001220703125,269.70001220703125,269.6300048828125,269.6499938964844,2194
2026-09-18 17:14:00+00:00,269.6700134277344,269.6700134277344,269.7298889160156,269.6700134277344,269.70001220703125,2736
2026-09-18 17:15:00+00:00,269.69000244140625,269.69000244140625,269.7298889160156,269.6700134277344,269.6700134277344,3021
2026-09-18 17:16:00+00:00,269.635009765625,269.635009765625,269.69000244140625,269.6300048828125,269.69000244140625,1743
2026-09-18 17:17:00+00:00,269.6700134277344,269.6700134277344,269.6759948730469,269.6400146484375,269.6401062011719,1914
2026-09-18 17:18:00+00:00,269.7900085449219,269.7900085449219,269.7900085449219,269.67498779296875,269.67498779296875,7358
2026-09-18 17:19:00+00:00,269.7405090332031,269.7405090332031,269.79998779296875,269.7405090332031,269.79998779296875,2114
2026-09-18 17:20:00+00:00,269.82501220703125,269.82501220703125,269.8800048828125,269.7799987792969,269.7799987792969,3054
2026-09-18 17:21:00+00:00,269.92999267578125,269.92999267578125,269.989990234375,269.8501892089844,269.8699951171875,5379
2026-09-18 17:22:00+00:00,269.94000244140625,269.94000244140625,269.94000244140625,269.8800048828125,269.9100036621094,2177
2026-09-18 17:23:00+00:00,269.9599914550781,269.9599914550781,269.9700012207031,269.9200134277344,269.92498779296875,1363
2026-09-18 17:24:00+00:00,269.9100036621094,269.9100036621094,269.9800109863281,269.8699951171875,269.9800109863281,2502
2026-09-18 17:25:00+00:00,269.8800048828125,269.8800048828125,269.92999267578125,269.8599853515625,269.92999267578125,2496
2026-09-18 17:26:00+00:00,269.885009765625,269.885009765625,269.8900146484375,269.8599853515625,269.8900146484375,3405
2026-09-18 17:27:00+00:00,270.1000061035156,270.1000061035156,270.1099853515625,269.885009765625,269.89801025390625,6051
2026-09-18 17:28:00+00:00,270.19000244140625,270.19000244140625,270.19000244140625,270.1000061035156,270.1099853515625,4634
2026-09-18 17:29:00+00:00,270.2900085449219,270.2900085449219,270.3500061035156,270.0799865722656,270.1300048828125,10586
2026-09-18 17:30:00+00:00,270.30499267578125,270.30499267578125,270.3399963378906,270.1700134277344,270.2900085449219,17498
2026-09-18 17:31:00+00:00,270.2449951171875,270.2449951171875,270.30499267578125,270.2449951171875,270.30499267578125,2421
2026-09-18 17:32:00+00:00,270.3349914550781,270.3349914550781,270.3349914550781,270.239990234375,270.25,3928
2026-09-18 17:33:00+00:00,270.4599914550781,270.4599914550781,270.4599914550781,270.24249267578125,270.25,7208
2026-09-18 17:34:00+00:00,270.5799865722656,270.5799865722656,270.5867004394531,270.3800048828125,270.3800048828125,5369
2026-09-18 17:35:00+00:00,270.5,270.5,270.56988525390625,270.45001220703125,270.4700012207031,15237
2026-09-18 17:36:00+00:00,270.5350036621094,270.5350036621094,270.5599060058594,270.4800109863281,270.4949951171875,9144
2026-09-18 17:37:00+00:00,270.4949951171875,270.4949951171875,270.6000061035156,270.4700012207031,270.6000061035156,10003
2026-09-18 17:38:00+00:00,270.5350036621094,270.5350036621094,270.5350036621094,270.3999938964844,270.4599914550781,9770
2026-09-18 17:39:00+00:00,270.54998779296875,270.54998779296875,270.54998779296875,270.4949951171875,270.4949951171875,3315
2026-09-18 17:40:00+00:00,270.2970886230469,270.2970886230469,270.55999755859375,270.2099914550781,270.55999755859375,16005
2026-09-18 17:41:00+00:00,270.3299865722656,270.3299865722656,270.4100036621094,270.2300109863281,270.2850036621094,11076
2026-09-18 17:42:00+00:00,270.29998779296875,270.29998779296875,270.3450012207031,270.29998779296875,270.3299865722656,2846
2026-09-18 17:43:00+00:00,270.239990234375,270.239990234375,270.3800048828125,270.18499755859375,270.30499267578125,7216
2026-09-18 17:44:00+00:00,270.3500061035156,270.3500061035156,270.3800048828125,270.2149963378906,270.3500061035156,10450
2026-09-18 17:45:00+00:00,270.2799987792969,270.2799987792969,270.3599853515625,270.2799987792969,270.3599853515625,1966
2026-09-18 17:46:00+00:00,270.30999755859375,270.30999755859375,270.30999755859375,270.215087890625,270.2550048828125,1852
2026-09-18 17:47:00+00:00,270.67999267578125,270.67999267578125,270.739013671875,270.3299865722656,270.3299865722656,6493
2026-09-18 17:48:00+00:00,270.67999267578125,270.67999267578125,270.739990234375,270.635009765625,270.635009765625,4959
2026-09-18 17:49:00+00:00,270.68499755859375,270.68499755859375,270.75,270.6199951171875,270.7200012207031,6059
2026-09-18 17:50:00+00:00,270.8900146484375,270.8900146484375,270.95001220703125,270.6199951171875,270.68499755859375,7361
2026-09-18 17:51:00+00:00,270.92999267578125,270.92999267578125,270.9700012207031,270.7699890136719,270.885009765625,5812
2026-09-18 17:52:00+00:00,270.7300109863281,270.7300109863281,270.92999267578125,270.7300109863281,270.92999267578125,10114
2026-09-18 17:53:00+00:00,270.72821044921875,270.72821044921875,270.739990234375,270.6700134277344,270.7250061035156,8363
2026-09-18 17:54:00+00:00,270.8550109863281,270.8550109863281,270.92999267578125,270.7149963378906,270.7300109863281,21070
2026-09-18 17:55:00+00:00,270.94000244140625,270.94000244140625,270.9700012207031,270.80999755859375,270.92999267578125,9530
2026-09-18 17:56:00+00:00,270.9649963378906,270.9649963378906,271.0,270.9100036621094,270.9599914550781,6522
2026-09-18 17:57:00+00:00,271.0299987792969,271.0299987792969,271.0299987792969,270.92999267578125,270.92999267578125,4695
2026-09-18 17:58:00+00:00,271.1000061035156,271.1000061035156,271.1099853515625,271.0199890136719,271.05999755859375,5559
2026-09-18 17:59:00+00:00,271.0450134277344,271.0450134277344,271.135009765625,270.9800109863281,271.0400085449219,15001
2026-09-18 18:00:00+00:00,270.8800048828125,270.8800048828125,271.0299987792969,270.82501220703125,271.0299987792969,8546
2026-09-18 18:01:00+00:00,271.2001037597656,271.2001037597656,271.31500244140625,270.79998779296875,270.8500061035156,9153
2026-09-18 18:02:00+00:00,271.635009765625,271.635009765625,271.69000244140625,271.32000732421875,271.4200134277344,27733
2026-09-18 18:03:00+00:00,271.4150085449219,271.4150085449219,271.69000244140625,271.2500915527344,271.67999267578125,14335
2026-09-18 18:04:00+00:00,271.1499938964844,271.1499938964844,271.4700012207031,271.0899963378906,271.4700012207031,6895
2026-09-18 18:05:00+00:00,271.01251220703125,271.01251220703125,271.1449890136719,270.95001220703125,271.1449890136719,6818
2026-09-18 18:06:00+00:00,270.989990234375,270.989990234375,271.0199890136719,270.92999267578125,271.010009765625,4353
2026-09-18 18:07:00+00:00,271.06500244140625,271.06500244140625,271.19000244140625,270.9599914550781,271.0,4802
2026-09-18 18:08:00+00:00,271.0199890136719,271.0199890136719,271.0799865722656,270.95001220703125,271.05999755859375,6078
2026-09-18 18:09:00+00:00,270.94500732421875,270.94500732421875,271.0299987792969,270.92999267578125,270.9599914550781,6413
2026-09-18 18:10:00+00:00,271.0400085449219,271.0400085449219,271.1050109863281,270.92010498046875,271.0,8397
2026-09-18 18:11:00+00:00,270.9700012207031,270.9700012207031,271.0299987792969,270.8599853515625,270.9700012207031,4211
2026-09-18 18:12:00+00:00,271.0,271.0,271.0599060058594,270.8559875488281,270.9100036621094,3691
2026-09-18 18:13:00+00:00,271.0000915527344,271.0000915527344,271.1189880371094,270.9209899902344,271.04998779296875,21589
2026-09-18 18:14:00+00:00,271.25,271.25,271.260009765625,271.1600036621094,271.239990234375,4436
2026-09-18 18:15:00+00:00,271.25,271.25,271.29998779296875,271.17999267578125,271.29998779296875,5726
2026-09-18 18:16:00+00:00,271.16009521484375,271.16009521484375,271.3399963378906,271.1600036621094,271.25,3705
2026-09-18 18:17:00+00:00,271.17999267578125,271.17999267578125,271.30999755859375,271.1600036621094,271.25,6988
2026-09-18 18:18:00+00:00,271.2900085449219,271.2900085449219,271.2900085449219,271.1007080078125,271.17999267578125,5936
2026-09-18 18:19:00+00:00,271.3599853515625,271.3599853515625,271.4200134277344,271.2200012207031,271.2900085449219,7138
2026-09-18 18:20:00+00:00,271.3299865722656,271.3299865722656,271.3699951171875,271.2640075683594,271.30999755859375,5070
2026-09-18 18:21:00+00:00,271.32000732421875,271.32000732421875,271.44000244140625,271.32000732421875,271.3599853515625,3173
2026-09-18 18:22:00+00:00,271.4949951171875,271.4949951171875,271.5899963378906,271.3550109863281,271.42999267578125,6103
2026-09-18 18:23:00+00:00,271.3999938964844,271.3999938964844,271.4700012207031,271.2799987792969,271.42999267578125,8314
2026-09-18 18:24:00+00:00,271.42999267578125,271.42999267578125,271.44000244140625,271.1199951171875,271.1199951171875,3971
2026-09-18 18:25:00+00:00,271.4100036621094,271.4100036621094,271.489990234375,271.4100036621094,271.4200134277344,2341
2026-09-18 18:26:00+00:00,271.44000244140625,271.44000244140625,271.489990234375,271.4104919433594,271.489990234375,2292
2026-09-18 18:27:00+00:00,271.5199890136719,271.5199890136719,271.6000061035156,271.4100036621094,271.54998779296875,10639
2026-09-18 18:28:00+00:00,271.6199951171875,271.6199951171875,271.6199951171875,271.4800109863281,271.55999755859375,6946
2026-09-18 18:29:00+00:00,271.53009033203125,271.53009033203125,271.70001220703125,271.53009033203125,271.6499938964844,3674
2026-09-18 18:30:00+00:00,271.55999755859375,271.55999755859375,271.7099914550781,271.5299987792969,271.70001220703125,7202
2026-09-18 18:31:00+00:00,271.4849853515625,271.4849853515625,271.5799865722656,271.4800109863281,271.510009765625,7297
2026-09-18 18:32:00+00:00,271.4700012207031,271.4700012207031,271.55999755859375,271.45001220703125,271.489990234375,6799
2026-09-18 18:33:00+00:00,271.5799865722656,271.5799865722656,271.6099853515625,271.5,271.5,5153
2026-09-18 18:34:00+00:00,271.55499267578125,271.55499267578125,271.6600036621094,271.489990234375,271.5799865722656,6480
2026-09-18 18:35:00+00:00,271.67999267578125,271.67999267578125,271.7018127441406,271.5299987792969,271.55499267578125,14289
2026-09-18 18:36:00+00:00,271.5050048828125,271.5050048828125,271.635009765625,271.4599914550781,271.6000061035156,14979
2026-09-18 18:37:00+00:00,271.44000244140625,271.44000244140625,271.54998779296875,271.3599853515625,271.5050048828125,11565
2026-09-18 18:38:00+00:00,271.3800048828125,271.3800048828125,271.4800109863281,271.239990234375,271.3999938964844,38443
2026-09-18 18:39:00+00:00,271.5199890136719,271.5199890136719,271.5299987792969,271.2799987792969,271.4100036621094,17782
2026-09-18 18:40:00+00:00,271.5400085449219,271.5400085449219,271.635009765625,271.4599914550781,271.510009765625,11528
2026-09-18 18:41:00+00:00,271.5,271.5,271.5799865722656,271.3783874511719,271.5799865722656,31081
2026-09-18 18:42:00+00:00,271.3700866699219,271.3700866699219,271.54998779296875,271.3700866699219,271.4800109863281,13513
2026-09-18 18:43:00+00:00,271.44000244140625,271.44000244140625,271.44500732421875,271.44000244140625,271.44500732421875,2183
2026-09-18 18:44:00+00:00,271.4599914550781,271.4599914550781,271.5400085449219,271.3999938964844,271.42498779296875,16695
2026-09-18 18:45:00+00:00,271.67999267578125,271.67999267578125,271.67999267578125,271.44000244140625,271.4599914550781,6344
2026-09-18 18:46:00+00:00,271.7449951171875,271.7449951171875,271.82000732421875,271.67999267578125,271.67999267578125,11560
2026-09-18 18:47:00+00:00,271.7699890136719,271.7699890136719,271.8399963378906,271.7300109863281,271.7300109863281,13285
2026-09-18 18:48:00+00:00,271.65008544921875,271.65008544921875,271.7900085449219,271.65008544921875,271.7900085449219,3850
2026-09-18 18:49:00+00:00,271.6199951171875,271.6199951171875,271.739990234375,271.5899963378906,271.7099914550781,7390
2026-09-18 18:50:00+00:00,271.69000244140625,271.69000244140625,271.69000244140625,271.5899963378906,271.6300048828125,8258
2026-09-18 18:51:00+00:00,271.625,271.625,271.7300109863281,271.625,271.708740234375,5472
2026-09-18 18:52:00+00:00,271.68499755859375,271.68499755859375,271.7200012207031,271.6300048828125,271.6600036621094,6179
2026-09-18 18:53:00+00:00,271.6700134277344,271.6700134277344,271.7300109863281,271.6400146484375,271.6650085449219,5315
2026-09-18 18:54:00+00:00,271.6400146484375,271.6400146484375,271.7200012207031,271.6400146484375,271.70001220703125,10712
2026-09-18 18:55:00+00:00,271.614990234375,271.614990234375,271.6549987792969,271.6050109863281,271.6549987792969,3970
2026-09-18 18:56:00+00:00,271.6199951171875,271.6199951171875,271.70001220703125,271.5899963378906,271.5899963378906,8113
2026-09-18 18:57:00+00:00,271.57501220703125,271.57501220703125,271.6199951171875,271.5400085449219,271.6199951171875,8299
2026-09-18 18:58:00+00:00,271.614990234375,271.614990234375,271.67999267578125,271.5199890136719,271.6300048828125,15711
2026-09-18 18:59:00+00:00,271.6099853515625,271.6099853515625,271.6698913574219,271.5,271.6698913574219,9995
2026-09-18 19:00:00+00:00,271.6499938964844,271.6499938964844,271.67999267578125,271.5440979003906,271.55999755859375,8360
2026-09-18 19:01:00+00:00,271.5899963378906,271.5899963378906,271.6000061035156,271.4599914550781,271.6000061035156,13402
2026-09-18 19:02:00+00:00,271.6300048828125,271.6300048828125,271.6601867675781,271.55999755859375,271.5799865722656,9185
2026-09-18 19:03:00+00:00,271.6300048828125,271.6300048828125,271.69000244140625,271.5299987792969,271.6400146484375,11121
2026-09-18 19:04:00+00:00,271.75,271.75,271.75,271.6650085449219,271.67999267578125,6353
2026-09-18 19:05:00+00:00,271.6199951171875,271.6199951171875,271.69000244140625,271.5899963378906,271.69000244140625,8550
2026-09-18 19:06:00+00:00,271.6000061035156,271.6000061035156,271.67999267578125,271.57000732421875,271.6549987792969,13332
2026-09-18 19:07:00+00:00,271.5874938964844,271.5874938964844,271.6000061035156,271.55999755859375,271.5950012207031,16845
2026-09-18 19:08:00+00:00,271.5299987792969,271.5299987792969,271.55999755859375,271.3900146484375,271.54998779296875,33294
2026-09-18 19:09:00+00:00,271.55999755859375,271.55999755859375,271.5899963378906,271.510009765625,271.54998779296875,10144
2026-09-18 19:10:00+00:00,271.6600036621094,271.6600036621094,271.7200012207031,271.510009765625,271.55999755859375,8803
2026-09-18 19:11:00+00:00,271.7049865722656,271.7049865722656,271.72900390625,271.6600036621094,271.69000244140625,9857
2026-09-18 19:12:00+00:00,271.6000061035156,271.6000061035156,271.67999267578125,271.54998779296875,271.67999267578125,13615
2026-09-18 19:13:00+00:00,271.54998779296875,271.54998779296875,271.6199951171875,271.5,271.6199951171875,10120
2026-09-18 19:14:00+00:00,271.614990234375,271.614990234375,271.614990234375,271.4800109863281,271.5799865722656,14851
2026-09-18 19:15:00+00:00,271.57000732421875,271.57000732421875,271.6090087890625,271.5299987792969,271.55999755859375,11163
2026-09-18 19:16:00+00:00,271.5799865722656,271.5799865722656,271.6650085449219,271.5299987792969,271.57000732421875,10673
2026-09-18 19:17:00+00:00,271.6549987792969,271.6549987792969,271.6549987792969,271.5321044921875,271.6000061035156,11179
2026-09-18 19:18:00+00:00,271.67498779296875,271.67498779296875,271.75,271.6499938964844,271.6600036621094,11716
2026-09-18 19:19:00+00:00,271.6449890136719,271.6449890136719,271.67999267578125,271.614990234375,271.6199951171875,5209
2026-09-18 19:20:00+00:00,271.7298889160156,271.7298889160156,271.739990234375,271.5899963378906,271.6199951171875,11816
2026-09-18 19:21:00+00:00,271.67999267578125,271.67999267578125,271.7298889160156,271.5899963378906,271.68499755859375,10852
2026-09-18 19:22:00+00:00,271.6400146484375,271.6400146484375,271.7099914550781,271.6400146484375,271.67498779296875,7331
2026-09-18 19:23:00+00:00,271.69000244140625,271.69000244140625,271.7200012207031,271.6499938964844,271.70001220703125,9032
2026-09-18 19:24:00+00:00,271.6698913574219,271.6698913574219,271.7200012207031,271.6099853515625,271.6600036621094,14984
2026-09-18 19:25:00+00:00,271.6990051269531,271.6990051269531,271.70001220703125,271.5899963378906,271.5899963378906,10950
2026-09-18 19:26:00+00:00,271.68499755859375,271.68499755859375,271.69000244140625,271.625,271.69000244140625,14214
2026-09-18 19:27:00+00:00,271.75,271.75,271.7799987792969,271.6499938964844,271.6499938964844,14865
2026-09-18 19:28:00+00:00,271.68499755859375,271.68499755859375,271.7799987792969,271.6600036621094,271.7250061035156,13321
2026-09-18 19:29:00+00:00,271.6099853515625,271.6099853515625,271.67999267578125,271.3900146484375,271.67999267578125,41130
2026-09-18 19:30:00+00:00,271.3399963378906,271.3399963378906,271.7900085449219,271.29998779296875,271.6400146484375,65132
2026-09-18 19:31:00+00:00,271.4150085449219,271.4150085449219,271.5,271.239990234375,271.31500244140625,49846
2026-09-18 19:32:00+00:00,271.3699951171875,271.3699951171875,271.5150146484375,271.1600036621094,271.447509765625,54908
2026-09-18 19:33:00+00:00,271.5199890136719,271.5199890136719,271.6700134277344,271.3699951171875,271.3699951171875,56548
2026-09-18 19:34:00+00:00,271.4599914550781,271.4599914550781,271.69000244140625,271.1400146484375,271.69000244140625,73134
2026-09-18 19:35:00+00:00,271.5299987792969,271.5299987792969,271.67999267578125,271.4700012207031,271.4849853515625,52906
2026-09-18 19:36:00+00:00,271.6600036621094,271.6600036621094,271.760009765625,271.5199890136719,271.55999755859375,55595
2026-09-18 19:37:00+00:00,271.5950012207031,271.5950012207031,271.6600036621094,271.5150146484375,271.6300048828125,61862
2026-09-18 19:38:00+00:00,271.7200012207031,271.7200012207031,271.7200012207031,271.5299987792969,271.5899963378906,63441
2026-09-18 19:39:00+00:00,271.9800109863281,271.9800109863281,272.0118103027344,271.69500732421875,271.7099914550781,56292
2026-09-18 19:40:00+00:00,271.8999938964844,271.8999938964844,272.0,271.7699890136719,271.9750061035156,85396
2026-09-18 19:41:00+00:00,271.9100036621094,271.9100036621094,271.989990234375,271.8399963378906,271.8800048828125,54789
2026-09-18 19:42:00+00:00,271.7449951171875,271.7449951171875,272.0,271.69500732421875,271.8900146484375,85750
2026-09-18 19:43:00+00:00,271.7699890136719,271.7699890136719,271.88250732421875,271.7149963378906,271.7449951171875,58556
2026-09-18 19:44:00+00:00,271.9750061035156,271.9750061035156,271.9750061035156,271.6499938964844,271.7799987792969,34150
2026-09-18 19:45:00+00:00,272.0299987792969,272.0299987792969,272.1099853515625,271.9649963378906,271.9750061035156,30122
2026-09-18 19:46:00+00:00,271.9700012207031,271.9700012207031,272.05999755859375,271.9599914550781,272.0299987792969,63367
2026-09-18 19:47:00+00:00,271.8399963378906,271.8399963378906,271.989990234375,271.7699890136719,271.9849853515625,81534
2026-09-18 19:48:00+00:00,271.8500061035156,271.8500061035156,271.989990234375,271.7200012207031,271.7200012207031,69008
2026-09-18 19:49:00+00:00,271.7149963378906,271.7149963378906,271.8500061035156,271.1199951171875,271.8500061035156,95168
2026-09-18 19:50:00+00:00,270.760009765625,270.760009765625,271.656005859375,270.6600036621094,271.45001220703125,79683
2026-09-18 19:51:00+00:00,270.8599853515625,270.8599853515625,271.0,270.67999267578125,270.760009765625,69454
2026-09-18 19:52:00+00:00,270.7250061035156,270.7250061035156,270.8500061035156,270.6000061035156,270.8500061035156,21830
2026-09-18 19:53:00+00:00,270.7550048828125,270.7550048828125,270.8900146484375,270.6199951171875,270.75,37402
2026-09-18 19:54:00+00:00,270.7099914550781,270.7099914550781,270.8699951171875,270.6000061035156,270.7449951171875,39920
2026-09-18 19:55:00+00:00,270.2850036621094,270.2850036621094,270.9700012207031,270.2099914550781,270.6600036621094,54825
2026-09-18 19:56:00+00:00,269.9100036621094,269.9100036621094,270.2900085449219,269.8299865722656,270.2900085449219,61550
2026-09-18 19:57:00+00:00,269.739990234375,269.739990234375,269.94000244140625,269.67999267578125,269.9200134277344,87608
2026-09-18 19:58:00+00:00,270.125,270.125,270.1700134277344,269.6199951171875,269.7699890136719,121575
2026-09-18 19:59:00+00:00,269.9800109863281,269.9800109863281,270.1600036621094,269.75,270.125,252567
