Timestamp,Adj Close,Close,High,Low,Open,Volume
2026-09-14 13:30:00+00:00,354.3999938964844,354.3999938964844,355.2298889160156,354.1697082519531,354.2300109863281,142532
2026-09-14 13:31:00+00:00,354.7300109863281,354.7300109863281,355.2799987792969,354.2200012207031,354.2200012207031,23484
2026-09-14 13:32:00+00:00,354.4800109863281,354.4800109863281,354.8900146484375,353.6300048828125,354.6199951171875,24981
2026-09-14 13:33:00+00:00,354.04010009765625,354.04010009765625,354.7449951171875,353.7699890136719,354.4549865722656,9431
2026-09-14 13:34:00+00:00,353.6400146484375,353.6400146484375,354.82000732421875,353.6400146484375,354.489990234375,20463
2026-09-14 13:35:00+00:00,353.1499938964844,353.1499938964844,353.8699951171875,352.5199890136719,353.8299865722656,19052
2026-09-14 13:36:00+00:00,353.55999755859375,353.55999755859375,353.8299865722656,353.05499267578125,353.1499938964844,11758
2026-09-14 13:37:00+00:00,354.0899963378906,354.0899963378906,354.260009765625,353.2699890136719,353.3800048828125,11467
2026-09-14 13:38:00+00:00,353.260009765625,353.260009765625,354.0199890136719,353.20001220703125,354.0199890136719,9252
2026-09-14 13:39:00+00:00,353.3299865722656,353.3299865722656,353.70001220703125,353.2699890136719,353.3900146484375,14877
2026-09-14 13:40:00+00:00,353.94500732421875,353.94500732421875,354.114990234375,353.32000732421875,353.42999267578125,13989
2026-09-14 13:41:00+00:00,353.7900085449219,353.7900085449219,354.2298889160156,353.70001220703125,353.82000732421875,20660
2026-09-14 13:42:00+00:00,353.30999755859375,353.30999755859375,354.0299987792969,353.239990234375,353.8949890136719,13199
2026-09-14 13:43:00+00:00,353.2699890136719,353.2699890136719,353.59991455078125,353.1000061035156,353.42498779296875,10601
2026-09-14 13:44:00+00:00,353.0,353.0,353.4898986816406,353.0,353.2099914550781,10450
2026-09-14 13:45:00+00:00,353.69000244140625,353.69000244140625,353.7200012207031,352.82000732421875,353.010009765625,16982
2026-09-14 13:46:00+00:00,353.50250244140625,353.50250244140625,353.6700134277344,353.28009033203125,353.6600036621094,7035
2026-09-14 13:47:00+00:00,353.2099914550781,353.2099914550781,353.489990234375,353.0,353.4800109863281,18842
2026-09-14 13:48:00+00:00,352.3800048828125,352.3800048828125,353.1099853515625,352.25,353.1099853515625,14021
2026-09-14 13:49:00+00:00,352.7900085449219,352.7900085449219,353.44000244140625,352.4800109863281,352.4800109863281,9929
2026-09-14 13:50:00+00:00,353.010009765625,353.010009765625,353.29998779296875,352.614990234375,352.8550109863281,12580
2026-09-14 13:51:00+00:00,352.4750061035156,352.4750061035156,353.1400146484375,352.25,353.0299987792969,17080
2026-09-14 13:52:00+00:00,353.4150085449219,353.4150085449219,353.6099853515625,352.3599853515625,352.4700012207031,17601
2026-09-14 13:53:00+00:00,353.29998779296875,353.29998779296875,353.7799072265625,353.2200012207031,353.6099853515625,5190
2026-09-14 13:54:00+00:00,353.3399963378906,353.3399963378906,353.3399963378906,352.80999755859375,353.1499938964844,7588
2026-09-14 13:55:00+00:00,352.79998779296875,352.79998779296875,353.3399963378906,352.5393981933594,353.3399963378906,10693
2026-09-14 13:56:00+00:00,353.15008544921875,353.15008544921875,353.3999938964844,352.7250061035156,352.8599853515625,9801
2026-09-14 13:57:00+00:00,352.9049987792969,352.9049987792969,353.29998779296875,352.8999938964844,353.16009521484375,4559
2026-09-14 13:58:00+00:00,352.6700134277344,352.6700134277344,352.9100036621094,352.4599914550781,352.9100036621094,6956
2026-09-14 13:59:00+00:00,352.4800109863281,352.4800109863281,352.73760986328125,352.2699890136719,352.6600036621094,8954
2026-09-14 14:00:00+00:00,353.0,353.0,353.010009765625,352.3599853515625,352.4800109863281,13991
2026-09-14 14:01:00+00:00,353.177490234375,353.177490234375,353.2300109863281,352.6700134277344,352.989990234375,13657
2026-09-14 14:02:00+00:00,352.6600036621094,352.6600036621094,353.18499755859375,352.5899963378906,353.18499755859375,10915
2026-09-14 14:03:00+00:00,353.0350036621094,353.0350036621094,353.07769775390625,352.6199951171875,352.7300109863281,8798
2026-09-14 14:04:00+00:00,352.7674865722656,352.7674865722656,353.0400085449219,352.6000061035156,353.0400085449219,6809
2026-09-14 14:05:00+00:00,352.7099914550781,352.7099914550781,352.94000244140625,352.55999755859375,352.7650146484375,10552
2026-09-14 14:06:00+00:00,352.68499755859375,352.68499755859375,352.82000732421875,352.42999267578125,352.7650146484375,6685
2026-09-14 14:07:00+00:00,353.0350036621094,353.0350036621094,353.1199035644531,352.6099853515625,352.6899108886719,7927
2026-09-14 14:08:00+00:00,353.3450012207031,353.3450012207031,353.3900146484375,352.8550109863281,352.9700012207031,13607
2026-09-14 14:09:00+00:00,353.43499755859375,353.43499755859375,353.54949951171875,353.239990234375,353.25,14097
2026-09-14 14:10:00+00:00,353.04998779296875,353.04998779296875,353.57000732421875,353.04998779296875,353.43499755859375,6951
2026-09-14 14:11:00+00:00,353.4800109863281,353.4800109863281,353.54998779296875,353.07000732421875,353.07000732421875,9601
2026-09-14 14:12:00+00:00,353.5400085449219,353.5400085449219,353.6199951171875,353.2699890136719,353.53948974609375,8016
2026-09-14 14:13:00+00:00,353.6549987792969,353.6549987792969,353.739990234375,353.3500061035156,353.5249938964844,7106
2026-09-14 14:14:00+00:00,353.44000244140625,353.44000244140625,353.6400146484375,353.3500061035156,353.6400146484375,7077
2026-09-14 14:15:00+00:00,353.55499267578125,353.55499267578125,353.69000244140625,353.3399963378906,353.44000244140625,10860
2026-09-14 14:16:00+00:00,353.7699890136719,353.7699890136719,353.8599853515625,353.6099853515625,353.6099853515625,5034
2026-09-14 14:17:00+00:00,353.760009765625,353.760009765625,353.84991455078125,353.6199951171875,353.7200012207031,13380
2026-09-14 14:18:00+00:00,353.56610107421875,353.56610107421875,353.7850036621094,353.56610107421875,353.73748779296875,10805
2026-09-14 14:19:00+00:00,353.45721435546875,353.45721435546875,353.5799865722656,353.3100891113281,353.5199890136719,5206
2026-09-14 14:20:00+00:00,353.19000244140625,353.19000244140625,353.4800109863281,353.1300048828125,353.4800109863281,6294
2026-09-14 14:21:00+00:00,353.2149963378906,353.2149963378906,353.29998779296875,353.1499938964844,353.19000244140625,3067
2026-09-14 14:22:00+00:00,353.0899963378906,353.0899963378906,353.2099914550781,353.07000732421875,353.2099914550781,3525
2026-09-14 14:23:00+00:00,352.6401062011719,352.6401062011719,353.0899963378906,352.6401062011719,353.0199890136719,8768
2026-09-14 14:24:00+00:00,352.67950439453125,352.67950439453125,352.760009765625,352.55999755859375,352.6400146484375,6673
2026-09-14 14:25:00+00:00,352.989990234375,352.989990234375,353.05169677734375,352.6499938964844,352.67999267578125,4927
2026-09-14 14:26:00+00:00,352.6199951171875,352.6199951171875,352.9200134277344,352.5299987792969,352.9200134277344,4122
2026-09-14 14:27:00+00:00,352.8598937988281,352.8598937988281,352.8599853515625,352.5299987792969,352.5400085449219,3662
2026-09-14 14:28:00+00:00,352.70989990234375,352.70989990234375,352.80999755859375,352.6300048828125,352.760009765625,8858
2026-09-14 14:29:00+00:00,352.9100036621094,352.9100036621094,352.9100036621094,352.5,352.6300048828125,10363
2026-09-14 14:30:00+00:00,352.82501220703125,352.82501220703125,352.94500732421875,352.7300109863281,352.8900146484375,5930
2026-09-14 14:31:00+00:00,352.7200012207031,352.7200012207031,352.96990966796875,352.69000244140625,352.92999267578125,7142
2026-09-14 14:32:00+00:00,352.6199951171875,352.6199951171875,352.7200012207031,352.510009765625,352.7200012207031,21129
2026-09-14 14:33:00+00:00,352.5201110839844,352.5201110839844,352.6400146484375,352.3200988769531,352.6000061035156,11823
2026-09-14 14:34:00+00:00,352.68499755859375,352.68499755859375,352.7699890136719,352.5849914550781,352.5849914550781,8578
2026-09-14 14:35:00+00:00,352.510009765625,352.510009765625,352.7449951171875,352.4200134277344,352.7449951171875,7124
2026-09-14 14:36:00+00:00,352.29010009765625,352.29010009765625,352.50518798828125,352.1600036621094,352.43499755859375,8701
2026-09-14 14:37:00+00:00,352.3699951171875,352.3699951171875,352.4700012207031,352.260009765625,352.364990234375,8001
2026-09-14 14:38:00+00:00,352.364990234375,352.364990234375,352.54998779296875,352.2300109863281,352.3699951171875,12698
2026-09-14 14:39:00+00:00,352.2449951171875,352.2449951171875,352.3900146484375,352.19000244140625,352.364990234375,5264
2026-09-14 14:40:00+00:00,352.0400085449219,352.0400085449219,352.30999755859375,351.94000244140625,352.260009765625,8836
2026-09-14 14:41:00+00:00,351.82501220703125,351.82501220703125,352.1000061035156,351.79998779296875,352.0400085449219,8093
2026-09-14 14:42:00+00:00,351.44000244140625,351.44000244140625,351.7998962402344,351.36639404296875,351.760009765625,9502
2026-09-14 14:43:00+00:00,351.7900085449219,351.7900085449219,351.7900085449219,351.3599853515625,351.4049987792969,8230
2026-09-14 14:44:00+00:00,351.9800109863281,351.9800109863281,352.1698913574219,351.7900085449219,351.875,8559
2026-09-14 14:45:00+00:00,351.9849853515625,351.9849853515625,352.0799865722656,351.8500061035156,351.9200134277344,10043
2026-09-14 14:46:00+00:00,351.5249938964844,351.5249938964844,352.0751037597656,351.4512939453125,351.8800048828125,11124
2026-09-14 14:47:00+00:00,351.1700134277344,351.1700134277344,351.57000732421875,351.0899963378906,351.5299987792969,17092
2026-09-14 14:48:00+00:00,351.2300109863281,351.2300109863281,351.289306640625,351.04998779296875,351.125,9547
2026-09-14 14:49:00+00:00,351.1700134277344,351.1700134277344,351.42498779296875,351.1700134277344,351.2300109863281,21827
2026-09-14 14:50:00+00:00,351.4200134277344,351.4200134277344,351.5400085449219,351.1499938964844,351.1499938964844,9675
2026-09-14 14:51:00+00:00,351.2049865722656,351.2049865722656,351.4100036621094,350.989990234375,351.3699951171875,18875
2026-09-14 14:52:00+00:00,351.0899963378906,351.0899963378906,351.31988525390625,351.0400085449219,351.20001220703125,7351
2026-09-14 14:53:00+00:00,350.85009765625,350.85009765625,351.1199951171875,350.7699890136719,351.0199890136719,9286
2026-09-14 14:54:00+00:00,350.9150085449219,350.9150085449219,351.0299987792969,350.8599853515625,350.8999938964844,6588
2026-09-14 14:55:00+00:00,350.8299865722656,350.8299865722656,350.92498779296875,350.7300109863281,350.92498779296875,10800
2026-09-14 14:56:00+00:00,351.1766662597656,351.1766662597656,351.2300109863281,350.9100036621094,350.9100036621094,10339
2026-09-14 14:57:00+00:00,351.3500061035156,351.3500061035156,351.5199890136719,351.2300109863281,351.2300109863281,11978
2026-09-14 14:58:00+00:00,351.44500732421875,351.44500732421875,351.5350036621094,351.260009765625,351.3500061035156,10271
2026-09-14 14:59:00+00:00,351.5799865722656,351.5799865722656,351.625,351.3599853515625,351.44500732421875,10553
2026-09-14 15:00:00+00:00,351.385009765625,351.385009765625,351.6300048828125,351.2828063964844,351.6300048828125,13409
2026-09-14 15:01:00+00:00,351.2300109863281,351.2300109863281,351.3900146484375,351.1300048828125,351.3258056640625,6111
2026-09-14 15:02:00+00:00,351.2749938964844,351.2749938964844,351.4100036621094,351.0299987792969,351.2900085449219,14686
2026-09-14 15:03:00+00:00,351.44000244140625,351.44000244140625,351.5,351.210205078125,351.2749938964844,7603
2026-09-14 15:04:00+00:00,351.3599853515625,351.3599853515625,351.6400146484375,351.2799987792969,351.4999084472656,39070
2026-09-14 15:05:00+00:00,351.7200012207031,351.7200012207031,352.1099853515625,351.32000732421875,351.3399963378906,13466
2026-09-14 15:06:00+00:00,352.0799865722656,352.0799865722656,352.239990234375,351.79998779296875,351.80499267578125,20253
2026-09-14 15:07:00+00:00,351.8275146484375,351.8275146484375,352.1994934082031,351.7850036621094,352.07501220703125,3681
2026-09-14 15:08:00+00:00,351.4150085449219,351.4150085449219,351.81500244140625,351.25,351.81500244140625,5648
2026-09-14 15:09:00+00:00,351.1050109863281,351.1050109863281,351.489990234375,351.0799865722656,351.4150085449219,7932
2026-09-14 15:10:00+00:00,351.31500244140625,351.31500244140625,351.3900146484375,351.0199890136719,351.1050109863281,5661
2026-09-14 15:11:00+00:00,351.1449890136719,351.1449890136719,351.40899658203125,351.1449890136719,351.30999755859375,4515
2026-09-14 15:12:00+00:00,351.17498779296875,351.17498779296875,351.32000732421875,351.07501220703125,351.07501220703125,3809
2026-09-14 15:13:00+00:00,351.3900146484375,351.3900146484375,351.4800109863281,351.17498779296875,351.17498779296875,6955
2026-09-14 15:14:00+00:00,351.2099914550781,351.2099914550781,351.42999267578125,351.2099914550781,351.42999267578125,3809
2026-09-14 15:15:00+00:00,351.2699890136719,351.2699890136719,351.306884765625,351.010009765625,351.1099853515625,6105
2026-09-14 15:16:00+00:00,351.4599914550781,351.4599914550781,351.5299987792969,351.07000732421875,351.2699890136719,9601
2026-09-14 15:17:00+00:00,351.5350036621094,351.5350036621094,351.6000061035156,351.42999267578125,351.5899963378906,12852
2026-09-14 15:18:00+00:00,351.4750061035156,351.4750061035156,351.739990234375,351.4200134277344,351.5350036621094,7591
2026-09-14 15:19:00+00:00,351.5249938964844,351.5249938964844,351.6199951171875,351.3599853515625,351.4104919433594,5456
2026-09-14 15:20:00+00:00,351.56500244140625,351.56500244140625,351.67999267578125,351.4599914550781,351.55499267578125,8735
2026-09-14 15:21:00+00:00,351.32000732421875,351.32000732421875,351.6099853515625,351.32000732421875,351.6099853515625,8572
2026-09-14 15:22:00+00:00,351.2200012207031,351.2200012207031,351.3900146484375,351.2099914550781,351.3349914550781,10119
2026-09-14 15:23:00+00:00,351.2149963378906,351.2149963378906,351.2850036621094,351.1700134277344,351.2099914550781,3913
2026-09-14 15:24:00+00:00,351.54998779296875,351.54998779296875,351.54998779296875,351.1600036621094,351.17999267578125,6473
2026-09-14 15:25:00+00:00,351.5398864746094,351.5398864746094,351.8500061035156,351.45880126953125,351.6300048828125,10716
2026-09-14 15:26:00+00:00,351.44000244140625,351.44000244140625,351.4800109863281,351.3500061035156,351.4649963378906,3614
2026-09-14 15:27:00+00:00,351.3299865722656,351.3299865722656,351.4750061035156,351.2925109863281,351.4599914550781,4573
2026-09-14 15:28:00+00:00,351.43499755859375,351.43499755859375,351.4560852050781,351.30999755859375,351.30999755859375,5237
2026-09-14 15:29:00+00:00,351.3999938964844,351.3999938964844,351.57000732421875,351.2900085449219,351.4599914550781,19406
2026-09-14 15:30:00+00:00,351.44500732421875,351.44500732421875,351.5,351.2699890136719,351.32000732421875,6516
2026-09-14 15:31:00+00:00,351.3699951171875,351.3699951171875,351.5199890136719,351.3500061035156,351.4200134277344,6098
2026-09-14 15:32:00+00:00,351.3800048828125,351.3800048828125,351.7900085449219,351.3299865722656,351.3699951171875,17945
2026-09-14 15:33:00+00:00,350.9599914550781,350.9599914550781,351.4549865722656,350.80999755859375,351.4549865722656,11589
2026-09-14 15:34:00+00:00,350.8550109863281,350.8550109863281,351.1099853515625,350.6300048828125,351.0050048828125,14707
2026-09-14 15:35:00+00:00,350.8800048828125,350.8800048828125,351.0899963378906,350.86090087890625,350.8999938964844,11716
2026-09-14 15:36:00+00:00,350.6099853515625,350.6099853515625,350.9049987792969,350.5799865722656,350.9049987792969,7767
2026-09-14 15:37:00+00:00,350.7349853515625,350.7349853515625,350.8299865722656,350.5799865722656,350.6199951171875,16511
2026-09-14 15:38:00+00:00,350.94000244140625,350.94000244140625,350.989990234375,350.5199890136719,350.6000061035156,20223
2026-09-14 15:39:00+00:00,351.0950012207031,351.0950012207031,351.0950012207031,350.7900085449219,350.94000244140625,7655
2026-09-14 15:40:00+00:00,351.17999267578125,351.17999267578125,351.2200012207031,350.95001220703125,351.0799865722656,15491
2026-09-14 15:41:00+00:00,351.3810119628906,351.3810119628906,351.3810119628906,351.1361999511719,351.2349853515625,7986
2026-09-14 15:42:00+00:00,351.44000244140625,351.44000244140625,351.5,351.2699890136719,351.2699890136719,9761
2026-09-14 15:43:00+00:00,351.6099853515625,351.6099853515625,351.7799987792969,351.25,351.44000244140625,13901
2026-09-14 15:44:00+00:00,351.8299865722656,351.8299865722656,351.8800048828125,351.55999755859375,351.55999755859375,6013
2026-09-14 15:45:00+00:00,351.635009765625,351.635009765625,351.8999938964844,351.5799865722656,351.8299865722656,8033
2026-09-14 15:46:00+00:00,351.57501220703125,351.57501220703125,351.57501220703125,351.3699951171875,351.54998779296875,6404
2026-09-14 15:47:00+00:00,351.5950012207031,351.5950012207031,351.70001220703125,351.4892883300781,351.57501220703125,7347
2026-09-14 15:48:00+00:00,351.5201110839844,351.5201110839844,351.614990234375,351.4200134277344,351.55999755859375,6807
2026-09-14 15:49:00+00:00,351.4700012207031,351.4700012207031,351.6199951171875,351.4700012207031,351.5199890136719,4896
2026-09-14 15:50:00+00:00,351.4849853515625,351.4849853515625,351.55999755859375,351.41009521484375,351.4700012207031,4822
2026-09-14 15:51:00+00:00,351.6400146484375,351.6400146484375,351.69000244140625,351.489990234375,351.489990234375,12795
2026-09-14 15:52:00+00:00,351.8599853515625,351.8599853515625,351.93499755859375,351.625,351.625,13622
2026-09-14 15:53:00+00:00,351.9599914550781,351.9599914550781,351.9800109863281,351.7200012207031,351.8599853515625,8041
2026-09-14 15:54:00+00:00,352.04998779296875,352.04998779296875,352.0899963378906,351.9200134277344,352.0,16824
2026-09-14 15:55:00+00:00,352.1073913574219,352.1073913574219,352.2699890136719,352.0,352.04998779296875,12235
2026-09-14 15:56:00+00:00,351.82501220703125,351.82501220703125,352.1300048828125,351.7892150878906,352.1300048828125,9603
2026-09-14 15:57:00+00:00,351.6499938964844,351.6499938964844,351.822509765625,351.5199890136719,351.79998779296875,15076
2026-09-14 15:58:00+00:00,351.6400146484375,351.6400146484375,351.7950134277344,351.6099853515625,351.6300048828125,7018
2026-09-14 15:59:00+00:00,351.5400085449219,351.5400085449219,351.6600036621094,351.5299987792969,351.6600036621094,3906
2026-09-14 16:00:00+00:00,351.67999267578125,351.67999267578125,351.9100036621094,351.4800109863281,351.6000061035156,10658
2026-09-14 16:01:00+00:00,351.42999267578125,351.42999267578125,351.82000732421875,351.42999267578125,351.7300109863281,8689
2026-09-14 16:02:00+00:00,351.55999755859375,351.55999755859375,351.55999755859375,351.4100036621094,351.4200134277344,5246
2026-09-14 16:03:00+00:00,351.6650085449219,351.6650085449219,351.69000244140625,351.5201110839844,351.5450134277344,4698
2026-09-14 16:04:00+00:00,351.6099853515625,351.6099853515625,351.6650085449219,351.5321044921875,351.6650085449219,3481
2026-09-14 16:05:00+00:00,351.6199951171875,351.6199951171875,351.6300048828125,351.55999755859375,351.6099853515625,6173
2026-09-14 16:06:00+00:00,351.7799987792969,351.7799987792969,351.7799987792969,351.55999755859375,351.5711975097656,4353
2026-09-14 16:07:00+00:00,352.0199890136719,352.0199890136719,352.0199890136719,351.739990234375,351.7650146484375,7368
2026-09-14 16:08:00+00:00,351.7550048828125,351.7550048828125,351.989990234375,351.6499938964844,351.989990234375,4625
2026-09-14 16:09:00+00:00,351.739990234375,351.739990234375,351.8500061035156,351.6736145019531,351.69000244140625,9220
2026-09-14 16:10:00+00:00,351.42999267578125,351.42999267578125,351.7799987792969,351.32000732421875,351.7799987792969,9826
2026-09-14 16:11:00+00:00,351.3299865722656,351.3299865722656,351.45001220703125,351.1600036621094,351.45001220703125,7564
2026-09-14 16:12:00+00:00,351.4200134277344,351.4200134277344,351.44000244140625,351.35009765625,351.3999938964844,3312
2026-09-14 16:13:00+00:00,351.2099914550781,351.2099914550781,351.3599853515625,351.1400146484375,351.3500061035156,7683
2026-09-14 16:14:00+00:00,351.17999267578125,351.17999267578125,351.29998779296875,351.07000732421875,351.2099914550781,8123
2026-09-14 16:15:00+00:00,351.2300109863281,351.2300109863281,351.30999755859375,351.07000732421875,351.1000061035156,14549
2026-09-14 16:16:00+00:00,351.19000244140625,351.19000244140625,351.3900146484375,351.1300048828125,351.2250061035156,10336
2026-09-14 16:17:00+00:00,351.2300109863281,351.2300109863281,351.25,351.04998779296875,351.2250061035156,4236
2026-09-14 16:18:00+00:00,351.43499755859375,351.43499755859375,351.44500732421875,351.1000061035156,351.2349853515625,5427
2026-09-14 16:19:00+00:00,351.45001220703125,351.45001220703125,351.5,351.3399963378906,351.3949890136719,4287
2026-09-14 16:20:00+00:00,351.3100891113281,351.3100891113281,351.4599914550781,351.2049865722656,351.43499755859375,9061
2026-09-14 16:21:00+00:00,351.2200012207031,351.2200012207031,351.4599914550781,351.1499938964844,351.4200134277344,3868
2026-09-14 16:22:00+00:00,351.3699951171875,351.3699951171875,351.4599914550781,351.2701110839844,351.2900085449219,7176
2026-09-14 16:23:00+00:00,351.3299865722656,351.3299865722656,351.42498779296875,351.2099914550781,351.42498779296875,6869
2026-09-14 16:24:00+00:00,351.68560791015625,351.68560791015625,351.7049865722656,351.3349914550781,351.3349914550781,5771
2026-09-14 16:25:00+00:00,351.67498779296875,351.67498779296875,351.739990234375,351.510009765625,351.6000061035156,4179
2026-09-14 16:26:00+00:00,351.57501220703125,351.57501220703125,351.67999267578125,351.4800109863281,351.6300048828125,3692
2026-09-14 16:27:00+00:00,351.7699890136719,351.7699890136719,351.7699890136719,351.4599914550781,351.5,5817
2026-09-14 16:28:00+00:00,351.75,351.75,351.7809143066406,351.7200012207031,351.7799987792969,1659
2026-09-14 16:29:00+00:00,352.0398864746094,352.0398864746094,352.0398864746094,351.75,351.75,18402
2026-09-14 16:30:00+00:00,352.20989990234375,352.20989990234375,352.20989990234375,351.9200134277344,351.9200134277344,7611
2026-09-14 16:31:00+00:00,352.2300109863281,352.2300109863281,352.364990234375,351.9800109863281,352.1600036621094,9861
2026-09-14 16:32:00+00:00,352.32000732421875,352.32000732421875,352.3999938964844,352.19000244140625,352.2698974609375,8214
2026-09-14 16:33:00+00:00,352.32000732421875,352.32000732421875,352.32000732421875,352.1199951171875,352.2799987792969,4152
2026-09-14 16:34:00+00:00,352.1199951171875,352.1199951171875,352.42999267578125,352.0799865722656,352.2950134277344,7777
2026-09-14 16:35:00+00:00,352.05999755859375,352.05999755859375,352.1099853515625,352.010009765625,352.0400085449219,3493
2026-09-14 16:36:00+00:00,351.989990234375,351.989990234375,352.05999755859375,351.8800964355469,352.05999755859375,10097
2026-09-14 16:37:00+00:00,351.8949890136719,351.8949890136719,351.9800109863281,351.7601013183594,351.9800109863281,5912
2026-09-14 16:38:00+00:00,351.92999267578125,351.92999267578125,351.95001220703125,351.860107421875,351.92999267578125,3421
2026-09-14 16:39:00+00:00,352.010009765625,352.010009765625,352.0199890136719,351.8900146484375,351.9200134277344,4978
2026-09-14 16:40:00+00:00,352.1700134277344,352.1700134277344,352.20001220703125,351.9305114746094,352.0150146484375,4890
2026-09-14 16:41:00+00:00,352.19000244140625,352.19000244140625,352.32000732421875,352.1405944824219,352.19500732421875,6081
2026-09-14 16:42:00+00:00,352.2200012207031,352.2200012207031,352.30499267578125,352.17999267578125,352.260009765625,5517
2026-09-14 16:43:00+00:00,352.30999755859375,352.30999755859375,352.3799133300781,352.1600036621094,352.2200012207031,3089
2026-09-14 16:44:00+00:00,352.2705078125,352.2705078125,352.32000732421875,352.239990234375,352.25,1858
2026-09-14 16:45:00+00:00,352.1099853515625,352.1099853515625,352.3299865722656,352.04998779296875,352.3299865722656,4814
2026-09-14 16:46:00+00:00,352.17498779296875,352.17498779296875,352.239990234375,352.1199951171875,352.1700134277344,2722
2026-09-14 16:47:00+00:00,352.3500061035156,352.3500061035156,352.55999755859375,352.1105041503906,352.1105041503906,10343
2026-09-14 16:48:00+00:00,352.7300109863281,352.7300109863281,352.7699890136719,352.32000732421875,352.3999938964844,18813
2026-09-14 16:49:00+00:00,352.7200012207031,352.7200012207031,352.9494934082031,352.70001220703125,352.739990234375,13073
2026-09-14 16:50:00+00:00,352.6400146484375,352.6400146484375,352.7676086425781,352.5299987792969,352.6600036621094,7728
2026-09-14 16:51:00+00:00,352.7550048828125,352.7550048828125,352.7799987792969,352.5799865722656,352.5899963378906,4805
2026-09-14 16:52:00+00:00,353.05999755859375,353.05999755859375,353.05999755859375,352.7300109863281,352.80999755859375,6662
2026-09-14 16:53:00+00:00,352.885009765625,352.885009765625,353.1000061035156,352.79998779296875,352.989990234375,2997
2026-09-14 16:54:00+00:00,352.9100036621094,352.9100036621094,352.92999267578125,352.7200012207031,352.79998779296875,4083
2026-09-14 16:55:00+00:00,352.6600036621094,352.6600036621094,352.9100036621094,352.6600036621094,352.9100036621094,6306
2026-09-14 16:56:00+00:00,352.6099853515625,352.6099853515625,352.739990234375,352.54998779296875,352.6099853515625,5118
2026-09-14 16:57:00+00:00,352.6600036621094,352.6600036621094,352.760009765625,352.6099853515625,352.6700134277344,4138
2026-09-14 16:58:00+00:00,352.7099914550781,352.7099914550781,352.760009765625,352.60650634765625,352.60650634765625,5547
2026-09-14 16:59:00+00:00,352.989990234375,352.989990234375,353.09991455078125,352.7850036621094,352.7900085449219,3663
2026-09-14 17:00:00+00:00,353.135009765625,353.135009765625,353.1463623046875,352.8999938964844,352.9200134277344,12142
2026-09-14 17:01:00+00:00,353.135009765625,353.135009765625,353.15521240234375,353.010009765625,353.135009765625,4504
2026-09-14 17:02:00+00:00,353.2099914550781,353.2099914550781,353.2900085449219,353.1300048828125,353.135009765625,13259
2026-09-14 17:03:00+00:00,353.3299865722656,353.3299865722656,353.3349914550781,353.19000244140625,353.2650146484375,4922
2026-09-14 17:04:00+00:00,353.2850036621094,353.2850036621094,353.32000732421875,353.1700134277344,353.2850036621094,5169
2026-09-14 17:05:00+00:00,353.2749938964844,353.2749938964844,353.39569091796875,353.2099914550781,353.260009765625,5366
2026-09-14 17:06:00+00:00,353.3450012207031,353.3450012207031,353.375,353.21551513671875,353.21551513671875,3768
2026-09-14 17:07:00+00:00,353.05999755859375,353.05999755859375,353.4200134277344,352.9700012207031,353.4200134277344,4099
2026-09-14 17:08:00+00:00,352.9849853515625,352.9849853515625,353.0899963378906,352.9800109863281,353.06500244140625,3288
2026-09-14 17:09:00+00:00,352.2117919921875,352.2117919921875,352.94000244140625,351.7450866699219,352.92999267578125,58057
2026-09-14 17:10:00+00:00,352.1199951171875,352.1199951171875,352.55450439453125,352.0299987792969,352.3699951171875,7782
2026-09-14 17:11:00+00:00,351.7601013183594,351.7601013183594,352.0799865722656,351.69000244140625,352.0799865722656,9977
2026-09-14 17:12:00+00:00,350.94000244140625,350.94000244140625,352.0849914550781,350.8900146484375,351.7099914550781,28829
2026-09-14 17:13:00+00:00,350.6900939941406,350.6900939941406,351.3599853515625,350.6900939941406,351.0150146484375,12704
2026-09-14 17:14:00+00:00,349.3699951171875,349.3699951171875,350.69500732421875,349.3699951171875,350.69000244140625,51900
2026-09-14 17:15:00+00:00,349.80999755859375,349.80999755859375,349.8479919433594,349.0,349.375,37337
2026-09-14 17:16:00+00:00,350.5199890136719,350.5199890136719,350.79998779296875,349.3699951171875,349.6300048828125,47235
2026-09-14 17:17:00+00:00,350.69500732421875,350.69500732421875,350.7200012207031,350.0,350.3999938964844,21848
2026-09-14 17:18:00+00:00,351.010009765625,351.010009765625,351.19000244140625,350.3599853515625,350.7300109863281,38538
2026-09-14 17:19:00+00:00,350.2200012207031,350.2200012207031,351.2499084472656,350.2099914550781,351.0,24990
2026-09-14 17:20:00+00:00,350.5849914550781,350.5849914550781,350.8800048828125,350.18499755859375,350.2099914550781,15407
2026-09-14 17:21:00+00:00,350.55499267578125,350.55499267578125,351.1000061035156,350.30999755859375,350.7200012207031,22740
2026-09-14 17:22:00+00:00,351.239990234375,351.239990234375,351.4599914550781,350.44000244140625,350.6199951171875,38108
2026-09-14 17:23:00+00:00,350.1199951171875,350.1199951171875,351.3240051269531,350.0899963378906,351.19000244140625,23579
2026-09-14 17:24:00+00:00,349.7200012207031,349.7200012207031,350.1650085449219,349.45001220703125,350.1650085449219,26434
2026-09-14 17:25:00+00:00,350.06500244140625,350.06500244140625,350.1499938964844,349.7699890136719,349.7749938964844,9455
2026-09-14 17:26:00+00:00,349.7950134277344,349.7950134277344,350.1499938964844,349.3800048828125,350.06500244140625,19456
2026-09-14 17:27:00+00:00,349.6600036621094,349.6600036621094,349.82501220703125,349.3699951171875,349.6600036621094,20772
2026-09-14 17:28:00+00:00,349.9700012207031,349.9700012207031,350.2699890136719,349.57000732421875,349.7799987792969,43418
2026-09-14 17:29:00+00:00,349.739990234375,349.739990234375,350.1526184082031,349.5700988769531,350.0,16990
2026-09-14 17:30:00+00:00,349.9200134277344,349.9200134277344,349.9800109863281,349.57000732421875,349.7900085449219,16069
2026-09-14 17:31:00+00:00,349.7449951171875,349.7449951171875,350.3999938964844,349.701904296875,349.989990234375,12736
2026-09-14 17:32:00+00:00,349.6099853515625,349.6099853515625,349.7950134277344,349.5199890136719,349.7449951171875,8809
2026-09-14 17:33:00+00:00,349.6000061035156,349.6000061035156,349.67999267578125,349.3599853515625,349.510009765625,35225
2026-09-14 17:34:00+00:00,349.2149963378906,349.2149963378906,349.69000244140625,349.2149963378906,349.6600036621094,11744
2026-09-14 17:35:00+00:00,349.5400085449219,349.5400085449219,349.7049865722656,349.1499938964844,349.2149963378906,11618
2026-09-14 17:36:00+00:00,349.7749938964844,349.7749938964844,349.8299865722656,349.3399963378906,349.45001220703125,4180
2026-09-14 17:37:00+00:00,349.114990234375,349.114990234375,349.7699890136719,349.0,349.7699890136719,8638
2026-09-14 17:38:00+00:00,349.19000244140625,349.19000244140625,349.75,349.1000061035156,349.17999267578125,7896
2026-09-14 17:39:00+00:00,348.70001220703125,348.70001220703125,349.2799987792969,348.70001220703125,349.2099914550781,20696
2026-09-14 17:40:00+00:00,348.7099914550781,348.7099914550781,348.8900146484375,348.5,348.7099914550781,12124
2026-09-14 17:41:00+00:00,348.6700134277344,348.6700134277344,348.7099914550781,348.42999267578125,348.6600036621094,8293
2026-09-14 17:42:00+00:00,348.135009765625,348.135009765625,348.75,348.1000061035156,348.5899963378906,20916
2026-09-14 17:43:00+00:00,348.375,348.375,348.5,348.0150146484375,348.1097106933594,27008
2026-09-14 17:44:00+00:00,348.3999938964844,348.3999938964844,348.5799865722656,348.17999267578125,348.30999755859375,23340
2026-09-14 17:45:00+00:00,348.2200012207031,348.2200012207031,348.5487976074219,348.1700134277344,348.3599853515625,11896
2026-09-14 17:46:00+00:00,347.8099060058594,347.8099060058594,348.4049987792969,347.6099853515625,348.375,34660
2026-09-14 17:47:00+00:00,348.1199951171875,348.1199951171875,348.19000244140625,347.6000061035156,347.7099914550781,20672
2026-09-14 17:48:00+00:00,347.8999938964844,347.8999938964844,348.385009765625,347.8999938964844,348.1199951171875,20690
2026-09-14 17:49:00+00:00,347.8999938964844,347.8999938964844,348.139892578125,347.8800048828125,347.9901123046875,5845
2026-09-14 17:50:00+00:00,347.79998779296875,347.79998779296875,348.1600036621094,347.79998779296875,347.9599914550781,11046
2026-09-14 17:51:00+00:00,347.79998779296875,347.79998779296875,347.989990234375,347.7900085449219,347.7900085449219,13956
2026-09-14 17:52:00+00:00,347.7900085449219,347.7900085449219,347.79998779296875,347.5450134277344,347.7799987792969,20099
2026-09-14 17:53:00+00:00,348.2200012207031,348.2200012207031,348.2200012207031,347.69000244140625,347.7300109863281,14794
2026-09-14 17:54:00+00:00,348.5150146484375,348.5150146484375,348.5150146484375,348.1099853515625,348.1099853515625,13608
2026-09-14 17:55:00+00:00,348.2449951171875,348.2449951171875,348.55999755859375,348.1600036621094,348.5350036621094,13427
2026-09-14 17:56:00+00:00,348.6199951171875,348.6199951171875,348.6300048828125,348.1400146484375,348.2449951171875,14214
2026-09-14 17:57:00+00:00,348.5249938964844,348.5249938964844,348.69000244140625,348.364990234375,348.55999755859375,24328
2026-09-14 17:58:00+00:00,348.17999267578125,348.17999267578125,348.5989990234375,348.17999267578125,348.45001220703125,13370
2026-09-14 17:59:00+00:00,348.614990234375,348.614990234375,348.6700134277344,348.239990234375,348.3699951171875,13651
2026-09-14 18:00:00+00:00,349.0050048828125,349.0050048828125,349.1099853515625,348.4599914550781,348.614990234375,18212
2026-09-14 18:01:00+00:00,348.79998779296875,348.79998779296875,348.94000244140625,348.70001220703125,348.9100036621094,12319
2026-09-14 18:02:00+00:00,348.510009765625,348.510009765625,348.89990234375,348.510009765625,348.8099060058594,20228
2026-09-14 18:03:00+00:00,348.9649963378906,348.9649963378906,349.04998779296875,348.5799865722656,348.5799865722656,22916
2026-09-14 18:04:00+00:00,349.1000061035156,349.1000061035156,349.1499938964844,348.8399963378906,348.9700012207031,9727
2026-09-14 18:05:00+00:00,348.9599914550781,348.9599914550781,349.20001220703125,348.8203125,349.135009765625,7510
2026-09-14 18:06:00+00:00,348.6499938964844,348.6499938964844,348.8900146484375,348.4200134277344,348.8900146484375,13620
2026-09-14 18:07:00+00:00,349.1700134277344,349.1700134277344,349.17999267578125,348.7099914550781,348.7099914550781,6794
2026-09-14 18:08:00+00:00,349.239990234375,349.239990234375,349.32000732421875,348.8599853515625,349.114990234375,9506
2026-09-14 18:09:00+00:00,349.05999755859375,349.05999755859375,349.2149963378906,348.9547119140625,349.1893005371094,9551
2026-09-14 18:10:00+00:00,348.82501220703125,348.82501220703125,349.1400146484375,348.7799987792969,349.0625,4740
2026-09-14 18:11:00+00:00,348.6099853515625,348.6099853515625,348.9599914550781,348.6000061035156,348.8550109863281,16865
2026-09-14 18:12:00+00:00,348.3190002441406,348.3190002441406,348.6050109863281,348.1099853515625,348.5799865722656,10190
2026-09-14 18:13:00+00:00,348.2049865722656,348.2049865722656,348.32000732421875,348.1700134277344,348.2149963378906,8479
2026-09-14 18:14:00+00:00,348.375,348.375,348.5799865722656,348.19000244140625,348.239990234375,10671
2026-09-14 18:15:00+00:00,348.9649963378906,348.9649963378906,348.9649963378906,348.4599914550781,348.4700012207031,4980
2026-09-14 18:16:00+00:00,349.12689208984375,349.12689208984375,349.12689208984375,348.7900085449219,348.8550109863281,7078
2026-09-14 18:17:00+00:00,349.1300048828125,349.1300048828125,349.1700134277344,349.01300048828125,349.1300048828125,4869
2026-09-14 18:18:00+00:00,349.17498779296875,349.17498779296875,349.2900085449219,349.05999755859375,349.1600036621094,5247
2026-09-14 18:19:00+00:00,349.0400085449219,349.0400085449219,349.2998962402344,349.010009765625,349.19000244140625,5569
2026-09-14 18:20:00+00:00,349.20001220703125,349.20001220703125,349.2699890136719,349.0270080566406,349.0350036621094,7619
2026-09-14 18:21:00+00:00,349.2300109863281,349.2300109863281,349.42999267578125,349.2124938964844,349.2124938964844,8983
2026-09-14 18:22:00+00:00,349.427490234375,349.427490234375,349.4800109863281,349.0799865722656,349.2099914550781,8162
2026-09-14 18:23:00+00:00,349.5050048828125,349.5050048828125,349.6000061035156,349.4200134277344,349.4800109863281,12905
2026-09-14 18:24:00+00:00,349.67010498046875,349.67010498046875,349.82000732421875,349.5050048828125,349.55999755859375,11815
2026-09-14 18:25:00+00:00,349.9150085449219,349.9150085449219,349.9150085449219,349.70001220703125,349.7550048828125,13418
2026-09-14 18:26:00+00:00,349.31500244140625,349.31500244140625,350.0,349.31500244140625,349.9200134277344,14160
2026-09-14 18:27:00+00:00,348.9750061035156,348.9750061035156,349.3900146484375,348.9750061035156,349.32000732421875,9345
2026-09-14 18:28:00+00:00,348.67999267578125,348.67999267578125,348.9949951171875,348.67999267578125,348.9649963378906,8082
2026-09-14 18:29:00+00:00,348.7250061035156,348.7250061035156,348.8500061035156,348.66009521484375,348.66009521484375,5394
2026-09-14 18:30:00+00:00,348.7099914550781,348.7099914550781,348.8599853515625,348.7099914550781,348.760009765625,9558
2026-09-14 18:31:00+00:00,348.8399963378906,348.8399963378906,348.9100036621094,348.6499938964844,348.7349853515625,21783
2026-09-14 18:32:00+00:00,348.8500061035156,348.8500061035156,348.9700012207031,348.625,348.8999938964844,25847
2026-09-14 18:33:00+00:00,349.0299987792969,349.0299987792969,349.080810546875,348.75,348.7799987792969,20452
2026-09-14 18:34:00+00:00,348.8900146484375,348.8900146484375,349.1300048828125,348.8900146484375,348.989990234375,13334
2026-09-14 18:35:00+00:00,349.1099853515625,349.1099853515625,349.1199951171875,348.8500061035156,348.9100036621094,7642
2026-09-14 18:36:00+00:00,349.0450134277344,349.0450134277344,349.1958923339844,349.0,349.08770751953125,11673
2026-09-14 18:37:00+00:00,349.010009765625,349.010009765625,349.1449890136719,348.95001220703125,349.010009765625,15103
2026-09-14 18:38:00+00:00,348.94500732421875,348.94500732421875,349.0,348.8500061035156,348.9800109863281,6922
2026-09-14 18:39:00+00:00,348.9800109863281,348.9800109863281,349.1000061035156,348.8999938964844,348.94500732421875,8517
2026-09-14 18:40:00+00:00,349.2398986816406,349.2398986816406,349.239990234375,348.95001220703125,348.9750061035156,12237
2026-09-14 18:41:00+00:00,349.5400085449219,349.5400085449219,349.5400085449219,349.239990234375,349.239990234375,12724
2026-09-14 18:42:00+00:00,349.81500244140625,349.81500244140625,349.83551025390625,349.45001220703125,349.5400085449219,11575
2026-09-14 18:43:00+00:00,349.989990234375,349.989990234375,350.0,349.82000732421875,349.864990234375,5987
2026-09-14 18:44:00+00:00,350.32000732421875,350.32000732421875,350.4599914550781,349.95001220703125,349.9750061035156,21712
2026-09-14 18:45:00+00:00,350.4949951171875,350.4949951171875,350.4949951171875,350.222412109375,350.30999755859375,10396
2026-09-14 18:46:00+00:00,350.25,350.25,350.5244140625,350.16009521484375,350.4599914550781,21980
2026-09-14 18:47:00+00:00,349.92999267578125,349.92999267578125,350.27850341796875,349.8699951171875,350.1700134277344,44201
2026-09-14 18:48:00+00:00,350.2799987792969,350.2799987792969,350.3699951171875,349.8699951171875,349.9049987792969,11944
2026-09-14 18:49:00+00:00,350.1199951171875,350.1199951171875,350.32501220703125,350.0899963378906,350.32501220703125,8657
2026-09-14 18:50:00+00:00,350.3900146484375,350.3900146484375,350.404296875,350.2200012207031,350.2799987792969,6740
2026-09-14 18:51:00+00:00,350.1199951171875,350.1199951171875,350.375,350.1058044433594,350.3699951171875,13402
2026-09-14 18:52:00+00:00,350.17999267578125,350.17999267578125,350.260009765625,350.05999755859375,350.1600036621094,8303
2026-09-14 18:53:00+00:00,350.2749938964844,350.2749938964844,350.32000732421875,350.1452941894531,350.17999267578125,11445
2026-09-14 18:54:00+00:00,350.4599914550781,350.4599914550781,350.47808837890625,350.25,350.2799987792969,7133
2026-09-14 18:55:00+00:00,350.4800109863281,350.4800109863281,350.6499938964844,350.364990234375,350.43499755859375,19980
2026-09-14 18:56:00+00:00,350.4049987792969,350.4049987792969,350.55999755859375,350.3800048828125,350.4750061035156,8083
2026-09-14 18:57:00+00:00,350.4750061035156,350.4750061035156,350.5400085449219,350.3900146484375,350.45001220703125,7712
2026-09-14 18:58:00+00:00,350.2986145019531,350.2986145019531,350.4700012207031,350.20001220703125,350.4599914550781,13183
2026-09-14 18:59:00+00:00,350.5,350.5,350.6549987792969,350.25,350.3399963378906,13783
2026-09-14 19:00:00+00:00,350.55499267578125,350.55499267578125,350.67999267578125,350.2799987792969,350.5350036621094,17491
2026-09-14 19:01:00+00:00,350.110107421875,350.110107421875,350.5950012207031,350.110107421875,350.5899963378906,7178
2026-09-14 19:02:00+00:00,350.1300048828125,350.1300048828125,350.19000244140625,349.8800048828125,350.1449890136719,19445
2026-09-14 19:03:00+00:00,350.1549987792969,350.1549987792969,350.239990234375,350.0199890136719,350.1400146484375,7506
2026-09-14 19:04:00+00:00,350.0400085449219,350.0400085449219,350.2200012207031,349.9599914550781,350.1549987792969,15982
2026-09-14 19:05:00+00:00,350.13970947265625,350.13970947265625,350.2799987792969,349.989990234375,350.1300048828125,5641
2026-09-14 19:06:00+00:00,350.1368103027344,350.1368103027344,350.2900085449219,350.1368103027344,350.20001220703125,5637
2026-09-14 19:07:00+00:00,350.1700134277344,350.1700134277344,350.235107421875,350.07000732421875,350.17498779296875,7049
2026-09-14 19:08:00+00:00,350.32000732421875,350.32000732421875,350.3800048828125,350.1000061035156,350.1700134277344,7495
2026-09-14 19:09:00+00:00,350.1600036621094,350.1600036621094,350.32000732421875,350.1600036621094,350.2799987792969,7088
2026-09-14 19:10:00+00:00,350.2300109863281,350.2300109863281,350.3500061035156,350.05999755859375,350.1099853515625,12502
2026-09-14 19:11:00+00:00,350.04998779296875,350.04998779296875,350.20001220703125,349.95001220703125,350.20001220703125,4335
2026-09-14 19:12:00+00:00,349.95001220703125,349.95001220703125,350.1700134277344,349.8500061035156,350.0299987792969,12200
2026-09-14 19:13:00+00:00,350.0675048828125,350.0675048828125,350.0899963378906,350.010009765625,350.010009765625,3588
2026-09-14 19:14:00+00:00,350.25,350.25,350.32000732421875,349.9700012207031,350.0299987792969,9203
2026-09-14 19:15:00+00:00,350.42999267578125,350.42999267578125,350.42999267578125,350.17999267578125,350.2149963378906,6649
2026-09-14 19:16:00+00:00,350.17498779296875,350.17498779296875,350.3999938964844,350.17498779296875,350.3999938964844,12195
2026-09-14 19:17:00+00:00,350.32000732421875,350.32000732421875,350.3299865722656,350.18499755859375,350.19500732421875,6954
2026-09-14 19:18:00+00:00,350.42498779296875,350.42498779296875,350.4700012207031,350.2950134277344,350.2950134277344,7827
2026-09-14 19:19:00+00:00,350.25,350.25,350.54998779296875,350.25,350.42999267578125,7625
2026-09-14 19:20:00+00:00,350.135009765625,350.135009765625,350.2250061035156,350.0639953613281,350.18499755859375,9181
2026-09-14 19:21:00+00:00,350.07501220703125,350.07501220703125,350.17999267578125,350.07000732421875,350.1199951171875,5810
2026-09-14 19:22:00+00:00,349.9750061035156,349.9750061035156,350.17999267578125,349.9505920410156,350.1000061035156,7985
2026-09-14 19:23:00+00:00,349.92999267578125,349.92999267578125,350.04998779296875,349.92999267578125,349.94000244140625,7586
2026-09-14 19:24:00+00:00,349.90008544921875,349.90008544921875,349.9800109863281,349.8399963378906,349.92138671875,10302
2026-09-14 19:25:00+00:00,350.0450134277344,350.0450134277344,350.1300048828125,349.92498779296875,349.94989013671875,13277
2026-09-14 19:26:00+00:00,349.4100036621094,349.4100036621094,350.0199890136719,349.4100036621094,350.0101013183594,12621
2026-09-14 19:27:00+00:00,349.239990234375,349.239990234375,349.4649963378906,349.1957092285156,349.4649963378906,12576
2026-09-14 19:28:00+00:00,349.1229553222656,349.1229553222656,349.239990234375,349.0199890136719,349.20001220703125,8218
2026-09-14 19:29:00+00:00,349.0799865722656,349.0799865722656,349.3800048828125,349.0799865722656,349.0799865722656,8012
2026-09-14 19:30:00+00:00,349.05999755859375,349.05999755859375,349.3299865722656,348.8900146484375,349.19000244140625,42408
2026-09-14 19:31:00+00:00,349.25,349.25,349.2699890136719,348.95001220703125,349.125,26594
2026-09-14 19:32:00+00:00,349.0010986328125,349.0010986328125,349.32000732421875,349.0010986328125,349.25,12851
2026-09-14 19:33:00+00:00,349.04998779296875,349.04998779296875,349.17999267578125,348.97100830078125,349.1700134277344,12330
2026-09-14 19:34:00+00:00,349.7699890136719,349.7699890136719,349.9599914550781,349.0199890136719,349.0799865722656,35015
2026-09-14 19:35:00+00:00,349.239990234375,349.239990234375,350.0,348.8299865722656,349.8299865722656,37503
2026-09-14 19:36:00+00:00,349.44000244140625,349.44000244140625,349.5299987792969,349.2149963378906,349.3299865722656,18878
2026-09-14 19:37:00+00:00,349.4800109863281,349.4800109863281,349.79998779296875,349.3575134277344,349.3599853515625,15006
2026-09-14 19:38:00+00:00,349.9200134277344,349.9200134277344,350.0,349.510009765625,349.5400085449219,21486
2026-09-14 19:39:00+00:00,350.0450134277344,350.0450134277344,350.19500732421875,349.8500061035156,349.9100036621094,37608
2026-09-14 19:40:00+00:00,350.0799865722656,350.0799865722656,350.17999267578125,349.9949951171875,350.0450134277344,14616
2026-09-14 19:41:00+00:00,349.989990234375,349.989990234375,350.1199951171875,349.79998779296875,350.0799865722656,17706
2026-09-14 19:42:00+00:00,349.8900146484375,349.8900146484375,350.2850036621094,349.8800048828125,350.0150146484375,19089
2026-09-14 19:43:00+00:00,350.07000732421875,350.07000732421875,350.13641357421875,349.7699890136719,349.93499755859375,15531
2026-09-14 19:44:00+00:00,350.1549987792969,350.1549987792969,350.3900146484375,349.989990234375,350.07000732421875,14983
2026-09-14 19:45:00+00:00,350.1000061035156,350.1000061035156,350.3349914550781,350.0299987792969,350.1700134277344,15212
2026-09-14 19:46:00+00:00,350.05999755859375,350.05999755859375,350.19000244140625,349.989990234375,350.1199951171875,12081
2026-09-14 19:47:00+00:00,350.17498779296875,350.17498779296875,350.2200012207031,350.03009033203125,350.0899963378906,9379
2026-09-14 19:48:00+00:00,350.1300048828125,350.1300048828125,350.239990234375,349.989990234375,350.2200012207031,16549
2026-09-14 19:49:00+00:00,350.1449890136719,350.1449890136719,350.3399963378906,350.0299987792969,350.1099853515625,12912
2026-09-14 19:50:00+00:00,350.19000244140625,350.19000244140625,350.239990234375,350.0199890136719,350.1000061035156,20991
2026-09-14 19:51:00+00:00,350.1600036621094,350.1600036621094,350.2650146484375,350.125,350.2099914550781,26266
2026-09-14 19:52:00+00:00,350.05999755859375,350.05999755859375,350.17999267578125,350.035888671875,350.1400146484375,17838
2026-09-14 19:53:00+00:00,350.0450134277344,350.0450134277344,350.0899963378906,349.9599914550781,350.0799865722656,16956
2026-09-14 19:54:00+00:00,350.0098876953125,350.0098876953125,350.0899963378906,349.989990234375,350.0400085449219,25676
2026-09-14 19:55:00+00:00,350.2300109863281,350.2300109863281,350.42999267578125,349.9800109863281,349.9949951171875,50968
2026-09-14 19:56:00+00:00,350.260009765625,350.260009765625,350.3599853515625,350.17999267578125,350.2349853515625,47711
2026-09-14 19:57:00+00:00,350.489990234375,350.489990234375,350.5799865722656,350.239990234375,350.260009765625,60065
2026-09-14 19:58:00+00:00,350.489990234375,350.489990234375,350.7900085449219,350.42999267578125,350.4800109863281,97512
2026-09-14 19:59:00+00:00,350.1300048828125,350.1300048828125,350.489990234375,349.9700012207031,350.489990234375,131751
2026-09-15 13:30:00+00:00,350.0990905761719,350.0990905761719,351.72509765625,349.42999267578125,351.0,1073263
2026-09-15 13:31:00+00:00,349.6400146484375,349.6400146484375,350.9800109863281,349.55499267578125,350.0,53748
2026-09-15 13:32:00+00:00,349.7799987792969,349.7799987792969,350.2200012207031,349.04998779296875,349.44500732421875,14907
2026-09-15 13:33:00+00:00,349.4200134277344,349.4200134277344,350.57000732421875,349.4200134277344,349.864990234375,16111
2026-09-15 13:34:00+00:00,348.9700012207031,348.9700012207031,349.45001220703125,348.81500244140625,349.44000244140625,18785
2026-09-15 13:35:00+00:00,348.6300048828125,348.6300048828125,349.6000061035156,348.6199951171875,348.82159423828125,23230
2026-09-15 13:36:00+00:00,349.2950134277344,349.2950134277344,349.4800109863281,348.760009765625,348.8299865722656,15333
2026-09-15 13:37:00+00:00,349.0400085449219,349.0400085449219,349.3500061035156,348.8599853515625,349.2749938964844,16883
2026-09-15 13:38:00+00:00,348.8800048828125,348.8800048828125,349.1700134277344,348.4700012207031,349.0400085449219,15931
2026-09-15 13:39:00+00:00,348.5899963378906,348.5899963378906,348.95001220703125,348.239990234375,348.8399963378906,19591
2026-09-15 13:40:00+00:00,348.7200012207031,348.7200012207031,349.010009765625,348.5199890136719,348.5831298828125,15584
2026-09-15 13:41:00+00:00,348.9649963378906,348.9649963378906,349.2300109863281,348.5799865722656,348.69000244140625,18475
2026-09-15 13:42:00+00:00,349.5050048828125,349.5050048828125,349.625,348.8999938964844,348.94500732421875,12485
2026-09-15 13:43:00+00:00,349.94000244140625,349.94000244140625,350.1650085449219,349.5799865722656,349.67999267578125,23989
2026-09-15 13:44:00+00:00,349.8299865722656,349.8299865722656,350.168701171875,349.6099853515625,349.94000244140625,34292
2026-09-15 13:45:00+00:00,349.989990234375,349.989990234375,350.1000061035156,349.7099914550781,349.875,19719
2026-09-15 13:46:00+00:00,350.010009765625,350.010009765625,350.1000061035156,349.7300109863281,350.0199890136719,22805
2026-09-15 13:47:00+00:00,350.2659912109375,350.2659912109375,350.54998779296875,349.92999267578125,350.010009765625,19419
2026-09-15 13:48:00+00:00,350.0369873046875,350.0369873046875,350.3349914550781,349.80499267578125,350.3349914550781,10483
2026-09-15 13:49:00+00:00,349.80999755859375,349.80999755859375,350.32501220703125,349.79998779296875,350.0,25916
2026-09-15 13:50:00+00:00,350.0150146484375,350.0150146484375,350.0150146484375,349.59051513671875,349.7699890136719,11005
2026-09-15 13:51:00+00:00,350.6300048828125,350.6300048828125,350.760009765625,349.9100036621094,350.0150146484375,15776
2026-09-15 13:52:00+00:00,350.8900146484375,350.8900146484375,351.0220031738281,350.6199951171875,350.6199951171875,10276
2026-09-15 13:53:00+00:00,350.4649963378906,350.4649963378906,350.9549865722656,350.1900939941406,350.9549865722656,12775
2026-09-15 13:54:00+00:00,350.3999938964844,350.3999938964844,350.5400085449219,350.20001220703125,350.5400085449219,10283
2026-09-15 13:55:00+00:00,350.3760986328125,350.3760986328125,350.42999267578125,350.1000061035156,350.3399963378906,10154
2026-09-15 13:56:00+00:00,350.20001220703125,350.20001220703125,350.3800048828125,350.20001220703125,350.2300109863281,16908
2026-09-15 13:57:00+00:00,349.95001220703125,349.95001220703125,350.30999755859375,349.7699890136719,350.2099914550781,9979
2026-09-15 13:58:00+00:00,349.9150085449219,349.9150085449219,349.9750061035156,349.6700134277344,349.9725036621094,10049
2026-09-15 13:59:00+00:00,350.4150085449219,350.4150085449219,350.4150085449219,349.6600036621094,350.0,15827
2026-09-15 14:00:00+00:00,350.0,350.0,350.4425048828125,350.0,350.4100036621094,18094
2026-09-15 14:01:00+00:00,349.8349914550781,349.8349914550781,350.1050109863281,349.6199951171875,350.05999755859375,25926
2026-09-15 14:02:00+00:00,349.7799987792969,349.7799987792969,349.94000244140625,349.510009765625,349.8349914550781,62820
2026-09-15 14:03:00+00:00,349.7900085449219,349.7900085449219,349.7950134277344,349.5899963378906,349.65008544921875,3861
2026-09-15 14:04:00+00:00,350.0799865722656,350.0799865722656,350.20001220703125,349.6499938964844,349.8699951171875,16474
2026-09-15 14:05:00+00:00,350.4278869628906,350.4278869628906,350.7275085449219,350.135009765625,350.1600036621094,21850
2026-09-15 14:06:00+00:00,349.80999755859375,349.80999755859375,350.3800048828125,349.7880859375,350.3800048828125,6939
2026-09-15 14:07:00+00:00,349.69000244140625,349.69000244140625,349.92999267578125,349.67999267578125,349.82000732421875,3666
2026-09-15 14:08:00+00:00,348.739990234375,348.739990234375,349.7200012207031,348.739990234375,349.6600036621094,19961
2026-09-15 14:09:00+00:00,349.17999267578125,349.17999267578125,349.3399963378906,348.739990234375,348.739990234375,18698
2026-09-15 14:10:00+00:00,349.31500244140625,349.31500244140625,349.45001220703125,349.1300048828125,349.18499755859375,12473
2026-09-15 14:11:00+00:00,349.29998779296875,349.29998779296875,349.3999938964844,349.1000061035156,349.19000244140625,21812
2026-09-15 14:12:00+00:00,349.18011474609375,349.18011474609375,349.5,349.0646057128906,349.3699951171875,7689
2026-09-15 14:13:00+00:00,349.3179931640625,349.3179931640625,349.34991455078125,349.2294921875,349.2850036621094,3900
2026-09-15 14:14:00+00:00,349.159912109375,349.159912109375,349.3999938964844,349.0899963378906,349.2799987792969,7558
2026-09-15 14:15:00+00:00,349.19500732421875,349.19500732421875,349.3999938964844,349.0801086425781,349.1600036621094,9482
2026-09-15 14:16:00+00:00,348.7300109863281,348.7300109863281,349.2149963378906,348.6499938964844,349.2149963378906,9805
2026-09-15 14:17:00+00:00,348.82501220703125,348.82501220703125,349.0150146484375,348.5400085449219,348.6499938964844,8357
2026-09-15 14:18:00+00:00,348.510009765625,348.510009765625,348.9075012207031,348.4649963378906,348.9075012207031,12246
2026-09-15 14:19:00+00:00,348.1650085449219,348.1650085449219,348.55999755859375,348.0849914550781,348.4800109863281,11967
2026-09-15 14:20:00+00:00,348.260009765625,348.260009765625,348.260009765625,348.05999755859375,348.1650085449219,9734
2026-09-15 14:21:00+00:00,347.7900085449219,347.7900085449219,348.2099914550781,347.6600036621094,348.2099914550781,19503
2026-09-15 14:22:00+00:00,347.6300048828125,347.6300048828125,348.05999755859375,347.6000061035156,347.75,12572
2026-09-15 14:23:00+00:00,347.4800109863281,347.4800109863281,347.70001220703125,347.29998779296875,347.6300048828125,9500
2026-09-15 14:24:00+00:00,347.7349853515625,347.7349853515625,347.8940124511719,347.54998779296875,347.6000061035156,5293
2026-09-15 14:25:00+00:00,348.2300109863281,348.2300109863281,348.2699890136719,347.80499267578125,347.80499267578125,10631
2026-09-15 14:26:00+00:00,348.1400146484375,348.1400146484375,348.2699890136719,347.989990234375,348.2300109863281,8366
2026-09-15 14:27:00+00:00,348.20361328125,348.20361328125,348.20361328125,347.9930114746094,348.125,5254
2026-09-15 14:28:00+00:00,347.94000244140625,347.94000244140625,348.1520080566406,347.92999267578125,348.0950012207031,7938
2026-09-15 14:29:00+00:00,347.92999267578125,347.92999267578125,348.1098937988281,347.8500061035156,348.1098937988281,16244
2026-09-15 14:30:00+00:00,347.80999755859375,347.80999755859375,348.0400085449219,347.68499755859375,347.9150085449219,16595
2026-09-15 14:31:00+00:00,347.8550109863281,347.8550109863281,347.885009765625,347.7200012207031,347.7699890136719,5556
2026-09-15 14:32:00+00:00,347.7650146484375,347.7650146484375,347.92999267578125,347.7300109863281,347.92999267578125,7163
2026-09-15 14:33:00+00:00,347.43499755859375,347.43499755859375,347.7300109863281,347.3450012207031,347.7300109863281,10741
2026-09-15 14:34:00+00:00,347.6600036621094,347.6600036621094,347.6600036621094,347.3399963378906,347.4599914550781,9509
2026-09-15 14:35:00+00:00,347.66009521484375,347.66009521484375,347.9194030761719,347.6549987792969,347.69500732421875,8690
2026-09-15 14:36:00+00:00,347.4599914550781,347.4599914550781,347.625,347.260009765625,347.6000061035156,10166
2026-09-15 14:37:00+00:00,347.2497863769531,347.2497863769531,347.5400085449219,347.1099853515625,347.4700012207031,9873
2026-09-15 14:38:00+00:00,346.9750061035156,346.9750061035156,347.1730041503906,346.92999267578125,347.1499938964844,13084
2026-09-15 14:39:00+00:00,346.7799987792969,346.7799987792969,347.05999755859375,346.760009765625,346.9200134277344,9390
2026-09-15 14:40:00+00:00,346.840087890625,346.840087890625,346.889892578125,346.5201110839844,346.760009765625,13308
2026-09-15 14:41:00+00:00,347.2701110839844,347.2701110839844,347.3500061035156,346.82000732421875,346.8949890136719,11290
2026-09-15 14:42:00+00:00,347.19000244140625,347.19000244140625,347.44500732421875,347.1000061035156,347.3500061035156,6218
2026-09-15 14:43:00+00:00,347.25,347.25,347.3999938964844,347.25,347.2900085449219,7584
2026-09-15 14:44:00+00:00,347.489990234375,347.489990234375,347.5450134277344,347.22479248046875,347.22479248046875,10031
2026-09-15 14:45:00+00:00,347.6199951171875,347.6199951171875,347.7699890136719,347.510009765625,347.55999755859375,16494
2026-09-15 14:46:00+00:00,347.1700134277344,347.1700134277344,347.54998779296875,347.1099853515625,347.54998779296875,8262
2026-09-15 14:47:00+00:00,347.260009765625,347.260009765625,347.2799987792969,347.07000732421875,347.19000244140625,7025
2026-09-15 14:48:00+00:00,347.260009765625,347.260009765625,347.319091796875,347.07000732421875,347.260009765625,7802
2026-09-15 14:49:00+00:00,347.0799865722656,347.0799865722656,347.3999938964844,347.0400085449219,347.1499938964844,22939
2026-09-15 14:50:00+00:00,346.9100036621094,346.9100036621094,347.0299987792969,346.7825012207031,347.0,5841
2026-09-15 14:51:00+00:00,346.93499755859375,346.93499755859375,347.0299987792969,346.7699890136719,346.9700012207031,13975
2026-09-15 14:52:00+00:00,346.79998779296875,346.79998779296875,347.04998779296875,346.7049865722656,346.8500061035156,9987
2026-09-15 14:53:00+00:00,346.864990234375,346.864990234375,346.864990234375,346.5899963378906,346.80999755859375,6420
2026-09-15 14:54:00+00:00,347.1700134277344,347.1700134277344,347.1700134277344,346.8699951171875,346.8800048828125,16032
2026-09-15 14:55:00+00:00,346.9700012207031,346.9700012207031,347.1700134277344,346.9501037597656,347.1300048828125,5371
2026-09-15 14:56:00+00:00,347.0,347.0,347.0199890136719,346.9200134277344,346.94000244140625,6121
2026-09-15 14:57:00+00:00,347.17999267578125,347.17999267578125,347.2300109863281,346.9753112792969,346.9753112792969,10067
2026-09-15 14:58:00+00:00,346.9999084472656,346.9999084472656,347.20001220703125,346.80010986328125,347.1700134277344,16984
2026-09-15 14:59:00+00:00,346.510009765625,346.510009765625,347.0,346.4700012207031,347.0,7855
2026-09-15 15:00:00+00:00,346.5,346.5,346.625,346.42999267578125,346.5,12255
2026-09-15 15:01:00+00:00,346.18499755859375,346.18499755859375,346.5036926269531,346.02288818359375,346.4700012207031,16566
2026-09-15 15:02:00+00:00,346.0299987792969,346.0299987792969,346.18499755859375,345.9599914550781,346.18499755859375,10525
2026-09-15 15:03:00+00:00,346.16009521484375,346.16009521484375,346.19000244140625,345.8900146484375,346.0199890136719,7385
2026-09-15 15:04:00+00:00,346.0400085449219,346.0400085449219,346.20001220703125,346.0201110839844,346.17999267578125,10413
2026-09-15 15:05:00+00:00,345.75,345.75,346.125,345.75,346.125,12022
2026-09-15 15:06:00+00:00,345.7099914550781,345.7099914550781,345.92620849609375,345.70001220703125,345.7200012207031,8957
2026-09-15 15:07:00+00:00,345.7349853515625,345.7349853515625,345.9700012207031,345.6099853515625,345.7799987792969,12111
2026-09-15 15:08:00+00:00,345.5249938964844,345.5249938964844,345.9599914550781,345.5249938964844,345.7449951171875,11895
2026-09-15 15:09:00+00:00,345.30499267578125,345.30499267578125,345.6099853515625,345.29998779296875,345.6000061035156,10464
2026-09-15 15:10:00+00:00,345.05999755859375,345.05999755859375,345.3699951171875,344.8500061035156,345.2099914550781,28894
2026-09-15 15:11:00+00:00,345.3800048828125,345.3800048828125,345.3900146484375,345.1099853515625,345.1099853515625,9022
2026-09-15 15:12:00+00:00,345.1099853515625,345.1099853515625,345.42999267578125,345.0799865722656,345.385009765625,12242
2026-09-15 15:13:00+00:00,345.0799865722656,345.0799865722656,345.20001220703125,344.95001220703125,345.0400085449219,18361
2026-09-15 15:14:00+00:00,344.7799987792969,344.7799987792969,345.0799865722656,344.6400146484375,345.0799865722656,11638
2026-09-15 15:15:00+00:00,345.010009765625,345.010009765625,345.0299987792969,344.802490234375,344.80499267578125,7013
2026-09-15 15:16:00+00:00,344.9385070800781,344.9385070800781,345.1499938964844,344.8800048828125,344.9601135253906,11580
2026-09-15 15:17:00+00:00,345.1199951171875,345.1199951171875,345.4200134277344,344.885009765625,344.885009765625,10299
2026-09-15 15:18:00+00:00,345.20001220703125,345.20001220703125,345.2699890136719,344.9924011230469,345.1099853515625,7337
2026-09-15 15:19:00+00:00,345.1099853515625,345.1099853515625,345.19000244140625,345.04010009765625,345.1700134277344,4977
2026-09-15 15:20:00+00:00,345.4150085449219,345.4150085449219,345.4150085449219,345.0299987792969,345.0400085449219,7066
2026-09-15 15:21:00+00:00,345.32000732421875,345.32000732421875,345.3949890136719,345.2701110839844,345.3599853515625,5793
2026-09-15 15:22:00+00:00,345.45001220703125,345.45001220703125,345.4949951171875,345.3399963378906,345.3900146484375,9043
2026-09-15 15:23:00+00:00,345.340087890625,345.340087890625,345.55999755859375,345.340087890625,345.42999267578125,4587
2026-09-15 15:24:00+00:00,345.6600036621094,345.6600036621094,345.75,345.3500061035156,345.4150085449219,15018
2026-09-15 15:25:00+00:00,345.30999755859375,345.30999755859375,345.6600036621094,345.2799987792969,345.5899963378906,16529
2026-09-15 15:26:00+00:00,345.6549987792969,345.6549987792969,345.7300109863281,345.19000244140625,345.3500061035156,12275
2026-09-15 15:27:00+00:00,345.55999755859375,345.55999755859375,345.7300109863281,345.5000915527344,345.6700134277344,3224
2026-09-15 15:28:00+00:00,345.42999267578125,345.42999267578125,345.6199951171875,345.2506103515625,345.5,8411
2026-09-15 15:29:00+00:00,345.385009765625,345.385009765625,345.45001220703125,345.03009033203125,345.3800048828125,10508
2026-09-15 15:30:00+00:00,345.69000244140625,345.69000244140625,345.70001220703125,345.3699951171875,345.3900146484375,11677
2026-09-15 15:31:00+00:00,345.5899963378906,345.5899963378906,345.7200012207031,345.45001220703125,345.6454162597656,6736
2026-09-15 15:32:00+00:00,345.19000244140625,345.19000244140625,345.5899963378906,345.07000732421875,345.5199890136719,5392
2026-09-15 15:33:00+00:00,345.2200012207031,345.2200012207031,345.2200012207031,345.0400085449219,345.17498779296875,5574
2026-09-15 15:34:00+00:00,345.0,345.0,345.2200012207031,344.80999755859375,345.1650085449219,30325
2026-09-15 15:35:00+00:00,345.239990234375,345.239990234375,345.239990234375,344.9949951171875,345.0,9707
2026-09-15 15:36:00+00:00,345.57000732421875,345.57000732421875,345.5799865722656,345.04998779296875,345.239990234375,9034
2026-09-15 15:37:00+00:00,345.30999755859375,345.30999755859375,345.57000732421875,345.1650085449219,345.4800109863281,30301
2026-09-15 15:38:00+00:00,345.2950134277344,345.2950134277344,345.5498962402344,345.2950134277344,345.3315124511719,9621
2026-09-15 15:39:00+00:00,345.03009033203125,345.03009033203125,345.375,344.9599914550781,345.3699951171875,13348
2026-09-15 15:40:00+00:00,344.9599914550781,344.9599914550781,345.159912109375,344.80999755859375,345.135009765625,5983
2026-09-15 15:41:00+00:00,344.6400146484375,344.6400146484375,344.9800109863281,344.6400146484375,344.9599914550781,7725
2026-09-15 15:42:00+00:00,344.6600036621094,344.6600036621094,344.864990234375,344.5899963378906,344.70001220703125,6392
2026-09-15 15:43:00+00:00,344.82000732421875,344.82000732421875,344.8699951171875,344.55999755859375,344.67999267578125,8988
2026-09-15 15:44:00+00:00,344.5,344.5,344.8599853515625,344.42999267578125,344.7300109863281,30462
2026-09-15 15:45:00+00:00,344.4800109863281,344.4800109863281,344.6199951171875,344.4549865722656,344.510009765625,4842
2026-09-15 15:46:00+00:00,344.5450134277344,344.5450134277344,344.6899108886719,344.45001220703125,344.4800109863281,4613
2026-09-15 15:47:00+00:00,344.6000061035156,344.6000061035156,344.6050109863281,344.4525146484375,344.5799865722656,5775
2026-09-15 15:48:00+00:00,344.3599853515625,344.3599853515625,344.56500244140625,344.32000732421875,344.5199890136719,6886
2026-09-15 15:49:00+00:00,343.92010498046875,343.92010498046875,344.5,343.9200134277344,344.4100036621094,14329
2026-09-15 15:50:00+00:00,344.1499938964844,344.1499938964844,344.1700134277344,343.7900085449219,343.9750061035156,15234
2026-09-15 15:51:00+00:00,343.94000244140625,343.94000244140625,344.1499938964844,343.93011474609375,344.05999755859375,5706
2026-09-15 15:52:00+00:00,343.6600036621094,343.6600036621094,344.0050048828125,343.6499938964844,344.0050048828125,7245
2026-09-15 15:53:00+00:00,344.0,344.0,344.0,343.7099914550781,343.7099914550781,8122
2026-09-15 15:54:00+00:00,343.79998779296875,343.79998779296875,344.0,343.7799987792969,343.9849853515625,7808
2026-09-15 15:55:00+00:00,344.0098876953125,344.0098876953125,344.0098876953125,343.5299987792969,343.7799987792969,21573
2026-09-15 15:56:00+00:00,343.5,343.5,343.9200134277344,343.5,343.9125061035156,10939
2026-09-15 15:57:00+00:00,343.54998779296875,343.54998779296875,343.6700134277344,343.4599914550781,343.5,11538
2026-09-15 15:58:00+00:00,343.385009765625,343.385009765625,343.6000061035156,343.30010986328125,343.55499267578125,10445
2026-09-15 15:59:00+00:00,343.239990234375,343.239990234375,343.4200134277344,343.17999267578125,343.3900146484375,7497
2026-09-15 16:00:00+00:00,343.1549987792969,343.1549987792969,343.2799072265625,343.0716857910156,343.2300109863281,14995
2026-09-15 16:01:00+00:00,343.3599853515625,343.3599853515625,343.44000244140625,343.1000061035156,343.1549987792969,12322
2026-09-15 16:02:00+00:00,343.239990234375,343.239990234375,343.45001220703125,343.2300109863281,343.30999755859375,12935
2026-09-15 16:03:00+00:00,343.3999938964844,343.3999938964844,343.43499755859375,343.2001037597656,343.2349853515625,30216
2026-09-15 16:04:00+00:00,343.6099853515625,343.6099853515625,343.6700134277344,343.3800048828125,343.4100036621094,25236
2026-09-15 16:05:00+00:00,343.6549987792969,343.6549987792969,343.75,343.5299987792969,343.5950012207031,9957
2026-09-15 16:06:00+00:00,343.7850036621094,343.7850036621094,343.80999755859375,343.6549987792969,343.6549987792969,6948
2026-09-15 16:07:00+00:00,343.7950134277344,343.7950134277344,343.8399963378906,343.7099914550781,343.8374938964844,8647
2026-09-15 16:08:00+00:00,343.80999755859375,343.80999755859375,343.8500061035156,343.739990234375,343.7950134277344,7208
2026-09-15 16:09:00+00:00,343.82000732421875,343.82000732421875,343.8699951171875,343.67999267578125,343.80499267578125,13826
2026-09-15 16:10:00+00:00,343.9150085449219,343.9150085449219,344.0,343.7799987792969,343.8800048828125,9441
2026-09-15 16:11:00+00:00,344.0950012207031,344.0950012207031,344.1199951171875,343.9150085449219,343.9150085449219,4271
2026-09-15 16:12:00+00:00,344.0950012207031,344.0950012207031,344.1700134277344,344.010009765625,344.1390075683594,5234
2026-09-15 16:13:00+00:00,343.8900146484375,343.8900146484375,344.25,343.8599853515625,344.0950012207031,11614
2026-09-15 16:14:00+00:00,343.92999267578125,343.92999267578125,344.07000732421875,343.8699951171875,343.8699951171875,5566
2026-09-15 16:15:00+00:00,344.2409973144531,344.2409973144531,344.2900085449219,343.9945068359375,343.9945068359375,4645
2026-09-15 16:16:00+00:00,344.1300048828125,344.1300048828125,344.2550048828125,344.1300048828125,344.2550048828125,4671
2026-09-15 16:17:00+00:00,344.260009765625,344.260009765625,344.2799987792969,344.1300048828125,344.1300048828125,4678
2026-09-15 16:18:00+00:00,344.4200134277344,344.4200134277344,344.4200134277344,344.20001220703125,344.29998779296875,6014
2026-09-15 16:19:00+00:00,344.5,344.5,344.5,344.3299865722656,344.4150085449219,6002
2026-09-15 16:20:00+00:00,344.42999267578125,344.42999267578125,344.57000732421875,344.42999267578125,344.5,5202
2026-09-15 16:21:00+00:00,344.5299987792969,344.5299987792969,344.5299987792969,344.3800048828125,344.3800048828125,2942
2026-09-15 16:22:00+00:00,344.44000244140625,344.44000244140625,344.5350036621094,344.4154052734375,344.5350036621094,4153
2026-09-15 16:23:00+00:00,344.5350036621094,344.5350036621094,344.5799865722656,344.3700866699219,344.43499755859375,9048
2026-09-15 16:24:00+00:00,344.6400146484375,344.6400146484375,344.67999267578125,344.5299987792969,344.5400085449219,4536
2026-09-15 16:25:00+00:00,344.7279968261719,344.7279968261719,344.8340148925781,344.6199951171875,344.67999267578125,8185
2026-09-15 16:26:00+00:00,344.5899963378906,344.5899963378906,344.7799987792969,344.4580078125,344.6499938964844,7374
2026-09-15 16:27:00+00:00,344.4800109863281,344.4800109863281,344.6700134277344,344.43499755859375,344.625,5077
2026-09-15 16:28:00+00:00,344.7149963378906,344.7149963378906,344.7799987792969,344.489990234375,344.5350036621094,9555
2026-09-15 16:29:00+00:00,344.8399963378906,344.8399963378906,344.8500061035156,344.70001220703125,344.739990234375,6025
2026-09-15 16:30:00+00:00,344.8800048828125,344.8800048828125,344.94000244140625,344.73199462890625,344.8399963378906,13090
2026-09-15 16:31:00+00:00,344.8999938964844,344.8999938964844,344.8999938964844,344.7900085449219,344.84051513671875,5269
2026-09-15 16:32:00+00:00,345.1004943847656,345.1004943847656,345.17999267578125,344.83099365234375,344.83099365234375,5825
2026-09-15 16:33:00+00:00,345.0450134277344,345.0450134277344,345.1400146484375,344.8699951171875,345.1199951171875,5591
2026-09-15 16:34:00+00:00,345.0799865722656,345.0799865722656,345.20001220703125,345.0152893066406,345.0400085449219,14273
2026-09-15 16:35:00+00:00,344.875,344.875,345.1000061035156,344.79168701171875,345.0799865722656,4423
2026-09-15 16:36:00+00:00,344.95001220703125,344.95001220703125,344.95001220703125,344.79998779296875,344.864990234375,7115
2026-09-15 16:37:00+00:00,344.8800048828125,344.8800048828125,345.1000061035156,344.8299865722656,345.0299987792969,8078
2026-09-15 16:38:00+00:00,344.8399963378906,344.8399963378906,344.9100036621094,344.7200012207031,344.8399963378906,6677
2026-09-15 16:39:00+00:00,344.8399963378906,344.8399963378906,344.9150085449219,344.739990234375,344.8800048828125,3887
2026-09-15 16:40:00+00:00,344.75,344.75,344.8399963378906,344.7409973144531,344.75750732421875,4545
2026-09-15 16:41:00+00:00,344.7749938964844,344.7749938964844,344.8299865722656,344.7200012207031,344.8099060058594,7488
2026-09-15 16:42:00+00:00,344.4750061035156,344.4750061035156,344.7799987792969,344.4309997558594,344.7799987792969,4574
2026-09-15 16:43:00+00:00,344.70001220703125,344.70001220703125,344.739990234375,344.4750061035156,344.4750061035156,8984
2026-09-15 16:44:00+00:00,344.57000732421875,344.57000732421875,344.7524108886719,344.5299987792969,344.67999267578125,12327
2026-09-15 16:45:00+00:00,344.4649963378906,344.4649963378906,344.5972900390625,344.3999938964844,344.4599914550781,6733
2026-09-15 16:46:00+00:00,344.5,344.5,344.57000732421875,344.3399963378906,344.3399963378906,4470
2026-09-15 16:47:00+00:00,344.44000244140625,344.44000244140625,344.55499267578125,344.42999267578125,344.489990234375,2759
2026-09-15 16:48:00+00:00,344.2200012207031,344.2200012207031,344.4700012207031,344.2200012207031,344.4700012207031,5506
2026-09-15 16:49:00+00:00,344.2200012207031,344.2200012207031,344.2699890136719,344.17999267578125,344.20001220703125,6660
2026-09-15 16:50:00+00:00,344.5249938964844,344.5249938964844,344.5400085449219,344.2200012207031,344.2200012207031,5512
2026-09-15 16:51:00+00:00,344.6499938964844,344.6499938964844,344.6650085449219,344.5299987792969,344.55999755859375,3500
2026-09-15 16:52:00+00:00,344.6650085449219,344.6650085449219,344.760009765625,344.6099853515625,344.67999267578125,4749
2026-09-15 16:53:00+00:00,344.70001220703125,344.70001220703125,344.70001220703125,344.6199951171875,344.6600036621094,3226
2026-09-15 16:54:00+00:00,344.6199951171875,344.6199951171875,344.7900085449219,344.6000061035156,344.7099914550781,4453
2026-09-15 16:55:00+00:00,344.80999755859375,344.80999755859375,344.92999267578125,344.70001220703125,344.7200012207031,5854
2026-09-15 16:56:00+00:00,344.7200012207031,344.7200012207031,344.80999755859375,344.7099914550781,344.80999755859375,2778
2026-09-15 16:57:00+00:00,344.6000061035156,344.6000061035156,344.7699890136719,344.6000061035156,344.69000244140625,2867
2026-09-15 16:58:00+00:00,344.6700134277344,344.6700134277344,344.739990234375,344.6099853515625,344.6400146484375,2092
2026-09-15 16:59:00+00:00,344.69500732421875,344.69500732421875,344.75,344.5299987792969,344.67999267578125,2789
2026-09-15 17:00:00+00:00,344.6700134277344,344.6700134277344,344.7300109863281,344.614990234375,344.7149963378906,2557
2026-09-15 17:01:00+00:00,344.7449951171875,344.7449951171875,344.8140869140625,344.6300048828125,344.6499938964844,1570
2026-09-15 17:02:00+00:00,344.5350036621094,344.5350036621094,344.7300109863281,344.3699951171875,344.6600036621094,11443
2026-09-15 17:03:00+00:00,344.6600036621094,344.6600036621094,344.72149658203125,344.5450134277344,344.5450134277344,2073
2026-09-15 17:04:00+00:00,344.70001220703125,344.70001220703125,344.70001220703125,344.5400085449219,344.6000061035156,3058
2026-09-15 17:05:00+00:00,344.635009765625,344.635009765625,344.80999755859375,344.5899963378906,344.6300048828125,7681
2026-09-15 17:06:00+00:00,344.5574951171875,344.5574951171875,344.67999267578125,344.54998779296875,344.625,6033
2026-09-15 17:07:00+00:00,344.6700134277344,344.6700134277344,344.6973876953125,344.5400085449219,344.5799865722656,3540
2026-09-15 17:08:00+00:00,344.54998779296875,344.54998779296875,344.5899963378906,344.3999938964844,344.5899963378906,5062
2026-09-15 17:09:00+00:00,344.3450012207031,344.3450012207031,344.6000061035156,344.3299865722656,344.44000244140625,3461
2026-09-15 17:10:00+00:00,344.57000732421875,344.57000732421875,344.62469482421875,344.364990234375,344.364990234375,4699
2026-09-15 17:11:00+00:00,344.3699951171875,344.3699951171875,344.5150146484375,344.35699462890625,344.4700012207031,3265
2026-09-15 17:12:00+00:00,344.4501037597656,344.4501037597656,344.4999084472656,344.3399963378906,344.364990234375,5625
2026-09-15 17:13:00+00:00,344.5199890136719,344.5199890136719,344.58990478515625,344.3999938964844,344.3999938964844,5996
2026-09-15 17:14:00+00:00,344.5,344.5,344.6400146484375,344.5,344.5450134277344,9025
2026-09-15 17:15:00+00:00,344.3500061035156,344.3500061035156,344.4849853515625,344.2850036621094,344.4849853515625,4035
2026-09-15 17:16:00+00:00,344.3999938964844,344.3999938964844,344.4549865722656,344.3299865722656,344.4200134277344,3394
2026-09-15 17:17:00+00:00,344.3399963378906,344.3399963378906,344.3999938964844,344.2900085449219,344.3550109863281,4440
2026-09-15 17:18:00+00:00,344.4700012207031,344.4700012207031,344.5,344.3301086425781,344.3999938964844,3522
2026-09-15 17:19:00+00:00,344.5899963378906,344.5899963378906,344.5899963378906,344.4599914550781,344.4800109863281,2164
2026-09-15 17:20:00+00:00,344.5299987792969,344.5299987792969,344.57000732421875,344.4400939941406,344.5350036621094,4089
2026-09-15 17:21:00+00:00,344.6000061035156,344.6000061035156,344.67999267578125,344.57501220703125,344.5899963378906,8143
2026-09-15 17:22:00+00:00,344.6050109863281,344.6050109863281,344.6907043457031,344.57000732421875,344.6531982421875,5521
2026-09-15 17:23:00+00:00,344.6600036621094,344.6600036621094,344.6700134277344,344.5199890136719,344.57000732421875,7660
2026-09-15 17:24:00+00:00,344.6099853515625,344.6099853515625,344.70001220703125,344.6099853515625,344.66009521484375,2305
2026-09-15 17:25:00+00:00,344.57000732421875,344.57000732421875,344.635009765625,344.5299987792969,344.635009765625,4832
2026-09-15 17:26:00+00:00,344.5799865722656,344.5799865722656,344.6499938964844,344.57000732421875,344.5950012207031,3088
2026-09-15 17:27:00+00:00,344.658203125,344.658203125,344.7099914550781,344.5163879394531,344.5163879394531,4824
2026-09-15 17:28:00+00:00,344.5924072265625,344.5924072265625,344.69500732421875,344.5799865722656,344.6400146484375,5566
2026-09-15 17:29:00+00:00,344.7250061035156,344.7250061035156,344.7300109863281,344.6099853515625,344.6600036621094,5406
2026-09-15 17:30:00+00:00,344.8999938964844,344.8999938964844,344.8999938964844,344.7099914550781,344.7250061035156,5830
2026-09-15 17:31:00+00:00,345.25,345.25,345.25,344.8800048828125,344.8800048828125,10500
2026-09-15 17:32:00+00:00,345.3800048828125,345.3800048828125,345.5199890136719,345.2250061035156,345.2250061035156,8920
2026-09-15 17:33:00+00:00,345.2699890136719,345.2699890136719,345.43499755859375,345.2650146484375,345.43499755859375,2764
2026-09-15 17:34:00+00:00,345.1400146484375,345.1400146484375,345.2250061035156,345.0199890136719,345.2200012207031,6382
2026-09-15 17:35:00+00:00,345.25,345.25,345.25,345.0400085449219,345.1199951171875,2511
2026-09-15 17:36:00+00:00,345.260009765625,345.260009765625,345.2900085449219,345.1700134277344,345.25,3029
2026-09-15 17:37:00+00:00,345.3299865722656,345.3299865722656,345.3299865722656,345.1700134277344,345.2950134277344,5149
2026-09-15 17:38:00+00:00,345.19000244140625,345.19000244140625,345.31500244140625,345.19000244140625,345.31500244140625,2987
2026-09-15 17:39:00+00:00,345.19000244140625,345.19000244140625,345.29998779296875,345.1099853515625,345.260009765625,11325
2026-09-15 17:40:00+00:00,345.2300109863281,345.2300109863281,345.29998779296875,345.1700134277344,345.2200012207031,3757
2026-09-15 17:41:00+00:00,345.2300109863281,345.2300109863281,345.2650146484375,345.1600036621094,345.2650146484375,2023
2026-09-15 17:42:00+00:00,345.1300048828125,345.1300048828125,345.2699890136719,345.1300048828125,345.2349853515625,5456
2026-09-15 17:43:00+00:00,345.19000244140625,345.19000244140625,345.19000244140625,345.0975036621094,345.0975036621094,1849
2026-09-15 17:44:00+00:00,345.1499938964844,345.1499938964844,345.239990234375,345.1400146484375,345.2200012207031,6686
2026-09-15 17:45:00+00:00,345.2049865722656,345.2049865722656,345.2300109863281,345.1099853515625,345.19000244140625,6211
2026-09-15 17:46:00+00:00,345.1050109863281,345.1050109863281,345.2099914550781,345.1050109863281,345.19000244140625,3439
2026-09-15 17:47:00+00:00,345.0166015625,345.0166015625,345.1700134277344,344.9800109863281,345.1050109863281,8409
2026-09-15 17:48:00+00:00,344.8999938964844,344.8999938964844,344.989990234375,344.8699951171875,344.989990234375,6918
2026-09-15 17:49:00+00:00,344.7250061035156,344.7250061035156,344.92999267578125,344.7099914550781,344.92999267578125,5213
2026-09-15 17:50:00+00:00,344.9549865722656,344.9549865722656,344.9549865722656,344.7200012207031,344.75,4198
2026-09-15 17:51:00+00:00,344.9150085449219,344.9150085449219,345.0199890136719,344.8794860839844,344.9800109863281,2422
2026-09-15 17:52:00+00:00,344.94000244140625,344.94000244140625,345.0,344.8900146484375,344.9150085449219,4966
2026-09-15 17:53:00+00:00,344.57000732421875,344.57000732421875,344.95001220703125,344.4649963378906,344.8800048828125,25012
2026-09-15 17:54:00+00:00,344.67999267578125,344.67999267578125,344.760009765625,344.3999938964844,344.57000732421875,10502
2026-09-15 17:55:00+00:00,344.6416015625,344.6416015625,344.7099914550781,344.6099853515625,344.6499938964844,7992
2026-09-15 17:56:00+00:00,344.6400146484375,344.6400146484375,344.6600036621094,344.4949951171875,344.6199951171875,4328
2026-09-15 17:57:00+00:00,344.5899963378906,344.5899963378906,344.70001220703125,344.55499267578125,344.67999267578125,2979
2026-09-15 17:58:00+00:00,344.5249938964844,344.5249938964844,344.5799865722656,344.510009765625,344.54998779296875,4811
2026-09-15 17:59:00+00:00,344.45001220703125,344.45001220703125,344.55999755859375,344.3699951171875,344.5249938964844,4288
2026-09-15 18:00:00+00:00,344.510009765625,344.510009765625,344.55999755859375,344.4049987792969,344.4100036621094,5854
2026-09-15 18:01:00+00:00,344.6700134277344,344.6700134277344,344.6700134277344,344.4599914550781,344.489990234375,6439
2026-09-15 18:02:00+00:00,344.42498779296875,344.42498779296875,344.69000244140625,344.42498779296875,344.6300048828125,7027
2026-09-15 18:03:00+00:00,344.55999755859375,344.55999755859375,344.6199951171875,344.3699951171875,344.42999267578125,3544
2026-09-15 18:04:00+00:00,344.4599914550781,344.4599914550781,344.55499267578125,344.3796081542969,344.5325622558594,3951
2026-09-15 18:05:00+00:00,344.32501220703125,344.32501220703125,344.43499755859375,344.2900085449219,344.4200134277344,7833
2026-09-15 18:06:00+00:00,344.4100036621094,344.4100036621094,344.4100036621094,344.32000732421875,344.32501220703125,4983
2026-09-15 18:07:00+00:00,344.5,344.5,344.6199951171875,344.3699951171875,344.3999938964844,8003
2026-09-15 18:08:00+00:00,344.7550048828125,344.7550048828125,344.82000732421875,344.4599914550781,344.5,9539
2026-09-15 18:09:00+00:00,345.18499755859375,345.18499755859375,345.2099914550781,344.760009765625,344.7799987792969,8314
2026-09-15 18:10:00+00:00,345.1099853515625,345.1099853515625,345.2300109863281,345.0299987792969,345.2300109863281,5232
2026-09-15 18:11:00+00:00,345.17999267578125,345.17999267578125,345.20989990234375,345.0299987792969,345.1300048828125,9027
2026-09-15 18:12:00+00:00,345.3999938964844,345.3999938964844,345.3999938964844,345.1099853515625,345.1600036621094,8188
2026-09-15 18:13:00+00:00,345.3699951171875,345.3699951171875,345.4800109863281,345.25,345.3599853515625,11484
2026-09-15 18:14:00+00:00,345.3450927734375,345.3450927734375,345.45001220703125,345.3299865722656,345.42999267578125,4813
2026-09-15 18:15:00+00:00,345.3999938964844,345.3999938964844,345.4100036621094,345.260009765625,345.3900146484375,9091
2026-09-15 18:16:00+00:00,344.9599914550781,344.9599914550781,345.393798828125,344.92498779296875,345.393798828125,9588
2026-09-15 18:17:00+00:00,345.1300048828125,345.1300048828125,345.1300048828125,345.010009765625,345.0299987792969,4651
2026-09-15 18:18:00+00:00,345.19989013671875,345.19989013671875,345.19989013671875,345.0350036621094,345.1000061035156,7441
2026-09-15 18:19:00+00:00,345.239990234375,345.239990234375,345.32000732421875,345.17999267578125,345.20001220703125,7102
2026-09-15 18:20:00+00:00,345.3299865722656,345.3299865722656,345.385009765625,345.2749938964844,345.2900085449219,6324
2026-09-15 18:21:00+00:00,345.25,345.25,345.3450012207031,345.17230224609375,345.3450012207031,4562
2026-09-15 18:22:00+00:00,345.1400146484375,345.1400146484375,345.248291015625,345.1400146484375,345.2049865722656,4389
2026-09-15 18:23:00+00:00,345.0450134277344,345.0450134277344,345.1000061035156,344.9800109863281,345.1000061035156,4897
2026-09-15 18:24:00+00:00,345.05999755859375,345.05999755859375,345.0799865722656,345.0150146484375,345.07000732421875,4921
2026-09-15 18:25:00+00:00,345.17498779296875,345.17498779296875,345.17999267578125,344.9800109863281,345.05999755859375,5298
2026-09-15 18:26:00+00:00,345.0350036621094,345.0350036621094,345.1600036621094,345.0,345.1600036621094,8698
2026-09-15 18:27:00+00:00,344.9849853515625,344.9849853515625,345.1000061035156,344.9800109863281,345.0350036621094,6517
2026-09-15 18:28:00+00:00,344.8599853515625,344.8599853515625,344.968505859375,344.79998779296875,344.9599914550781,6606
2026-09-15 18:29:00+00:00,345.03009033203125,345.03009033203125,345.05999755859375,344.885009765625,344.885009765625,5060
2026-09-15 18:30:00+00:00,344.9649963378906,344.9649963378906,345.0400085449219,344.864990234375,345.0299987792969,11189
2026-09-15 18:31:00+00:00,344.7950134277344,344.7950134277344,345.0,344.7699890136719,344.9700012207031,5084
2026-09-15 18:32:00+00:00,344.739990234375,344.739990234375,344.8599853515625,344.68011474609375,344.8299865722656,8489
2026-09-15 18:33:00+00:00,344.8399963378906,344.8399963378906,344.8949890136719,344.7200012207031,344.739990234375,6615
2026-09-15 18:34:00+00:00,344.6575012207031,344.6575012207031,344.9700012207031,344.6300048828125,344.8599853515625,13733
2026-09-15 18:35:00+00:00,344.7200012207031,344.7200012207031,344.81500244140625,344.7200012207031,344.739990234375,7466
2026-09-15 18:36:00+00:00,344.5799865722656,344.5799865722656,344.79998779296875,344.5199890136719,344.7099914550781,13298
2026-09-15 18:37:00+00:00,344.55999755859375,344.55999755859375,344.6400146484375,344.55999755859375,344.5849914550781,4071
2026-09-15 18:38:00+00:00,344.5450134277344,344.5450134277344,344.6199951171875,344.4700012207031,344.54998779296875,5790
2026-09-15 18:39:00+00:00,344.6499938964844,344.6499938964844,344.69000244140625,344.510009765625,344.5450134277344,6783
2026-09-15 18:40:00+00:00,344.7099914550781,344.7099914550781,344.7099914550781,344.5201110839844,344.6300048828125,7383
2026-09-15 18:41:00+00:00,344.8299865722656,344.8299865722656,345.0400085449219,344.68011474609375,344.68499755859375,96150
2026-09-15 18:42:00+00:00,344.82501220703125,344.82501220703125,345.24951171875,344.7699890136719,344.7950134277344,72544
2026-09-15 18:43:00+00:00,345.0400085449219,345.0400085449219,345.1025085449219,344.7799987792969,344.79638671875,110917
2026-09-15 18:44:00+00:00,344.8500061035156,344.8500061035156,345.0199890136719,344.8236083984375,345.0,12458
2026-09-15 18:45:00+00:00,344.7699890136719,344.7699890136719,344.885009765625,344.70001220703125,344.8800048828125,19976
2026-09-15 18:46:00+00:00,344.45001220703125,344.45001220703125,344.7300109863281,344.3800048828125,344.7300109863281,6119
2026-09-15 18:47:00+00:00,344.2900085449219,344.2900085449219,344.7799987792969,344.2300109863281,344.510009765625,18759
2026-09-15 18:48:00+00:00,344.2300109863281,344.2300109863281,344.3500061035156,344.19000244140625,344.30999755859375,12605
2026-09-15 18:49:00+00:00,344.94000244140625,344.94000244140625,345.2900085449219,344.19000244140625,344.2250061035156,184539
2026-09-15 18:50:00+00:00,346.82000732421875,346.82000732421875,347.8599853515625,344.8299865722656,344.8399963378906,162323
2026-09-15 18:51:00+00:00,347.95001220703125,347.95001220703125,349.0,346.82000732421875,346.989990234375,121116
2026-09-15 18:52:00+00:00,349.489990234375,349.489990234375,350.2550048828125,347.25,347.739990234375,128557
2026-09-15 18:53:00+00:00,349.7349853515625,349.7349853515625,350.5,349.2506103515625,349.7200012207031,114906
2026-09-15 18:54:00+00:00,350.1300048828125,350.1300048828125,350.5,349.1700134277344,349.6099853515625,75792
2026-09-15 18:55:00+00:00,351.114990234375,351.114990234375,351.2300109863281,349.69061279296875,350.114990234375,68727
2026-09-15 18:56:00+00:00,351.92999267578125,351.92999267578125,352.1499938964844,350.44000244140625,351.0299987792969,112256
2026-09-15 18:57:00+00:00,351.7149963378906,351.7149963378906,352.7300109863281,351.17999267578125,351.9599914550781,152143
2026-09-15 18:58:00+00:00,352.4700012207031,352.4700012207031,353.3662109375,351.2099914550781,351.7099914550781,126964
2026-09-15 18:59:00+00:00,352.25,352.25,352.55999755859375,351.5299987792969,352.3999938964844,59190
2026-09-15 19:00:00+00:00,351.6700134277344,351.6700134277344,352.32000732421875,351.29010009765625,352.30999755859375,54487
2026-09-15 19:01:00+00:00,351.7300109863281,351.7300109863281,352.2300109863281,351.5299987792969,351.5928039550781,69357
2026-09-15 19:02:00+00:00,352.010009765625,352.010009765625,352.04998779296875,350.93499755859375,351.6600036621094,68753
2026-09-15 19:03:00+00:00,351.17498779296875,351.17498779296875,352.0150146484375,350.7300109863281,352.0150146484375,38175
2026-09-15 19:04:00+00:00,351.42999267578125,351.42999267578125,351.49951171875,350.5899963378906,351.17498779296875,44670
2026-09-15 19:05:00+00:00,352.5400085449219,352.5400085449219,352.6600036621094,351.4849853515625,351.4849853515625,49372
2026-09-15 19:06:00+00:00,352.3450012207031,352.3450012207031,352.7900085449219,352.0,352.535888671875,53060
2026-09-15 19:07:00+00:00,352.4200134277344,352.4200134277344,352.6700134277344,351.92999267578125,352.3475036621094,57997
2026-09-15 19:08:00+00:00,352.614990234375,352.614990234375,352.7200012207031,352.29998779296875,352.42999267578125,25653
2026-09-15 19:09:00+00:00,352.614990234375,352.614990234375,353.2799987792969,352.6051940917969,352.6099853515625,63434
2026-09-15 19:10:00+00:00,353.79449462890625,353.79449462890625,353.82000732421875,352.45001220703125,352.6499938964844,40932
2026-09-15 19:11:00+00:00,352.75,352.75,353.989990234375,352.739990234375,353.7699890136719,59727
2026-09-15 19:12:00+00:00,352.375,352.375,352.7998962402344,352.25,352.7349853515625,22548
2026-09-15 19:13:00+00:00,351.9549865722656,351.9549865722656,352.45001220703125,351.614990234375,352.45001220703125,46114
2026-09-15 19:14:00+00:00,351.7300109863281,351.7300109863281,351.9800109863281,351.7099914550781,351.8900146484375,13138
2026-09-15 19:15:00+00:00,352.04998779296875,352.04998779296875,352.1499938964844,351.7099914550781,351.7099914550781,18551
2026-09-15 19:16:00+00:00,352.2749938964844,352.2749938964844,352.3599853515625,352.04998779296875,352.04998779296875,12217
2026-09-15 19:17:00+00:00,352.55999755859375,352.55999755859375,352.6199951171875,352.1600036621094,352.2749938964844,22282
2026-09-15 19:18:00+00:00,351.9800109863281,351.9800109863281,352.7298889160156,351.9800109863281,352.6400146484375,27914
2026-09-15 19:19:00+00:00,351.9100036621094,351.9100036621094,352.0799865722656,351.70001220703125,351.9800109863281,23794
2026-09-15 19:20:00+00:00,351.739990234375,351.739990234375,352.1099853515625,351.5199890136719,351.94000244140625,20646
2026-09-15 19:21:00+00:00,352.2349853515625,352.2349853515625,352.2799987792969,351.625,351.625,15036
2026-09-15 19:22:00+00:00,352.5,352.5,352.5,352.1000061035156,352.2349853515625,27865
2026-09-15 19:23:00+00:00,353.55999755859375,353.55999755859375,353.7799987792969,352.3900146484375,352.5,75160
2026-09-15 19:24:00+00:00,353.5799865722656,353.5799865722656,353.8799133300781,352.9849853515625,353.5191955566406,63253
2026-09-15 19:25:00+00:00,352.75,352.75,353.7799987792969,352.6588134765625,353.69000244140625,46112
2026-09-15 19:26:00+00:00,353.19000244140625,353.19000244140625,353.20001220703125,352.4800109863281,352.7250061035156,18497
2026-09-15 19:27:00+00:00,353.0799865722656,353.0799865722656,353.2699890136719,352.94500732421875,353.1099853515625,31491
2026-09-15 19:28:00+00:00,353.05999755859375,353.05999755859375,353.0799865722656,352.760009765625,353.0799865722656,30631
2026-09-15 19:29:00+00:00,353.2900085449219,353.2900085449219,353.489990234375,352.9800109863281,353.0899963378906,39196
2026-09-15 19:30:00+00:00,353.9049987792969,353.9049987792969,354.07000732421875,353.2200012207031,353.2699890136719,88562
2026-09-15 19:31:00+00:00,353.55499267578125,353.55499267578125,353.8900146484375,353.489990234375,353.82000732421875,31981
2026-09-15 19:32:00+00:00,353.364990234375,353.364990234375,353.6455993652344,353.25,353.6000061035156,37615
2026-09-15 19:33:00+00:00,354.0249938964844,354.0249938964844,354.1300048828125,353.2699890136719,353.3999938964844,46558
2026-09-15 19:34:00+00:00,354.29998779296875,354.29998779296875,354.6000061035156,353.9100036621094,354.05279541015625,52124
2026-09-15 19:35:00+00:00,354.2674865722656,354.2674865722656,354.70001220703125,354.0299987792969,354.3500061035156,44332
2026-09-15 19:36:00+00:00,354.19000244140625,354.19000244140625,354.2749938964844,353.82501220703125,354.2749938964844,41593
2026-09-15 19:37:00+00:00,353.67999267578125,353.67999267578125,354.2300109863281,353.6700134277344,354.19000244140625,63939
2026-09-15 19:38:00+00:00,353.82000732421875,353.82000732421875,353.9700012207031,353.5,353.7250061035156,43994
2026-09-15 19:39:00+00:00,354.05999755859375,354.05999755859375,354.25,353.8500061035156,353.8500061035156,48497
2026-09-15 19:40:00+00:00,353.9700012207031,353.9700012207031,354.07000732421875,353.57000732421875,354.05999755859375,41366
2026-09-15 19:41:00+00:00,354.0450134277344,354.0450134277344,354.44000244140625,353.8299865722656,353.92999267578125,49765
2026-09-15 19:42:00+00:00,353.93499755859375,353.93499755859375,354.1600036621094,353.7900085449219,354.0,29395
2026-09-15 19:43:00+00:00,354.0050048828125,354.0050048828125,354.139892578125,353.8299865722656,353.8900146484375,36615
2026-09-15 19:44:00+00:00,354.0299987792969,354.0299987792969,354.2300109863281,353.9599914550781,354.0050048828125,43432
2026-09-15 19:45:00+00:00,353.93499755859375,353.93499755859375,354.1499938964844,353.8999938964844,354.010009765625,42536
2026-09-15 19:46:00+00:00,354.17498779296875,354.17498779296875,354.3299865722656,353.81500244140625,353.8999938964844,39501
2026-09-15 19:47:00+00:00,354.0199890136719,354.0199890136719,354.2300109863281,353.8699951171875,354.2300109863281,49466
2026-09-15 19:48:00+00:00,353.5950012207031,353.5950012207031,354.1499938964844,353.5950012207031,354.0199890136719,65272
2026-09-15 19:49:00+00:00,353.8743896484375,353.8743896484375,353.9100036621094,353.3500061035156,353.5950012207031,30255
2026-09-15 19:50:00+00:00,353.4949951171875,353.4949951171875,354.17999267578125,353.4814147949219,353.8900146484375,80549
2026-09-15 19:51:00+00:00,353.7300109863281,353.7300109863281,354.17999267578125,353.4949951171875,353.4949951171875,78823
2026-09-15 19:52:00+00:00,353.5799865722656,353.5799865722656,354.0299987792969,353.57000732421875,353.7900085449219,47451
2026-09-15 19:53:00+00:00,353.5150146484375,353.5150146484375,353.7699890136719,353.4800109863281,353.6000061035156,54562
2026-09-15 19:54:00+00:00,353.4200134277344,353.4200134277344,353.6499938964844,353.20001220703125,353.5400085449219,71147
2026-09-15 19:55:00+00:00,353.57000732421875,353.57000732421875,353.6600036621094,353.2903137207031,353.4200134277344,117675
2026-09-15 19:56:00+00:00,353.5350036621094,353.5350036621094,353.8299865722656,353.44000244140625,353.5899963378906,109179
2026-09-15 19:57:00+00:00,353.4100036621094,353.4100036621094,353.7300109863281,353.3599853515625,353.5299987792969,115871
2026-09-15 19:58:00+00:00,354.0299987792969,354.0299987792969,354.2099914550781,353.3900146484375,353.42498779296875,201280
2026-09-15 19:59:00+00:00,353.3299865722656,353.3299865722656,354.489990234375,352.80999755859375,354.0299987792969,435313
2026-09-16 13:30:00+00:00,354.6600036621094,354.6600036621094,354.67999267578125,352.5299987792969,353.3800048828125,208266
2026-09-16 13:31:00+00:00,354.375,354.375,355.6000061035156,353.3699951171875,354.510009765625,55155
2026-09-16 13:32:00+00:00,353.1050109863281,353.1050109863281,354.5639953613281,353.010009765625,354.3525085449219,22217
2026-09-16 13:33:00+00:00,353.25,353.25,354.1299133300781,353.1600036621094,353.2099914550781,17140
2026-09-16 13:34:00+00:00,352.2699890136719,352.2699890136719,353.3699951171875,352.0,353.1600036621094,25216
2026-09-16 13:35:00+00:00,352.10009765625,352.10009765625,352.510009765625,351.42999267578125,352.0899963378906,27480
2026-09-16 13:36:00+00:00,351.0299987792969,351.0299987792969,352.239990234375,350.92401123046875,352.2250061035156,25941
2026-09-16 13:37:00+00:00,350.67999267578125,350.67999267578125,351.0400085449219,350.5,351.0400085449219,27270
2026-09-16 13:38:00+00:00,350.9100036621094,350.9100036621094,350.9200134277344,350.3599853515625,350.6199951171875,45412
2026-09-16 13:39:00+00:00,350.7799987792969,350.7799987792969,351.5011901855469,350.610107421875,350.92498779296875,36450
2026-09-16 13:40:00+00:00,351.5199890136719,351.5199890136719,351.57000732421875,350.6300048828125,350.8216247558594,21018
2026-09-16 13:41:00+00:00,351.0400085449219,351.0400085449219,351.7300109863281,350.8999938964844,351.4800109863281,23290
2026-09-16 13:42:00+00:00,351.0799865722656,351.0799865722656,351.4700012207031,351.0450134277344,351.0450134277344,13631
2026-09-16 13:43:00+00:00,351.69500732421875,351.69500732421875,352.0,351.0799865722656,351.0799865722656,20773
2026-09-16 13:44:00+00:00,351.79998779296875,351.79998779296875,351.9100036621094,351.4800109863281,351.70001220703125,46677
2026-09-16 13:45:00+00:00,351.8450012207031,351.8450012207031,352.3900146484375,351.6000061035156,351.7300109863281,35245
2026-09-16 13:46:00+00:00,352.0899963378906,352.0899963378906,352.2200012207031,351.7099914550781,351.8424987792969,15405
2026-09-16 13:47:00+00:00,352.0350036621094,352.0350036621094,352.0799865722656,351.82000732421875,352.0450134277344,16596
2026-09-16 13:48:00+00:00,351.32000732421875,351.32000732421875,352.04998779296875,351.1700134277344,352.04998779296875,26649
2026-09-16 13:49:00+00:00,350.1099853515625,350.1099853515625,351.2900085449219,350.1099853515625,351.260009765625,20177
2026-09-16 13:50:00+00:00,349.6199951171875,349.6199951171875,350.260009765625,349.4700012207031,350.1000061035156,22559
2026-09-16 13:51:00+00:00,349.5950012207031,349.5950012207031,349.9223937988281,349.3500061035156,349.6099853515625,10678
2026-09-16 13:52:00+00:00,349.82989501953125,349.82989501953125,349.82989501953125,349.1700134277344,349.67999267578125,9032
2026-09-16 13:53:00+00:00,350.30999755859375,350.30999755859375,350.4150085449219,349.5,349.69000244140625,26830
2026-09-16 13:54:00+00:00,351.1199951171875,351.1199951171875,351.1199951171875,350.44000244140625,350.44000244140625,26319
2026-09-16 13:55:00+00:00,351.1199951171875,351.1199951171875,351.79998779296875,351.07501220703125,351.2099914550781,32171
2026-09-16 13:56:00+00:00,351.1199951171875,351.1199951171875,351.3800048828125,350.8699951171875,351.1499938964844,29702
2026-09-16 13:57:00+00:00,350.75,350.75,351.2099914550781,350.75,351.1000061035156,12341
2026-09-16 13:58:00+00:00,350.6449890136719,350.6449890136719,351.2449951171875,350.4700012207031,350.69000244140625,15646
2026-09-16 13:59:00+00:00,350.3900146484375,350.3900146484375,350.80999755859375,350.3699951171875,350.6449890136719,12204
2026-09-16 14:00:00+00:00,351.1600036621094,351.1600036621094,351.1600036621094,350.489990234375,350.489990234375,11075
2026-09-16 14:01:00+00:00,350.918212890625,350.918212890625,351.2300109863281,350.8299865722656,351.2300109863281,7993
2026-09-16 14:02:00+00:00,351.8399963378906,351.8399963378906,351.92999267578125,350.908203125,350.908203125,16636
2026-09-16 14:03:00+00:00,351.7550048828125,351.7550048828125,352.0,351.67999267578125,351.8550109863281,14595
2026-09-16 14:04:00+00:00,351.8999938964844,351.8999938964844,351.9100036621094,351.6700134277344,351.7550048828125,6138
2026-09-16 14:05:00+00:00,351.5799865722656,351.5799865722656,351.8999938964844,351.4800109863281,351.760009765625,11904
2026-09-16 14:06:00+00:00,350.989990234375,350.989990234375,351.5975036621094,350.94000244140625,351.5299987792969,14482
2026-09-16 14:07:00+00:00,351.3800048828125,351.3800048828125,351.54998779296875,351.010009765625,351.0199890136719,14640
2026-09-16 14:08:00+00:00,351.17999267578125,351.17999267578125,351.5400085449219,350.99359130859375,351.3800048828125,13003
2026-09-16 14:09:00+00:00,351.0299987792969,351.0299987792969,351.0299987792969,350.82000732421875,351.0299987792969,6359
2026-09-16 14:10:00+00:00,351.1099853515625,351.1099853515625,351.1099853515625,350.86248779296875,350.9800109863281,20721
2026-09-16 14:11:00+00:00,351.5450134277344,351.5450134277344,351.6300048828125,351.1050109863281,351.17999267578125,8258
2026-09-16 14:12:00+00:00,351.17498779296875,351.17498779296875,351.7300109863281,351.1300048828125,351.5450134277344,20885
2026-09-16 14:13:00+00:00,350.7749938964844,350.7749938964844,351.17999267578125,350.69000244140625,351.17498779296875,7851
2026-09-16 14:14:00+00:00,350.158203125,350.158203125,350.7449951171875,350.158203125,350.7449951171875,8722
2026-09-16 14:15:00+00:00,350.32989501953125,350.32989501953125,350.4200134277344,350.19000244140625,350.19000244140625,6501
2026-09-16 14:16:00+00:00,350.1099853515625,350.1099853515625,350.2300109863281,350.0,350.2200012207031,12780
2026-09-16 14:17:00+00:00,349.58599853515625,349.58599853515625,350.07501220703125,349.5400085449219,350.07501220703125,12854
2026-09-16 14:18:00+00:00,349.4649963378906,349.4649963378906,349.73919677734375,349.45001220703125,349.5400085449219,6929
2026-09-16 14:19:00+00:00,349.1700134277344,349.1700134277344,349.5299987792969,349.1629943847656,349.4599914550781,13976
2026-09-16 14:20:00+00:00,349.07000732421875,349.07000732421875,349.239990234375,348.8699951171875,349.09991455078125,18614
2026-09-16 14:21:00+00:00,349.05499267578125,349.05499267578125,349.1499938964844,348.94000244140625,349.0400085449219,11514
2026-09-16 14:22:00+00:00,348.9599914550781,348.9599914550781,349.1300048828125,348.9200134277344,349.0899963378906,7445
2026-09-16 14:23:00+00:00,348.7900085449219,348.7900085449219,349.0199890136719,348.6400146484375,348.94000244140625,12985
2026-09-16 14:24:00+00:00,348.9549865722656,348.9549865722656,348.989990234375,348.68011474609375,348.7756042480469,6310
2026-09-16 14:25:00+00:00,349.1449890136719,349.1449890136719,349.1600036621094,348.9100036621094,348.9800109863281,7088
2026-09-16 14:26:00+00:00,349.30999755859375,349.30999755859375,349.32000732421875,349.0,349.1449890136719,9263
2026-09-16 14:27:00+00:00,349.4599914550781,349.4599914550781,349.4599914550781,349.1199951171875,349.2850036621094,6244
2026-09-16 14:28:00+00:00,349.44500732421875,349.44500732421875,349.6700134277344,349.29010009765625,349.44000244140625,9464
2026-09-16 14:29:00+00:00,349.5199890136719,349.5199890136719,349.5299987792969,349.2799987792969,349.44000244140625,9780
2026-09-16 14:30:00+00:00,349.7099914550781,349.7099914550781,349.9599914550781,349.4949951171875,349.4949951171875,10661
2026-09-16 14:31:00+00:00,349.6400146484375,349.6400146484375,349.75,349.5799865722656,349.7099914550781,7541
2026-09-16 14:32:00+00:00,349.6449890136719,349.6449890136719,349.7699890136719,349.5,349.6400146484375,4310
2026-09-16 14:33:00+00:00,349.6549987792969,349.6549987792969,349.7900085449219,349.6000061035156,349.6449890136719,5485
2026-09-16 14:34:00+00:00,349.9479064941406,349.9479064941406,350.0799865722656,349.6499938964844,349.6499938964844,13253
2026-09-16 14:35:00+00:00,350.0150146484375,350.0150146484375,350.05999755859375,349.7850036621094,349.9200134277344,9628
2026-09-16 14:36:00+00:00,350.8949890136719,350.8949890136719,350.8999938964844,350.0150146484375,350.0150146484375,7964
2026-09-16 14:37:00+00:00,351.8900146484375,351.8900146484375,351.9100036621094,350.8251953125,350.8999938964844,18197
2026-09-16 14:38:00+00:00,351.5299987792969,351.5299987792969,351.7650146484375,351.3599853515625,351.7650146484375,7519
2026-09-16 14:39:00+00:00,351.6400146484375,351.6400146484375,351.8800048828125,351.3599853515625,351.4700012207031,10226
2026-09-16 14:40:00+00:00,351.55499267578125,351.55499267578125,351.70001220703125,351.39849853515625,351.70001220703125,10244
2026-09-16 14:41:00+00:00,351.989990234375,351.989990234375,352.1050109863281,351.5899963378906,351.6300048828125,14466
2026-09-16 14:42:00+00:00,352.2300109863281,352.2300109863281,352.5,352.0400085449219,352.0400085449219,9200
2026-09-16 14:43:00+00:00,352.0615539550781,352.0615539550781,352.2698974609375,351.989990234375,352.2200012207031,10012
2026-09-16 14:44:00+00:00,351.6700134277344,351.6700134277344,352.1600036621094,351.6700134277344,351.9999084472656,7027
2026-09-16 14:45:00+00:00,351.3999938964844,351.3999938964844,351.739990234375,351.3999938964844,351.7250061035156,6779
2026-09-16 14:46:00+00:00,351.3800048828125,351.3800048828125,351.57000732421875,351.30010986328125,351.5400085449219,4698
2026-09-16 14:47:00+00:00,351.6099853515625,351.6099853515625,351.79998779296875,351.4100036621094,351.4100036621094,8768
2026-09-16 14:48:00+00:00,351.7550048828125,351.7550048828125,351.8900146484375,351.6860046386719,351.7900085449219,6356
2026-09-16 14:49:00+00:00,351.7300109863281,351.7300109863281,351.8800048828125,351.67999267578125,351.7550048828125,11761
2026-09-16 14:50:00+00:00,351.95001220703125,351.95001220703125,351.95001220703125,351.635009765625,351.67999267578125,10586
2026-09-16 14:51:00+00:00,351.9800109863281,351.9800109863281,352.0495910644531,351.8699951171875,351.95001220703125,19445
2026-09-16 14:52:00+00:00,351.75,351.75,352.0899963378906,351.75,351.95001220703125,11064
2026-09-16 14:53:00+00:00,351.5400085449219,351.5400085449219,351.8349914550781,351.5400085449219,351.8349914550781,4555
2026-09-16 14:54:00+00:00,351.8550109863281,351.8550109863281,351.9100036621094,351.5631103515625,351.5799865722656,10503
2026-09-16 14:55:00+00:00,351.92999267578125,351.92999267578125,351.9599914550781,351.8299865722656,351.8450012207031,7525
2026-09-16 14:56:00+00:00,351.8999938964844,351.8999938964844,352.0400085449219,351.7699890136719,351.9599914550781,11079
2026-09-16 14:57:00+00:00,351.7900085449219,351.7900085449219,351.8949890136719,351.760009765625,351.8500061035156,4050
2026-09-16 14:58:00+00:00,351.8399963378906,351.8399963378906,351.8699951171875,351.70001220703125,351.7900085449219,6601
2026-09-16 14:59:00+00:00,351.75,351.75,351.8999938964844,351.5899963378906,351.8599853515625,15795
2026-09-16 15:00:00+00:00,352.2300109863281,352.2300109863281,352.3900146484375,351.7200012207031,351.75,13708
2026-09-16 15:01:00+00:00,352.2300109863281,352.2300109863281,352.4200134277344,352.1700134277344,352.260009765625,14857
2026-09-16 15:02:00+00:00,352.7550048828125,352.7550048828125,352.7550048828125,352.2099914550781,352.25,19266
2026-09-16 15:03:00+00:00,352.8900146484375,352.8900146484375,352.8900146484375,352.6015930175781,352.7550048828125,11409
2026-09-16 15:04:00+00:00,352.70001220703125,352.70001220703125,353.07000732421875,352.70001220703125,352.8550109863281,17273
2026-09-16 15:05:00+00:00,352.57000732421875,352.57000732421875,352.8399963378906,352.5400085449219,352.8127136230469,8922
2026-09-16 15:06:00+00:00,352.57000732421875,352.57000732421875,352.5899963378906,352.38250732421875,352.58990478515625,5282
2026-09-16 15:07:00+00:00,352.69720458984375,352.69720458984375,352.8699951171875,352.6000061035156,352.6000061035156,10455
2026-09-16 15:08:00+00:00,352.4800109863281,352.4800109863281,352.7320861816406,352.3900146484375,352.6400146484375,11090
2026-09-16 15:09:00+00:00,352.1449890136719,352.1449890136719,352.5,352.1449890136719,352.4364929199219,12182
2026-09-16 15:10:00+00:00,351.80999755859375,351.80999755859375,352.1600036621094,351.6112976074219,352.1099853515625,5307
2026-09-16 15:11:00+00:00,351.875,351.875,352.1400146484375,351.7699890136719,351.7799987792969,13755
2026-09-16 15:12:00+00:00,351.6400146484375,351.6400146484375,352.0,351.6400146484375,351.875,16048
2026-09-16 15:13:00+00:00,351.7049865722656,351.7049865722656,351.7900085449219,351.5820007324219,351.6499938964844,3417
2026-09-16 15:14:00+00:00,351.340087890625,351.340087890625,351.760009765625,351.340087890625,351.7049865722656,6451
2026-09-16 15:15:00+00:00,351.30999755859375,351.30999755859375,351.42999267578125,351.1300048828125,351.42999267578125,9470
2026-09-16 15:16:00+00:00,351.30999755859375,351.30999755859375,351.3599853515625,351.0799865722656,351.3349914550781,6884
2026-09-16 15:17:00+00:00,351.17498779296875,351.17498779296875,351.3599853515625,351.04998779296875,351.2900085449219,4699
2026-09-16 15:18:00+00:00,351.125,351.125,351.2300109863281,351.07000732421875,351.17498779296875,8320
2026-09-16 15:19:00+00:00,351.1499938964844,351.1499938964844,351.2900085449219,351.1099853515625,351.1669006347656,11850
2026-09-16 15:20:00+00:00,350.94000244140625,350.94000244140625,351.135009765625,350.92999267578125,351.1300048828125,7584
2026-09-16 15:21:00+00:00,350.54998779296875,350.54998779296875,351.05999755859375,350.5299987792969,351.0,11478
2026-09-16 15:22:00+00:00,350.625,350.625,350.67999267578125,350.3999938964844,350.5799865722656,10440
2026-09-16 15:23:00+00:00,350.6000061035156,350.6000061035156,350.7900085449219,350.54998779296875,350.625,8995
2026-09-16 15:24:00+00:00,350.4599914550781,350.4599914550781,350.79998779296875,350.30999755859375,350.6400146484375,22232
2026-09-16 15:25:00+00:00,350.7699890136719,350.7699890136719,350.7900085449219,350.3830871582031,350.3830871582031,9060
2026-09-16 15:26:00+00:00,350.8800048828125,350.8800048828125,350.9200134277344,350.67999267578125,350.760009765625,9398
2026-09-16 15:27:00+00:00,350.8900146484375,350.8900146484375,351.2699890136719,350.80999755859375,350.8900146484375,29789
2026-09-16 15:28:00+00:00,350.8500061035156,350.8500061035156,350.94000244140625,350.7799987792969,350.94000244140625,7357
2026-09-16 15:29:00+00:00,350.9100036621094,350.9100036621094,350.9100036621094,350.75,350.8500061035156,4859
2026-09-16 15:30:00+00:00,350.9024963378906,350.9024963378906,351.1300048828125,350.8500061035156,350.9100036621094,14546
2026-09-16 15:31:00+00:00,350.80999755859375,350.80999755859375,350.9090270996094,350.70001220703125,350.9090270996094,8892
2026-09-16 15:32:00+00:00,350.57000732421875,350.57000732421875,350.80999755859375,350.57000732421875,350.7300109863281,9405
2026-09-16 15:33:00+00:00,350.6050109863281,350.6050109863281,350.7300109863281,350.510009765625,350.55999755859375,6149
2026-09-16 15:34:00+00:00,350.30999755859375,350.30999755859375,350.739990234375,350.29998779296875,350.70001220703125,12030
2026-09-16 15:35:00+00:00,350.1499938964844,350.1499938964844,350.4100036621094,350.05999755859375,350.29998779296875,6270
2026-09-16 15:36:00+00:00,350.0,350.0,350.29998779296875,350.0,350.1424865722656,6603
2026-09-16 15:37:00+00:00,350.1549987792969,350.1549987792969,350.2200012207031,349.9150085449219,350.0,11485
2026-09-16 15:38:00+00:00,349.95001220703125,349.95001220703125,350.1549987792969,349.9200134277344,350.1549987792969,7936
2026-09-16 15:39:00+00:00,350.32000732421875,350.32000732421875,350.3599853515625,349.8900146484375,349.94500732421875,15422
2026-09-16 15:40:00+00:00,350.2200012207031,350.2200012207031,350.3800048828125,350.2200012207031,350.2950134277344,5582
2026-09-16 15:41:00+00:00,350.2200012207031,350.2200012207031,350.2900085449219,350.1600036621094,350.20001220703125,8008
2026-09-16 15:42:00+00:00,350.5299987792969,350.5299987792969,350.5899963378906,350.1000061035156,350.239990234375,15974
2026-09-16 15:43:00+00:00,350.48748779296875,350.48748779296875,350.5899963378906,350.3399963378906,350.5299987792969,12105
2026-09-16 15:44:00+00:00,350.6549987792969,350.6549987792969,350.7200012207031,350.4700012207031,350.5199890136719,7953
2026-09-16 15:45:00+00:00,351.3299865722656,351.3299865722656,351.3299865722656,350.5899963378906,350.6549987792969,40870
2026-09-16 15:46:00+00:00,351.4599914550781,351.4599914550781,351.5950012207031,351.32000732421875,351.32000732421875,7132
2026-09-16 15:47:00+00:00,351.8399963378906,351.8399963378906,352.1000061035156,351.4549865722656,351.4549865722656,23728
2026-09-16 15:48:00+00:00,351.7099914550781,351.7099914550781,351.90869140625,351.5050048828125,351.8399963378906,28606
2026-09-16 15:49:00+00:00,351.3699951171875,351.3699951171875,351.6549987792969,351.2101135253906,351.5799865722656,14676
2026-09-16 15:50:00+00:00,351.42999267578125,351.42999267578125,351.45001220703125,351.260009765625,351.3599853515625,36377
2026-09-16 15:51:00+00:00,351.5,351.5,351.7900085449219,351.42999267578125,351.42999267578125,12051
2026-09-16 15:52:00+00:00,351.53900146484375,351.53900146484375,351.57000732421875,351.37078857421875,351.4714050292969,10600
2026-09-16 15:53:00+00:00,351.5849914550781,351.5849914550781,351.6499938964844,351.4949951171875,351.5400085449219,9827
2026-09-16 15:54:00+00:00,351.6499938964844,351.6499938964844,351.7200012207031,351.5849914550781,351.5849914550781,15046
2026-09-16 15:55:00+00:00,351.6700134277344,351.6700134277344,351.75,351.5201110839844,351.6400146484375,5978
2026-09-16 15:56:00+00:00,351.7200012207031,351.7200012207031,351.7300109863281,351.5841979980469,351.6400146484375,3743
2026-09-16 15:57:00+00:00,351.78741455078125,351.78741455078125,351.8099060058594,351.6700134277344,351.70001220703125,11152
2026-09-16 15:58:00+00:00,351.92498779296875,351.92498779296875,351.9700012207031,351.69000244140625,351.75,8278
2026-09-16 15:59:00+00:00,352.0199890136719,352.0199890136719,352.0400085449219,351.8800048828125,351.92498779296875,8963
2026-09-16 16:00:00+00:00,352.04998779296875,352.04998779296875,352.0899963378906,351.95001220703125,352.0,6816
2026-09-16 16:01:00+00:00,352.0199890136719,352.0199890136719,352.07000732421875,351.94140625,352.0299987792969,8194
2026-09-16 16:02:00+00:00,352.0199890136719,352.0199890136719,352.0400085449219,351.95001220703125,351.95001220703125,4127
2026-09-16 16:03:00+00:00,351.8807067871094,351.8807067871094,352.04998779296875,351.8399963378906,352.0199890136719,9266
2026-09-16 16:04:00+00:00,352.1300048828125,352.1300048828125,352.1300048828125,351.8800048828125,351.94000244140625,7072
2026-09-16 16:05:00+00:00,352.010009765625,352.010009765625,352.1099853515625,352.010009765625,352.1099853515625,4542
2026-09-16 16:06:00+00:00,352.17010498046875,352.17010498046875,352.20001220703125,351.95001220703125,352.0,4875
2026-09-16 16:07:00+00:00,352.17999267578125,352.17999267578125,352.260009765625,352.1300048828125,352.20001220703125,6873
2026-09-16 16:08:00+00:00,352.17498779296875,352.17498779296875,352.2200012207031,352.1300048828125,352.1300048828125,10228
2026-09-16 16:09:00+00:00,352.0199890136719,352.0199890136719,352.17498779296875,351.95001220703125,352.17498779296875,6629
2026-09-16 16:10:00+00:00,351.7799987792969,351.7799987792969,352.0299987792969,351.7200012207031,351.989990234375,10445
2026-09-16 16:11:00+00:00,351.6650085449219,351.6650085449219,351.79998779296875,351.6400146484375,351.7799987792969,5441
2026-09-16 16:12:00+00:00,351.5,351.5,351.70001220703125,351.5,351.6199951171875,5870
2026-09-16 16:13:00+00:00,351.30999755859375,351.30999755859375,351.6000061035156,351.30999755859375,351.5,6126
2026-09-16 16:14:00+00:00,351.1600036621094,351.1600036621094,351.45001220703125,351.1600036621094,351.45001220703125,4439
2026-09-16 16:15:00+00:00,351.2349853515625,351.2349853515625,351.32000732421875,351.1600036621094,351.1961975097656,10186
2026-09-16 16:16:00+00:00,350.8699951171875,350.8699951171875,351.2300109863281,350.79010009765625,351.2300109863281,11116
2026-09-16 16:17:00+00:00,350.56500244140625,350.56500244140625,350.9049987792969,350.55499267578125,350.8699951171875,10671
2026-09-16 16:18:00+00:00,350.510009765625,350.510009765625,350.6000061035156,350.44000244140625,350.5199890136719,4006
2026-09-16 16:19:00+00:00,350.42999267578125,350.42999267578125,350.6099853515625,350.42999267578125,350.5799865722656,6837
2026-09-16 16:20:00+00:00,350.3500061035156,350.3500061035156,350.45001220703125,350.2799987792969,350.42999267578125,8902
2026-09-16 16:21:00+00:00,350.25,350.25,350.3299865722656,350.1600036621094,350.32000732421875,6890
2026-09-16 16:22:00+00:00,350.5299987792969,350.5299987792969,350.5899963378906,350.1499938964844,350.260009765625,12528
2026-09-16 16:23:00+00:00,350.5,350.5,350.5899963378906,350.4200134277344,350.5788879394531,5743
2026-09-16 16:24:00+00:00,350.4513854980469,350.4513854980469,350.54998779296875,350.44000244140625,350.4599914550781,3661
2026-09-16 16:25:00+00:00,350.5350036621094,350.5350036621094,350.5799865722656,350.29998779296875,350.44000244140625,8043
2026-09-16 16:26:00+00:00,350.55999755859375,350.55999755859375,350.6300048828125,350.5299987792969,350.5299987792969,7338
2026-09-16 16:27:00+00:00,350.4150085449219,350.4150085449219,350.5849914550781,350.3782958984375,350.57501220703125,6416
2026-09-16 16:28:00+00:00,350.510009765625,350.510009765625,350.70001220703125,350.4849853515625,350.5,7245
2026-09-16 16:29:00+00:00,350.5199890136719,350.5199890136719,350.6199951171875,350.4649963378906,350.4949951171875,6263
2026-09-16 16:30:00+00:00,350.4700012207031,350.4700012207031,350.5199890136719,350.3900146484375,350.510009765625,4308
2026-09-16 16:31:00+00:00,350.4700012207031,350.4700012207031,350.5400085449219,350.3999938964844,350.4700012207031,9845
2026-09-16 16:32:00+00:00,350.3599853515625,350.3599853515625,350.5199890136719,350.2099914550781,350.4700012207031,9404
2026-09-16 16:33:00+00:00,350.239990234375,350.239990234375,350.45001220703125,350.19000244140625,350.3599853515625,9710
2026-09-16 16:34:00+00:00,350.25,350.25,350.2900085449219,350.1000061035156,350.239990234375,10476
2026-09-16 16:35:00+00:00,350.2900085449219,350.2900085449219,350.3500061035156,350.2449951171875,350.25,7072
2026-09-16 16:36:00+00:00,350.31500244140625,350.31500244140625,350.4200134277344,350.2900085449219,350.29998779296875,6970
2026-09-16 16:37:00+00:00,350.6400146484375,350.6400146484375,350.70001220703125,350.29998779296875,350.30499267578125,9549
2026-09-16 16:38:00+00:00,350.6000061035156,350.6000061035156,350.6802062988281,350.57000732421875,350.6300048828125,4946
2026-09-16 16:39:00+00:00,350.57501220703125,350.57501220703125,350.63641357421875,350.44000244140625,350.5400085449219,5906
2026-09-16 16:40:00+00:00,350.7099914550781,350.7099914550781,350.7699890136719,350.5487060546875,350.5799865722656,6483
2026-09-16 16:41:00+00:00,350.6700134277344,350.6700134277344,350.7300109863281,350.5249938964844,350.6700134277344,6566
2026-09-16 16:42:00+00:00,350.7925109863281,350.7925109863281,350.8500061035156,350.6499938964844,350.6499938964844,12254
2026-09-16 16:43:00+00:00,350.7161865234375,350.7161865234375,350.79998779296875,350.6000061035156,350.75,5918
2026-09-16 16:44:00+00:00,350.635009765625,350.635009765625,350.7749938964844,350.6099853515625,350.7650146484375,4623
2026-09-16 16:45:00+00:00,350.6300048828125,350.6300048828125,350.7300109863281,350.5400085449219,350.6099853515625,8080
2026-09-16 16:46:00+00:00,350.2875061035156,350.2875061035156,350.6199951171875,350.20001220703125,350.55999755859375,4777
2026-09-16 16:47:00+00:00,350.489990234375,350.489990234375,350.489990234375,350.2452087402344,350.3340148925781,5911
2026-09-16 16:48:00+00:00,350.4200134277344,350.4200134277344,350.4939880371094,350.3999938964844,350.4939880371094,9093
2026-09-16 16:49:00+00:00,350.3349914550781,350.3349914550781,350.489990234375,350.30010986328125,350.4100036621094,6887
2026-09-16 16:50:00+00:00,350.3900146484375,350.3900146484375,350.42999267578125,350.30999755859375,350.3699951171875,6325
2026-09-16 16:51:00+00:00,350.25,350.25,350.3399963378906,350.1199951171875,350.3399963378906,7523
2026-09-16 16:52:00+00:00,350.0050048828125,350.0050048828125,350.159912109375,349.9599914550781,350.1199951171875,14613
2026-09-16 16:53:00+00:00,350.0400085449219,350.0400085449219,350.1499938964844,349.9501037597656,349.9849853515625,8557
2026-09-16 16:54:00+00:00,349.7850036621094,349.7850036621094,350.04998779296875,349.7099914550781,350.0450134277344,12478
2026-09-16 16:55:00+00:00,349.8999938964844,349.8999938964844,349.9599914550781,349.739990234375,349.7850036621094,8797
2026-09-16 16:56:00+00:00,349.8900146484375,349.8900146484375,349.9700012207031,349.8900146484375,349.8900146484375,5322
2026-09-16 16:57:00+00:00,350.0299987792969,350.0299987792969,350.1099853515625,349.8599853515625,349.8999938964844,11304
2026-09-16 16:58:00+00:00,350.010009765625,350.010009765625,350.010009765625,349.8580017089844,349.9800109863281,5925
2026-09-16 16:59:00+00:00,350.1499938964844,350.1499938964844,350.1499938964844,349.9200134277344,350.010009765625,11681
2026-09-16 17:00:00+00:00,350.05999755859375,350.05999755859375,350.20001220703125,350.0400085449219,350.1600036621094,5364
2026-09-16 17:01:00+00:00,350.07000732421875,350.07000732421875,350.1199951171875,349.95001220703125,350.04998779296875,13718
2026-09-16 17:02:00+00:00,350.1499938964844,350.1499938964844,350.1499938964844,350.07000732421875,350.07000732421875,4828
2026-09-16 17:03:00+00:00,350.093505859375,350.093505859375,350.114990234375,350.0697937011719,350.1099853515625,4625
2026-09-16 17:04:00+00:00,350.1000061035156,350.1000061035156,350.1300048828125,350.010009765625,350.1000061035156,5626
2026-09-16 17:05:00+00:00,350.1000061035156,350.1000061035156,350.1600036621094,350.1000061035156,350.1000061035156,6051
2026-09-16 17:06:00+00:00,349.9700012207031,349.9700012207031,350.1099853515625,349.94000244140625,350.0799865722656,5861
2026-09-16 17:07:00+00:00,349.8999938964844,349.8999938964844,349.9700012207031,349.8727111816406,349.9700012207031,3315
2026-09-16 17:08:00+00:00,350.0450134277344,350.0450134277344,350.05999755859375,349.8800964355469,349.8999938964844,7914
2026-09-16 17:09:00+00:00,350.1000061035156,350.1000061035156,350.1099853515625,350.010009765625,350.0450134277344,7545
2026-09-16 17:10:00+00:00,350.1499938964844,350.1499938964844,350.1600036621094,350.0199890136719,350.0199890136719,20517
2026-09-16 17:11:00+00:00,350.3699951171875,350.3699951171875,350.375,350.0849914550781,350.1300048828125,6784
2026-09-16 17:12:00+00:00,350.4599914550781,350.4599914550781,350.4599914550781,350.2850036621094,350.3500061035156,3622
2026-09-16 17:13:00+00:00,350.47650146484375,350.47650146484375,350.4800109863281,350.4150085449219,350.42498779296875,3819
2026-09-16 17:14:00+00:00,350.5799865722656,350.5799865722656,350.69000244140625,350.4800109863281,350.4800109863281,6402
2026-09-16 17:15:00+00:00,350.3699951171875,350.3699951171875,350.6499938964844,350.3699951171875,350.57000732421875,10687
2026-09-16 17:16:00+00:00,350.5400085449219,350.5400085449219,350.6199951171875,350.3900146484375,350.3900146484375,5834
2026-09-16 17:17:00+00:00,350.6000061035156,350.6000061035156,350.6400146484375,350.5199890136719,350.5450134277344,5910
2026-09-16 17:18:00+00:00,350.9200134277344,350.9200134277344,350.9200134277344,350.6400146484375,350.6400146484375,9185
2026-09-16 17:19:00+00:00,350.9200134277344,350.9200134277344,350.989990234375,350.8714904785156,350.8714904785156,3582
2026-09-16 17:20:00+00:00,350.8299865722656,350.8299865722656,351.0199890136719,350.80999755859375,350.9200134277344,8930
2026-09-16 17:21:00+00:00,351.0150146484375,351.0150146484375,351.0400085449219,350.79998779296875,350.79998779296875,7730
2026-09-16 17:22:00+00:00,351.010009765625,351.010009765625,351.1400146484375,350.9599914550781,351.0150146484375,7194
2026-09-16 17:23:00+00:00,350.8349914550781,350.8349914550781,351.010009765625,350.8299865722656,351.010009765625,2810
2026-09-16 17:24:00+00:00,350.9599914550781,350.9599914550781,351.0299987792969,350.7699890136719,350.8349914550781,9220
2026-09-16 17:25:00+00:00,351.0299987792969,351.0299987792969,351.1000061035156,350.9649963378906,350.9700012207031,5550
2026-09-16 17:26:00+00:00,350.9649963378906,350.9649963378906,351.1199951171875,350.95001220703125,351.04681396484375,6249
2026-09-16 17:27:00+00:00,350.92999267578125,350.92999267578125,351.0274963378906,350.8999938964844,350.92999267578125,4279
2026-09-16 17:28:00+00:00,350.95001220703125,350.95001220703125,351.0199890136719,350.92999267578125,350.9800109863281,4098
2026-09-16 17:29:00+00:00,350.93499755859375,350.93499755859375,351.05999755859375,350.9100036621094,350.92999267578125,8802
2026-09-16 17:30:00+00:00,350.9049987792969,350.9049987792969,351.1499938964844,350.8349914550781,350.93499755859375,8519
2026-09-16 17:31:00+00:00,350.9150085449219,350.9150085449219,351.010009765625,350.8500061035156,351.010009765625,7160
2026-09-16 17:32:00+00:00,350.9700012207031,350.9700012207031,350.9800109863281,350.851806640625,350.9150085449219,6154
2026-09-16 17:33:00+00:00,351.1000061035156,351.1000061035156,351.1000061035156,350.9200134277344,350.9200134277344,5340
2026-09-16 17:34:00+00:00,351.1300048828125,351.1300048828125,351.20001220703125,351.0799865722656,351.1099853515625,4782
2026-09-16 17:35:00+00:00,351.19500732421875,351.19500732421875,351.3299865722656,351.04278564453125,351.19000244140625,10072
2026-09-16 17:36:00+00:00,351.20001220703125,351.20001220703125,351.20001220703125,351.1300048828125,351.1796875,2739
2026-09-16 17:37:00+00:00,351.1099853515625,351.1099853515625,351.20001220703125,351.1000061035156,351.20001220703125,5691
2026-09-16 17:38:00+00:00,351.32000732421875,351.32000732421875,351.3699951171875,351.0899963378906,351.1300048828125,5994
2026-09-16 17:39:00+00:00,351.2300109863281,351.2300109863281,351.3699951171875,351.2099914550781,351.2699890136719,4890
2026-09-16 17:40:00+00:00,351.30999755859375,351.30999755859375,351.3500061035156,351.2200012207031,351.2850036621094,9693
2026-09-16 17:41:00+00:00,351.3299865722656,351.3299865722656,351.4599914550781,351.2799987792969,351.30999755859375,5286
2026-09-16 17:42:00+00:00,351.5,351.5,351.5,351.32000732421875,351.3500061035156,15316
2026-09-16 17:43:00+00:00,351.3500061035156,351.3500061035156,351.4800109863281,351.30999755859375,351.44500732421875,13269
2026-09-16 17:44:00+00:00,351.2900085449219,351.2900085449219,351.3500061035156,351.239990234375,351.3500061035156,3546
2026-09-16 17:45:00+00:00,351.44500732421875,351.44500732421875,351.44549560546875,351.2349853515625,351.3299865722656,11003
2026-09-16 17:46:00+00:00,351.739990234375,351.739990234375,351.739990234375,351.4150085449219,351.42498779296875,13340
2026-09-16 17:47:00+00:00,351.760009765625,351.760009765625,351.79400634765625,351.67999267578125,351.70001220703125,5219
2026-09-16 17:48:00+00:00,351.8500061035156,351.8500061035156,351.8500061035156,351.7215881347656,351.760009765625,3986
2026-09-16 17:49:00+00:00,351.82501220703125,351.82501220703125,351.9599914550781,351.7300109863281,351.8399963378906,6959
2026-09-16 17:50:00+00:00,352.0249938964844,352.0249938964844,352.07000732421875,351.8699951171875,351.8800048828125,9484
2026-09-16 17:51:00+00:00,352.19000244140625,352.19000244140625,352.2799987792969,352.0249938964844,352.0249938964844,13535
2026-09-16 17:52:00+00:00,352.3240051269531,352.3240051269531,352.45001220703125,352.19000244140625,352.2142028808594,5360
2026-09-16 17:53:00+00:00,352.54998779296875,352.54998779296875,352.760009765625,352.3599853515625,352.4198913574219,23552
2026-09-16 17:54:00+00:00,352.43499755859375,352.43499755859375,352.55499267578125,352.2402038574219,352.52899169921875,31024
2026-09-16 17:55:00+00:00,352.56500244140625,352.56500244140625,352.6600036621094,352.43499755859375,352.489501953125,11681
2026-09-16 17:56:00+00:00,352.489990234375,352.489990234375,352.69500732421875,352.3500061035156,352.56500244140625,17372
2026-09-16 17:57:00+00:00,352.3999938964844,352.3999938964844,352.55999755859375,352.3399963378906,352.3399963378906,15130
2026-09-16 17:58:00+00:00,352.2449951171875,352.2449951171875,352.3999938964844,352.2449951171875,352.3999938964844,11677
2026-09-16 17:59:00+00:00,352.4100036621094,352.4100036621094,352.489990234375,352.2349853515625,352.32000732421875,8503
2026-09-16 18:00:00+00:00,351.8599853515625,351.8599853515625,352.80999755859375,351.8399963378906,352.3299865722656,32373
2026-09-16 18:01:00+00:00,351.1000061035156,351.1000061035156,351.875,350.8800048828125,351.8399963378906,10535
2026-09-16 18:02:00+00:00,351.7950134277344,351.7950134277344,351.9700012207031,350.9800109863281,351.1000061035156,46002
2026-09-16 18:03:00+00:00,351.1346130371094,351.1346130371094,351.8349914550781,351.0899963378906,351.82501220703125,10273
2026-09-16 18:04:00+00:00,350.8926086425781,350.8926086425781,351.2099914550781,350.7449951171875,350.92999267578125,15671
2026-09-16 18:05:00+00:00,351.1300048828125,351.1300048828125,351.26409912109375,350.94500732421875,350.94500732421875,9128
2026-09-16 18:06:00+00:00,351.5150146484375,351.5150146484375,351.55999755859375,351.0779113769531,351.135009765625,8973
2026-09-16 18:07:00+00:00,351.8949890136719,351.8949890136719,352.0199890136719,351.510009765625,351.5150146484375,7367
2026-09-16 18:08:00+00:00,351.57000732421875,351.57000732421875,351.94000244140625,351.5450134277344,351.8949890136719,9013
2026-09-16 18:09:00+00:00,351.6199951171875,351.6199951171875,351.7200012207031,351.4779968261719,351.5400085449219,7246
2026-09-16 18:10:00+00:00,351.30499267578125,351.30499267578125,351.6199951171875,351.239990234375,351.614990234375,7756
2026-09-16 18:11:00+00:00,351.1300048828125,351.1300048828125,351.3999938964844,351.0,351.30499267578125,9138
2026-09-16 18:12:00+00:00,351.1051940917969,351.1051940917969,351.2799072265625,350.989990234375,351.2200012207031,7136
2026-09-16 18:13:00+00:00,351.3900146484375,351.3900146484375,351.4599914550781,350.9200134277344,351.1700134277344,9739
2026-09-16 18:14:00+00:00,351.19500732421875,351.19500732421875,351.5899963378906,351.19500732421875,351.510009765625,7834
2026-09-16 18:15:00+00:00,351.5199890136719,351.5199890136719,351.55999755859375,351.2900085449219,351.32000732421875,8069
2026-09-16 18:16:00+00:00,351.5849914550781,351.5849914550781,351.6099853515625,351.4700012207031,351.5249938964844,4037
2026-09-16 18:17:00+00:00,351.0299987792969,351.0299987792969,351.64990234375,350.8800048828125,351.64990234375,7983
2026-09-16 18:18:00+00:00,351.010009765625,351.010009765625,351.0799865722656,350.8999938964844,351.07989501953125,8465
2026-09-16 18:19:00+00:00,351.2200012207031,351.2200012207031,351.3999938964844,350.9573974609375,351.010009765625,13280
2026-09-16 18:20:00+00:00,351.1300048828125,351.1300048828125,351.1650085449219,350.90008544921875,351.0950012207031,4078
2026-09-16 18:21:00+00:00,351.489990234375,351.489990234375,351.489990234375,351.17999267578125,351.19000244140625,27274
2026-09-16 18:22:00+00:00,351.7550048828125,351.7550048828125,351.82000732421875,351.5,351.5,24258
2026-09-16 18:23:00+00:00,351.7799987792969,351.7799987792969,351.82989501953125,351.68499755859375,351.739990234375,7528
2026-09-16 18:24:00+00:00,351.3949890136719,351.3949890136719,351.82000732421875,351.3410949707031,351.82000732421875,8242
2026-09-16 18:25:00+00:00,351.2598876953125,351.2598876953125,351.68499755859375,351.04998779296875,351.3900146484375,11627
2026-09-16 18:26:00+00:00,350.4700012207031,350.4700012207031,351.1400146484375,350.25,351.135009765625,20120
2026-09-16 18:27:00+00:00,350.1099853515625,350.1099853515625,350.45001220703125,349.8100891113281,350.4200134277344,20288
2026-09-16 18:28:00+00:00,350.385009765625,350.385009765625,350.7506103515625,350.0199890136719,350.0899963378906,9655
2026-09-16 18:29:00+00:00,350.6099853515625,350.6099853515625,350.80999755859375,350.5,350.5050048828125,9306
2026-09-16 18:30:00+00:00,349.8599853515625,349.8599853515625,350.7799987792969,349.70001220703125,350.625,20959
2026-09-16 18:31:00+00:00,350.2449951171875,350.2449951171875,350.2449951171875,349.82000732421875,349.9800109863281,11524
2026-09-16 18:32:00+00:00,350.07501220703125,350.07501220703125,350.3500061035156,349.8900146484375,350.3500061035156,17589
2026-09-16 18:33:00+00:00,350.114990234375,350.114990234375,350.4750061035156,349.9599914550781,349.989990234375,17746
2026-09-16 18:34:00+00:00,350.29998779296875,350.29998779296875,350.4700012207031,350.114990234375,350.114990234375,17675
2026-09-16 18:35:00+00:00,350.0299987792969,350.0299987792969,350.2300109863281,349.7749938964844,350.2300109863281,14829
2026-09-16 18:36:00+00:00,350.0,350.0,350.4649963378906,349.8599853515625,350.1099853515625,14681
2026-09-16 18:37:00+00:00,349.6000061035156,349.6000061035156,350.125,349.54998779296875,350.0,19197
2026-09-16 18:38:00+00:00,350.260009765625,350.260009765625,350.260009765625,349.54998779296875,349.5899963378906,23668
2026-09-16 18:39:00+00:00,350.110107421875,350.110107421875,350.2749938964844,349.9599914550781,350.1499938964844,15851
2026-09-16 18:40:00+00:00,350.4949951171875,350.4949951171875,350.6000061035156,350.2049865722656,350.2900085449219,12477
2026-09-16 18:41:00+00:00,350.70001220703125,350.70001220703125,350.8800048828125,350.0343933105469,350.57000732421875,7687
2026-09-16 18:42:00+00:00,350.9800109863281,350.9800109863281,351.0400085449219,350.3299865722656,350.70001220703125,16241
2026-09-16 18:43:00+00:00,351.0050048828125,351.0050048828125,351.17999267578125,350.8599853515625,350.9800109863281,9070
2026-09-16 18:44:00+00:00,350.7699890136719,350.7699890136719,351.20318603515625,350.760009765625,350.9700927734375,8005
2026-09-16 18:45:00+00:00,350.6300048828125,350.6300048828125,350.9800109863281,350.6099853515625,350.7300109863281,9328
2026-09-16 18:46:00+00:00,350.7699890136719,350.7699890136719,350.8299865722656,350.42498779296875,350.760009765625,8688
2026-09-16 18:47:00+00:00,350.0824890136719,350.0824890136719,350.7449951171875,350.0002136230469,350.70001220703125,32296
2026-09-16 18:48:00+00:00,349.9200134277344,349.9200134277344,350.1000061035156,349.7900085449219,350.0303039550781,28875
2026-09-16 18:49:00+00:00,349.3699951171875,349.3699951171875,349.889892578125,349.30999755859375,349.80999755859375,19607
2026-09-16 18:50:00+00:00,349.4700012207031,349.4700012207031,349.739990234375,349.239990234375,349.3599853515625,16532
2026-09-16 18:51:00+00:00,349.3100891113281,349.3100891113281,349.6300048828125,349.3100891113281,349.57000732421875,15843
2026-09-16 18:52:00+00:00,348.8500061035156,348.8500061035156,349.32501220703125,348.69000244140625,349.30999755859375,28541
2026-09-16 18:53:00+00:00,348.5199890136719,348.5199890136719,349.07000732421875,348.5199890136719,348.9100036621094,9729
2026-09-16 18:54:00+00:00,348.3901062011719,348.3901062011719,348.6499938964844,348.2699890136719,348.55999755859375,20669
2026-09-16 18:55:00+00:00,348.3299865722656,348.3299865722656,348.7200012207031,348.3299865722656,348.4549865722656,10006
2026-09-16 18:56:00+00:00,348.30999755859375,348.30999755859375,348.5400085449219,348.05999755859375,348.34869384765625,18161
2026-09-16 18:57:00+00:00,348.19500732421875,348.19500732421875,348.3550109863281,348.0799865722656,348.2650146484375,15909
2026-09-16 18:58:00+00:00,348.07000732421875,348.07000732421875,348.2598876953125,348.0368957519531,348.19000244140625,13373
2026-09-16 18:59:00+00:00,347.4849853515625,347.4849853515625,348.1499938964844,347.3500061035156,348.0849914550781,32531
2026-09-16 19:00:00+00:00,348.2650146484375,348.2650146484375,348.32000732421875,347.5950012207031,347.6099853515625,26203
2026-09-16 19:01:00+00:00,347.9049987792969,347.9049987792969,348.45001220703125,347.760009765625,348.2699890136719,20268
2026-09-16 19:02:00+00:00,347.79998779296875,347.79998779296875,348.010009765625,347.5,347.9200134277344,17518
2026-09-16 19:03:00+00:00,347.7749938964844,347.7749938964844,347.8999938964844,347.5,347.8699951171875,16723
2026-09-16 19:04:00+00:00,347.57000732421875,347.57000732421875,347.8999938964844,347.489990234375,347.79998779296875,34103
2026-09-16 19:05:00+00:00,347.6199951171875,347.6199951171875,347.68499755859375,347.28009033203125,347.6400146484375,29325
2026-09-16 19:06:00+00:00,347.5450134277344,347.5450134277344,347.69000244140625,347.29998779296875,347.67999267578125,13437
2026-09-16 19:07:00+00:00,347.260009765625,347.260009765625,347.5450134277344,347.1401062011719,347.5450134277344,13020
2026-09-16 19:08:00+00:00,347.1600036621094,347.1600036621094,347.30999755859375,346.8500061035156,347.2550048828125,32303
2026-09-16 19:09:00+00:00,346.80999755859375,346.80999755859375,347.2300109863281,346.6400146484375,347.1400146484375,23074
2026-09-16 19:10:00+00:00,346.3599853515625,346.3599853515625,346.9100036621094,346.3399963378906,346.9100036621094,15285
2026-09-16 19:11:00+00:00,346.1600036621094,346.1600036621094,346.4100036621094,346.1130065917969,346.3630065917969,22613
2026-09-16 19:12:00+00:00,346.2464904785156,346.2464904785156,346.54998779296875,346.1600036621094,346.1600036621094,17527
2026-09-16 19:13:00+00:00,346.05999755859375,346.05999755859375,346.3800048828125,345.79998779296875,346.2090148925781,32412
2026-09-16 19:14:00+00:00,345.6000061035156,345.6000061035156,346.1600036621094,345.54998779296875,345.95001220703125,23019
2026-09-16 19:15:00+00:00,345.5299987792969,345.5299987792969,346.1199951171875,345.3900146484375,345.6499938964844,27001
2026-09-16 19:16:00+00:00,345.6029052734375,345.6029052734375,345.7650146484375,345.4501037597656,345.70001220703125,10190
2026-09-16 19:17:00+00:00,345.4599914550781,345.4599914550781,345.7699890136719,345.3800964355469,345.6199951171875,15135
2026-09-16 19:18:00+00:00,345.5799865722656,345.5799865722656,345.7300109863281,345.20001220703125,345.3949890136719,27583
2026-09-16 19:19:00+00:00,345.67999267578125,345.67999267578125,345.739990234375,345.5199890136719,345.5849914550781,24042
2026-09-16 19:20:00+00:00,345.489990234375,345.489990234375,345.7300109863281,345.447509765625,345.7300109863281,25076
2026-09-16 19:21:00+00:00,345.4049987792969,345.4049987792969,345.4949951171875,345.1499938964844,345.4949951171875,13488
2026-09-16 19:22:00+00:00,345.135009765625,345.135009765625,345.4049987792969,345.0899963378906,345.4049987792969,17225
2026-09-16 19:23:00+00:00,344.8399963378906,344.8399963378906,345.19000244140625,344.8399963378906,345.135009765625,16413
2026-09-16 19:24:00+00:00,345.00457763671875,345.00457763671875,345.07000732421875,344.68499755859375,344.80999755859375,19277
2026-09-16 19:25:00+00:00,344.8349914550781,344.8349914550781,345.1600036621094,344.7300109863281,345.0150146484375,11490
2026-09-16 19:26:00+00:00,345.10699462890625,345.10699462890625,345.2200012207031,344.7099914550781,344.760009765625,14932
2026-09-16 19:27:00+00:00,345.6387023925781,345.6387023925781,345.6499938964844,344.90008544921875,345.125,21160
2026-09-16 19:28:00+00:00,345.70001220703125,345.70001220703125,345.95001220703125,345.44000244140625,345.5799865722656,25753
2026-09-16 19:29:00+00:00,346.1650085449219,346.1650085449219,346.1700134277344,345.7349853515625,345.739990234375,21721
2026-09-16 19:30:00+00:00,346.79998779296875,346.79998779296875,346.8599853515625,346.19500732421875,346.2099914550781,30180
2026-09-16 19:31:00+00:00,346.9049987792969,346.9049987792969,347.2398986816406,346.80499267578125,346.8299865722656,23858
2026-09-16 19:32:00+00:00,347.1199951171875,347.1199951171875,347.1499938964844,346.86749267578125,346.8999938964844,21150
2026-09-16 19:33:00+00:00,346.7699890136719,346.7699890136719,347.3900146484375,346.6050109863281,347.07000732421875,25368
2026-09-16 19:34:00+00:00,347.1300048828125,347.1300048828125,347.1499938964844,346.8500061035156,346.8699951171875,25263
2026-09-16 19:35:00+00:00,347.2149963378906,347.2149963378906,347.2900085449219,346.9100036621094,347.1300048828125,26939
2026-09-16 19:36:00+00:00,346.739990234375,346.739990234375,347.2200012207031,346.7149963378906,347.2099914550781,15635
2026-09-16 19:37:00+00:00,347.0899963378906,347.0899963378906,347.0899963378906,346.6400146484375,346.69000244140625,14330
2026-09-16 19:38:00+00:00,347.01031494140625,347.01031494140625,347.19000244140625,346.82000732421875,347.0899963378906,12073
2026-09-16 19:39:00+00:00,346.9649963378906,346.9649963378906,347.16070556640625,346.9200134277344,347.0199890136719,18464
2026-09-16 19:40:00+00:00,347.2149963378906,347.2149963378906,347.3500061035156,347.0299987792969,347.0299987792969,21665
2026-09-16 19:41:00+00:00,347.2699890136719,347.2699890136719,347.4599914550781,347.1861877441406,347.1861877441406,31433
2026-09-16 19:42:00+00:00,347.4800109863281,347.4800109863281,347.57000732421875,347.1000061035156,347.25,18892
2026-09-16 19:43:00+00:00,347.4700012207031,347.4700012207031,347.55499267578125,347.3299865722656,347.489990234375,16399
2026-09-16 19:44:00+00:00,347.0150146484375,347.0150146484375,347.510009765625,346.8800048828125,347.3999938964844,29674
2026-09-16 19:45:00+00:00,347.3949890136719,347.3949890136719,347.489990234375,346.8999938964844,346.94000244140625,28587
2026-09-16 19:46:00+00:00,347.4800109863281,347.4800109863281,347.5899963378906,347.375,347.3949890136719,34645
2026-09-16 19:47:00+00:00,347.9200134277344,347.9200134277344,348.1099853515625,347.4800109863281,347.5249938964844,19785
2026-09-16 19:48:00+00:00,348.19500732421875,348.19500732421875,348.2254943847656,347.8800048828125,347.9100036621094,28558
2026-09-16 19:49:00+00:00,348.4399108886719,348.4399108886719,348.44000244140625,348.1400146484375,348.19500732421875,34888
2026-09-16 19:50:00+00:00,348.75,348.75,348.75,348.2300109863281,348.44000244140625,41294
2026-09-16 19:51:00+00:00,348.6050109863281,348.6050109863281,348.864990234375,348.58599853515625,348.7300109863281,43604
2026-09-16 19:52:00+00:00,348.5799865722656,348.5799865722656,348.70001220703125,348.45001220703125,348.6000061035156,34363
2026-09-16 19:53:00+00:00,348.489990234375,348.489990234375,348.7300109863281,348.4200134277344,348.5708923339844,55118
2026-09-16 19:54:00+00:00,348.6000061035156,348.6000061035156,348.6600036621094,348.32000732421875,348.4800109863281,34707
2026-09-16 19:55:00+00:00,348.7900085449219,348.7900085449219,348.8299865722656,348.5201110839844,348.6400146484375,47040
2026-09-16 19:56:00+00:00,348.9599914550781,348.9599914550781,348.9981994628906,348.7300109863281,348.8500061035156,55432
2026-09-16 19:57:00+00:00,348.739990234375,348.739990234375,349.07000732421875,348.739990234375,348.9549865722656,68977
2026-09-16 19:58:00+00:00,349.1600036621094,349.1600036621094,349.1700134277344,348.6449890136719,348.760009765625,110773
2026-09-16 19:59:00+00:00,349.07000732421875,349.07000732421875,349.3099060058594,348.8800048828125,349.1300048828125,210687
2026-09-17 13:30:00+00:00,351.6300048828125,351.6300048828125,352.8399963378906,351.3900146484375,352.2449951171875,175048
2026-09-17 13:31:00+00:00,351.6650085449219,351.6650085449219,351.92498779296875,351.2900085449219,351.92498779296875,18460
2026-09-17 13:32:00+00:00,352.2349853515625,352.2349853515625,352.2349853515625,351.4800109863281,351.6650085449219,62566
2026-09-17 13:33:00+00:00,352.3399963378906,352.3399963378906,353.489990234375,352.1549987792969,352.3800048828125,45258
2026-09-17 13:34:00+00:00,351.4750061035156,351.4750061035156,352.2164001464844,351.18011474609375,352.1099853515625,28765
2026-09-17 13:35:00+00:00,350.5799865722656,350.5799865722656,351.70001220703125,350.5633850097656,351.4949951171875,27547
2026-09-17 13:36:00+00:00,350.94000244140625,350.94000244140625,351.1000061035156,350.4100036621094,350.6050109863281,29704
2026-09-17 13:37:00+00:00,351.07000732421875,351.07000732421875,351.3900146484375,350.7550048828125,351.0799865722656,21909
2026-09-17 13:38:00+00:00,350.70001220703125,350.70001220703125,351.17999267578125,350.19000244140625,350.989990234375,22729
2026-09-17 13:39:00+00:00,350.04998779296875,350.04998779296875,350.70001220703125,349.75,350.6600036621094,23842
2026-09-17 13:40:00+00:00,349.4599914550781,349.4599914550781,349.989990234375,349.4599914550781,349.989990234375,16676
2026-09-17 13:41:00+00:00,349.239990234375,349.239990234375,349.4100036621094,348.9200134277344,349.3763122558594,25360
2026-09-17 13:42:00+00:00,348.375,348.375,349.3299865722656,348.3399963378906,349.1499938964844,18378
2026-09-17 13:43:00+00:00,349.1499938964844,349.1499938964844,349.2099914550781,348.364990234375,348.3699951171875,22007
2026-09-17 13:44:00+00:00,348.3550109863281,348.3550109863281,349.30999755859375,348.1099853515625,349.1549987792969,68316
2026-09-17 13:45:00+00:00,348.114990234375,348.114990234375,348.5299987792969,347.6499938964844,348.3550109863281,19327
2026-09-17 13:46:00+00:00,347.2099914550781,347.2099914550781,348.05499267578125,347.19000244140625,348.04998779296875,23652
2026-09-17 13:47:00+00:00,347.760009765625,347.760009765625,347.95001220703125,347.3599853515625,347.3599853515625,22314
2026-09-17 13:48:00+00:00,347.2200012207031,347.2200012207031,347.7550048828125,347.04998779296875,347.75,28430
2026-09-17 13:49:00+00:00,348.1499938964844,348.1499938964844,348.3299865722656,346.95001220703125,347.2550048828125,21276
2026-09-17 13:50:00+00:00,348.5899963378906,348.5899963378906,348.8360900878906,347.9700012207031,348.1300048828125,9883
2026-09-17 13:51:00+00:00,348.45001220703125,348.45001220703125,349.2850036621094,348.30999755859375,348.8999938964844,21228
2026-09-17 13:52:00+00:00,348.38250732421875,348.38250732421875,348.5862121582031,348.0101013183594,348.30999755859375,15004
2026-09-17 13:53:00+00:00,348.114990234375,348.114990234375,348.4825134277344,348.0199890136719,348.385009765625,18406
2026-09-17 13:54:00+00:00,348.0450134277344,348.0450134277344,348.2200012207031,347.8699951171875,348.114990234375,30993
2026-09-17 13:55:00+00:00,348.1700134277344,348.1700134277344,348.5199890136719,348.0,348.0899963378906,16335
2026-09-17 13:56:00+00:00,347.80999755859375,347.80999755859375,348.5199890136719,347.79998779296875,348.1300048828125,17596
2026-09-17 13:57:00+00:00,348.0824890136719,348.0824890136719,348.2489013671875,347.82501220703125,347.8399963378906,8510
2026-09-17 13:58:00+00:00,347.6499938964844,347.6499938964844,348.114990234375,347.6099853515625,348.1099853515625,18053
2026-09-17 13:59:00+00:00,347.7699890136719,347.7699890136719,347.8550109863281,347.57000732421875,347.7449951171875,16528
2026-09-17 14:00:00+00:00,347.760009765625,347.760009765625,347.94000244140625,347.5,347.7550048828125,27746
2026-09-17 14:01:00+00:00,347.2300109863281,347.2300109863281,347.760009765625,347.1099853515625,347.760009765625,19507
2026-09-17 14:02:00+00:00,347.32000732421875,347.32000732421875,347.73040771484375,347.1099853515625,347.2300109863281,12118
2026-09-17 14:03:00+00:00,346.7799987792969,346.7799987792969,347.42999267578125,346.6400146484375,347.32000732421875,13061
2026-09-17 14:04:00+00:00,346.2699890136719,346.2699890136719,346.8999938964844,346.1099853515625,346.6300048828125,24342
2026-09-17 14:05:00+00:00,345.6300048828125,345.6300048828125,346.2449951171875,345.5,346.20001220703125,23983
2026-09-17 14:06:00+00:00,345.6300048828125,345.6300048828125,345.8349914550781,345.2699890136719,345.5199890136719,27466
2026-09-17 14:07:00+00:00,346.0050048828125,346.0050048828125,346.2099914550781,345.5899963378906,345.5899963378906,16336
2026-09-17 14:08:00+00:00,345.80999755859375,345.80999755859375,346.04998779296875,345.5,345.989990234375,14593
2026-09-17 14:09:00+00:00,345.8699951171875,345.8699951171875,345.989990234375,345.5,345.9200134277344,14992
2026-09-17 14:10:00+00:00,346.114990234375,346.114990234375,346.2799987792969,345.8800048828125,345.8800048828125,13344
2026-09-17 14:11:00+00:00,346.3999938964844,346.3999938964844,346.69989013671875,346.07000732421875,346.07000732421875,13976
2026-09-17 14:12:00+00:00,346.44000244140625,346.44000244140625,346.5199890136719,346.2300109863281,346.3299865722656,21356
2026-09-17 14:13:00+00:00,346.5849914550781,346.5849914550781,346.70001220703125,346.3399963378906,346.44000244140625,25294
2026-09-17 14:14:00+00:00,346.43218994140625,346.43218994140625,346.69000244140625,346.364990234375,346.5849914550781,16672
2026-09-17 14:15:00+00:00,346.4800109863281,346.4800109863281,346.6099853515625,346.4100036621094,346.4908142089844,13794
2026-09-17 14:16:00+00:00,346.0799865722656,346.0799865722656,346.54998779296875,345.8999938964844,346.54998779296875,29311
2026-09-17 14:17:00+00:00,346.1000061035156,346.1000061035156,346.3500061035156,346.09478759765625,346.135009765625,21471
2026-09-17 14:18:00+00:00,346.20001220703125,346.20001220703125,346.3699951171875,345.9700012207031,346.04998779296875,25140
2026-09-17 14:19:00+00:00,346.3299865722656,346.3299865722656,346.5299987792969,346.20001220703125,346.239990234375,11052
2026-09-17 14:20:00+00:00,346.44500732421875,346.44500732421875,346.5799865722656,346.19000244140625,346.3299865722656,18081
2026-09-17 14:21:00+00:00,347.07501220703125,347.07501220703125,347.0899963378906,346.44500732421875,346.44500732421875,43852
2026-09-17 14:22:00+00:00,347.4200134277344,347.4200134277344,347.5050048828125,346.8399963378906,347.1600036621094,58917
2026-09-17 14:23:00+00:00,347.5,347.5,347.6600036621094,347.30999755859375,347.5,21815
2026-09-17 14:24:00+00:00,347.4100036621094,347.4100036621094,347.5199890136719,347.1499938964844,347.5141906738281,12100
2026-09-17 14:25:00+00:00,347.2300109863281,347.2300109863281,347.69500732421875,347.2300109863281,347.5400085449219,9130
2026-09-17 14:26:00+00:00,347.1499938964844,347.1499938964844,347.2799987792969,347.06500244140625,347.2300109863281,9834
2026-09-17 14:27:00+00:00,347.29998779296875,347.29998779296875,347.29998779296875,347.0,347.1499938964844,15867
2026-09-17 14:28:00+00:00,347.0799865722656,347.0799865722656,347.3160095214844,347.010009765625,347.17498779296875,5901
2026-09-17 14:29:00+00:00,346.92498779296875,346.92498779296875,347.1300048828125,346.70001220703125,347.010009765625,9871
2026-09-17 14:30:00+00:00,346.94000244140625,346.94000244140625,347.04998779296875,346.6636047363281,346.9700012207031,14953
2026-09-17 14:31:00+00:00,346.80999755859375,346.80999755859375,347.0899963378906,346.7900085449219,347.07000732421875,7393
2026-09-17 14:32:00+00:00,346.7300109863281,346.7300109863281,347.010009765625,346.6199951171875,346.9800109863281,9456
2026-09-17 14:33:00+00:00,346.6499938964844,346.6499938964844,347.0199890136719,346.6499938964844,346.7149963378906,10330
2026-09-17 14:34:00+00:00,347.0350036621094,347.0350036621094,347.07000732421875,346.7250061035156,346.7250061035156,13989
2026-09-17 14:35:00+00:00,346.6099853515625,346.6099853515625,347.07000732421875,346.6099853515625,347.07000732421875,7976
2026-09-17 14:36:00+00:00,346.4700012207031,346.4700012207031,346.75,346.3999938964844,346.56500244140625,23151
2026-09-17 14:37:00+00:00,346.7650146484375,346.7650146484375,346.97698974609375,346.45001220703125,346.4800109863281,15919
2026-09-17 14:38:00+00:00,346.92498779296875,346.92498779296875,347.0050048828125,346.6199951171875,346.7650146484375,11673
2026-09-17 14:39:00+00:00,346.67999267578125,346.67999267578125,346.94500732421875,346.6000061035156,346.92999267578125,19385
2026-09-17 14:40:00+00:00,346.92999267578125,346.92999267578125,346.9599914550781,346.6099853515625,346.70001220703125,7808
2026-09-17 14:41:00+00:00,347.18499755859375,347.18499755859375,347.2799072265625,346.7699890136719,346.8599853515625,20253
2026-09-17 14:42:00+00:00,347.385009765625,347.385009765625,347.46160888671875,347.18499755859375,347.18499755859375,10675
2026-09-17 14:43:00+00:00,347.82501220703125,347.82501220703125,347.8399963378906,347.385009765625,347.385009765625,11679
2026-09-17 14:44:00+00:00,348.1449890136719,348.1449890136719,348.20001220703125,347.75,347.82501220703125,14587
2026-09-17 14:45:00+00:00,347.67999267578125,347.67999267578125,348.1650085449219,347.67999267578125,348.1549987792969,5946
2026-09-17 14:46:00+00:00,347.45001220703125,347.45001220703125,347.7699890136719,347.45001220703125,347.67999267578125,7350
2026-09-17 14:47:00+00:00,347.44000244140625,347.44000244140625,347.5299987792969,347.3599853515625,347.4100036621094,10090
2026-09-17 14:48:00+00:00,347.5799865722656,347.5799865722656,347.659912109375,347.4700012207031,347.4849853515625,14647
2026-09-17 14:49:00+00:00,347.3949890136719,347.3949890136719,347.5299987792969,347.2049865722656,347.5299987792969,9846
2026-09-17 14:50:00+00:00,347.6300048828125,347.6300048828125,347.6474914550781,347.3949890136719,347.3949890136719,6423
2026-09-17 14:51:00+00:00,347.3349914550781,347.3349914550781,347.67999267578125,347.2699890136719,347.67999267578125,6788
2026-09-17 14:52:00+00:00,347.11749267578125,347.11749267578125,347.4494934082031,347.0899963378906,347.3349914550781,10331
2026-09-17 14:53:00+00:00,347.1700134277344,347.1700134277344,347.25,346.94000244140625,347.0950012207031,9814
2026-09-17 14:54:00+00:00,347.32000732421875,347.32000732421875,347.5060119628906,347.1654968261719,347.1700134277344,6519
2026-09-17 14:55:00+00:00,347.45001220703125,347.45001220703125,347.623291015625,347.2200012207031,347.3550109863281,6769
2026-09-17 14:56:00+00:00,347.6199951171875,347.6199951171875,347.7106018066406,347.45001220703125,347.489990234375,7789
2026-09-17 14:57:00+00:00,347.55999755859375,347.55999755859375,347.75,347.510009765625,347.75,3754
2026-09-17 14:58:00+00:00,347.75,347.75,348.05499267578125,347.5199890136719,347.55999755859375,10771
2026-09-17 14:59:00+00:00,347.6199951171875,347.6199951171875,347.864990234375,347.6099853515625,347.6549987792969,13847
2026-09-17 15:00:00+00:00,347.760009765625,347.760009765625,347.8399963378906,347.5050048828125,347.6199951171875,5394
2026-09-17 15:01:00+00:00,347.9049987792969,347.9049987792969,348.07000732421875,347.760009765625,347.760009765625,8369
2026-09-17 15:02:00+00:00,348.0,348.0,348.07000732421875,347.7099914550781,347.9049987792969,6259
2026-09-17 15:03:00+00:00,348.44000244140625,348.44000244140625,348.456787109375,347.9200134277344,347.989990234375,10750
2026-09-17 15:04:00+00:00,348.2149963378906,348.2149963378906,348.5,348.19000244140625,348.4549865722656,4949
2026-09-17 15:05:00+00:00,348.31500244140625,348.31500244140625,348.4599914550781,348.2149963378906,348.2149963378906,9702
2026-09-17 15:06:00+00:00,348.510009765625,348.510009765625,348.5899963378906,348.26080322265625,348.26080322265625,5988
2026-09-17 15:07:00+00:00,348.5249938964844,348.5249938964844,348.564697265625,348.30999755859375,348.4800109863281,5773
2026-09-17 15:08:00+00:00,348.44000244140625,348.44000244140625,348.4750061035156,348.3599853515625,348.4353942871094,6811
2026-09-17 15:09:00+00:00,348.3999938964844,348.3999938964844,348.42999267578125,348.2699890136719,348.4150085449219,4014
2026-09-17 15:10:00+00:00,348.6199951171875,348.6199951171875,348.6199951171875,348.3900146484375,348.42999267578125,15275
2026-09-17 15:11:00+00:00,348.6763000488281,348.6763000488281,348.7799072265625,348.6400146484375,348.6700134277344,7416
2026-09-17 15:12:00+00:00,348.7149963378906,348.7149963378906,348.8500061035156,348.6400146484375,348.7699890136719,6123
2026-09-17 15:13:00+00:00,348.5199890136719,348.5199890136719,348.82000732421875,348.5199890136719,348.6600036621094,11184
2026-09-17 15:14:00+00:00,348.69000244140625,348.69000244140625,348.75,348.42999267578125,348.5199890136719,7869
2026-09-17 15:15:00+00:00,348.7149963378906,348.7149963378906,348.7499084472656,348.489990234375,348.69000244140625,6350
2026-09-17 15:16:00+00:00,348.989990234375,348.989990234375,349.0150146484375,348.6099853515625,348.7099914550781,8009
2026-09-17 15:17:00+00:00,349.0799865722656,349.0799865722656,349.13427734375,348.8999938964844,348.92999267578125,8270
2026-09-17 15:18:00+00:00,349.1300048828125,349.1300048828125,349.17498779296875,348.95001220703125,349.07000732421875,12292
2026-09-17 15:19:00+00:00,349.05999755859375,349.05999755859375,349.1440124511719,348.9599914550781,349.04998779296875,5589
2026-09-17 15:20:00+00:00,348.94000244140625,348.94000244140625,349.0299987792969,348.79998779296875,348.9800109863281,7369
2026-09-17 15:21:00+00:00,348.80999755859375,348.80999755859375,348.94500732421875,348.80999755859375,348.8999938964844,5369
2026-09-17 15:22:00+00:00,348.8999938964844,348.8999938964844,348.9150085449219,348.7200927734375,348.7799987792969,4750
2026-09-17 15:23:00+00:00,348.8800048828125,348.8800048828125,348.92999267578125,348.80499267578125,348.8999938964844,8894
2026-09-17 15:24:00+00:00,348.8900146484375,348.8900146484375,348.8900146484375,348.7699890136719,348.8800048828125,8614
2026-09-17 15:25:00+00:00,349.3399963378906,349.3399963378906,349.3599853515625,348.8999938964844,348.8999938964844,19370
2026-09-17 15:26:00+00:00,349.18499755859375,349.18499755859375,349.3800048828125,349.0400085449219,349.3800048828125,19357
2026-09-17 15:27:00+00:00,349.010009765625,349.010009765625,349.2799987792969,348.9599914550781,349.2799987792969,17437
2026-09-17 15:28:00+00:00,348.989990234375,348.989990234375,349.0950012207031,348.9700012207031,349.0050048828125,7482
2026-09-17 15:29:00+00:00,349.0849914550781,349.0849914550781,349.1199035644531,348.94000244140625,348.95001220703125,7663
2026-09-17 15:30:00+00:00,349.0899963378906,349.0899963378906,349.1449890136719,348.9193115234375,349.05999755859375,5205
2026-09-17 15:31:00+00:00,349.010009765625,349.010009765625,349.1400146484375,348.9700012207031,349.12310791015625,9054
2026-09-17 15:32:00+00:00,349.1099853515625,349.1099853515625,349.3299865722656,349.010009765625,349.0150146484375,19457
2026-09-17 15:33:00+00:00,349.0299987792969,349.0299987792969,349.1499938964844,348.9800109863281,349.125,6956
2026-09-17 15:34:00+00:00,349.135009765625,349.135009765625,349.2300109863281,348.9599914550781,348.9800109863281,14926
2026-09-17 15:35:00+00:00,349.2449951171875,349.2449951171875,349.2699890136719,349.1199951171875,349.1351013183594,10049
2026-09-17 15:36:00+00:00,349.0849914550781,349.0849914550781,349.2900085449219,349.0199890136719,349.25,6275
2026-09-17 15:37:00+00:00,349.0799865722656,349.0799865722656,349.3699951171875,349.0799865722656,349.20001220703125,7121
2026-09-17 15:38:00+00:00,349.1400146484375,349.1400146484375,349.239990234375,349.125,349.125,4164
2026-09-17 15:39:00+00:00,349.2349853515625,349.2349853515625,349.32000732421875,349.1000061035156,349.24261474609375,8483
2026-09-17 15:40:00+00:00,349.3999938964844,349.3999938964844,349.3999938964844,349.2099914550781,349.25,4152
2026-09-17 15:41:00+00:00,349.4100036621094,349.4100036621094,349.44000244140625,349.28009033203125,349.3550109863281,2948
2026-09-17 15:42:00+00:00,349.42498779296875,349.42498779296875,349.5,349.3999938964844,349.44000244140625,7341
2026-09-17 15:43:00+00:00,349.2149963378906,349.2149963378906,349.5400085449219,349.17999267578125,349.4599914550781,5515
2026-09-17 15:44:00+00:00,349.2300109863281,349.2300109863281,349.2300109863281,349.1099853515625,349.2149963378906,7333
2026-09-17 15:45:00+00:00,349.1700134277344,349.1700134277344,349.2900085449219,349.1700134277344,349.25,4477
2026-09-17 15:46:00+00:00,349.0963134765625,349.0963134765625,349.20001220703125,349.04998779296875,349.1933898925781,4884
2026-09-17 15:47:00+00:00,349.19500732421875,349.19500732421875,349.2099914550781,349.0400085449219,349.0799865722656,4559
2026-09-17 15:48:00+00:00,349.4150085449219,349.4150085449219,349.4999084472656,349.1400146484375,349.18499755859375,5043
2026-09-17 15:49:00+00:00,349.3299865722656,349.3299865722656,349.4324951171875,349.3299865722656,349.4150085449219,3989
2026-09-17 15:50:00+00:00,349.2650146484375,349.2650146484375,349.5,349.2449951171875,349.4200134277344,6213
2026-09-17 15:51:00+00:00,349.260009765625,349.260009765625,349.30999755859375,349.25140380859375,349.2699890136719,3916
2026-09-17 15:52:00+00:00,349.3500061035156,349.3500061035156,349.3500061035156,349.2300109863281,349.2300109863281,3756
2026-09-17 15:53:00+00:00,349.32501220703125,349.32501220703125,349.4049072265625,349.29998779296875,349.31500244140625,5804
2026-09-17 15:54:00+00:00,349.510009765625,349.510009765625,349.510009765625,349.32501220703125,349.32501220703125,2269
2026-09-17 15:55:00+00:00,349.55499267578125,349.55499267578125,349.5950012207031,349.42999267578125,349.54998779296875,4258
2026-09-17 15:56:00+00:00,349.4700012207031,349.4700012207031,349.56988525390625,349.3900146484375,349.5201110839844,6360
2026-09-17 15:57:00+00:00,349.7200012207031,349.7200012207031,349.7200012207031,349.44000244140625,349.5,6415
2026-09-17 15:58:00+00:00,349.6000061035156,349.6000061035156,349.6400146484375,349.55999755859375,349.6300048828125,6928
2026-09-17 15:59:00+00:00,349.79998779296875,349.79998779296875,349.8500061035156,349.5400085449219,349.6000061035156,14634
2026-09-17 16:00:00+00:00,349.6925048828125,349.6925048828125,349.8349914550781,349.6488037109375,349.7200927734375,9715
2026-09-17 16:01:00+00:00,349.6452941894531,349.6452941894531,349.7200012207031,349.6199951171875,349.70001220703125,14374
2026-09-17 16:02:00+00:00,349.7774963378906,349.7774963378906,349.8299865722656,349.654296875,349.6650085449219,7090
2026-09-17 16:03:00+00:00,349.739990234375,349.739990234375,349.8450012207031,349.7101135253906,349.7799987792969,10359
2026-09-17 16:04:00+00:00,349.7900085449219,349.7900085449219,349.8399963378906,349.70001220703125,349.7699890136719,4888
2026-09-17 16:05:00+00:00,349.92498779296875,349.92498779296875,349.95001220703125,349.7550048828125,349.7550048828125,10120
2026-09-17 16:06:00+00:00,349.6700134277344,349.6700134277344,349.94000244140625,349.6549987792969,349.9200134277344,15627
2026-09-17 16:07:00+00:00,349.8550109863281,349.8550109863281,349.8550109863281,349.6499938964844,349.67999267578125,9943
2026-09-17 16:08:00+00:00,349.92999267578125,349.92999267578125,349.95001220703125,349.7974853515625,349.8999938964844,5939
2026-09-17 16:09:00+00:00,349.95001220703125,349.95001220703125,350.0400085449219,349.9100036621094,349.9100036621094,7254
2026-09-17 16:10:00+00:00,349.822509765625,349.822509765625,349.9599914550781,349.80010986328125,349.9100036621094,6878
2026-09-17 16:11:00+00:00,349.739990234375,349.739990234375,349.8599853515625,349.739990234375,349.8299865722656,3438
2026-09-17 16:12:00+00:00,349.6700134277344,349.6700134277344,349.760009765625,349.5899963378906,349.69000244140625,6113
2026-09-17 16:13:00+00:00,349.7099914550781,349.7099914550781,349.79998779296875,349.5801086425781,349.7200012207031,3759
2026-09-17 16:14:00+00:00,349.6700134277344,349.6700134277344,349.7200012207031,349.6300048828125,349.7200012207031,4562
2026-09-17 16:15:00+00:00,349.8550109863281,349.8550109863281,349.8900146484375,349.70001220703125,349.70001220703125,6243
2026-09-17 16:16:00+00:00,349.8705139160156,349.8705139160156,349.9580078125,349.7900085449219,349.8550109863281,4893
2026-09-17 16:17:00+00:00,349.8800048828125,349.8800048828125,349.9800109863281,349.8399963378906,349.92498779296875,6235
2026-09-17 16:18:00+00:00,349.8349914550781,349.8349914550781,349.9100036621094,349.739990234375,349.8800048828125,6822
2026-09-17 16:19:00+00:00,349.82000732421875,349.82000732421875,349.8575134277344,349.7099914550781,349.8575134277344,6102
2026-09-17 16:20:00+00:00,349.8800048828125,349.8800048828125,349.8900146484375,349.78619384765625,349.80499267578125,4249
2026-09-17 16:21:00+00:00,349.8901062011719,349.8901062011719,349.9700012207031,349.8900146484375,349.90509033203125,8835
2026-09-17 16:22:00+00:00,349.989990234375,349.989990234375,350.010009765625,349.8800048828125,349.8999938964844,5360
2026-09-17 16:23:00+00:00,349.9100036621094,349.9100036621094,350.010009765625,349.8999938964844,349.94000244140625,3586
2026-09-17 16:24:00+00:00,349.94000244140625,349.94000244140625,350.06500244140625,349.9100036621094,349.9599914550781,6073
2026-09-17 16:25:00+00:00,350.25,350.25,350.25,349.9100036621094,349.95001220703125,13819
2026-09-17 16:26:00+00:00,350.3550109863281,350.3550109863281,350.364990234375,350.1300048828125,350.2898864746094,17516
2026-09-17 16:27:00+00:00,350.25,350.25,350.3294982910156,350.19000244140625,350.3147888183594,9638
2026-09-17 16:28:00+00:00,350.2300109863281,350.2300109863281,350.2349853515625,350.20001220703125,350.2349853515625,1513
2026-09-17 16:29:00+00:00,350.2900085449219,350.2900085449219,350.2900085449219,350.1449890136719,350.20001220703125,5884
2026-09-17 16:30:00+00:00,350.2950134277344,350.2950134277344,350.375,350.260009765625,350.29998779296875,10626
2026-09-17 16:31:00+00:00,350.30999755859375,350.30999755859375,350.30999755859375,350.2300109863281,350.2950134277344,8662
2026-09-17 16:32:00+00:00,350.30999755859375,350.30999755859375,350.375,350.2699890136719,350.31500244140625,8482
2026-09-17 16:33:00+00:00,350.1099853515625,350.1099853515625,350.3599853515625,350.1099853515625,350.32000732421875,11175
2026-09-17 16:34:00+00:00,350.1600036621094,350.1600036621094,350.2099914550781,350.1300048828125,350.1300048828125,3092
2026-09-17 16:35:00+00:00,350.0,350.0,350.13250732421875,349.92999267578125,350.1300048828125,7479
2026-09-17 16:36:00+00:00,349.94000244140625,349.94000244140625,349.9599914550781,349.80010986328125,349.94000244140625,6660
2026-09-17 16:37:00+00:00,349.9549865722656,349.9549865722656,349.989990234375,349.8999938964844,349.93499755859375,6005
2026-09-17 16:38:00+00:00,349.93499755859375,349.93499755859375,349.9892883300781,349.8500061035156,349.8800048828125,3504
2026-09-17 16:39:00+00:00,349.9549865722656,349.9549865722656,350.0,349.9100036621094,349.9898986816406,1710
2026-09-17 16:40:00+00:00,350.02899169921875,350.02899169921875,350.05999755859375,349.9200134277344,349.9549865722656,5819
2026-09-17 16:41:00+00:00,350.125,350.125,350.20001220703125,350.0260925292969,350.0260925292969,4662
2026-09-17 16:42:00+00:00,350.1300048828125,350.1300048828125,350.20001220703125,350.07000732421875,350.0762023925781,5397
2026-09-17 16:43:00+00:00,350.17999267578125,350.17999267578125,350.2099914550781,350.05999755859375,350.05999755859375,3752
2026-09-17 16:44:00+00:00,350.1000061035156,350.1000061035156,350.2300109863281,350.0899963378906,350.17999267578125,3696
2026-09-17 16:45:00+00:00,350.1099853515625,350.1099853515625,350.1600036621094,350.1000061035156,350.1000061035156,2685
2026-09-17 16:46:00+00:00,350.1700134277344,350.1700134277344,350.17999267578125,350.0899963378906,350.1000061035156,8197
2026-09-17 16:47:00+00:00,350.12060546875,350.12060546875,350.25,350.12060546875,350.19000244140625,8056
2026-09-17 16:48:00+00:00,350.0400085449219,350.0400085449219,350.17999267578125,350.0199890136719,350.17999267578125,6477
2026-09-17 16:49:00+00:00,349.9800109863281,349.9800109863281,350.05499267578125,349.9800109863281,350.0400085449219,6946
2026-09-17 16:50:00+00:00,350.05999755859375,350.05999755859375,350.05999755859375,349.95001220703125,349.9700012207031,7308
2026-09-17 16:51:00+00:00,350.0249938964844,350.0249938964844,350.1299133300781,350.0150146484375,350.1299133300781,3899
2026-09-17 16:52:00+00:00,350.06048583984375,350.06048583984375,350.1199035644531,349.94000244140625,349.989990234375,6479
2026-09-17 16:53:00+00:00,350.07000732421875,350.07000732421875,350.1099853515625,350.0199890136719,350.06500244140625,3524
2026-09-17 16:54:00+00:00,349.9800109863281,349.9800109863281,350.1300048828125,349.9800109863281,350.0700988769531,5475
2026-09-17 16:55:00+00:00,349.67498779296875,349.67498779296875,350.0299987792969,349.6499938964844,350.0151062011719,16925
2026-09-17 16:56:00+00:00,349.760009765625,349.760009765625,349.760009765625,349.614990234375,349.7298889160156,4189
2026-09-17 16:57:00+00:00,349.7699890136719,349.7699890136719,349.79998779296875,349.635009765625,349.7200012207031,4981
2026-09-17 16:58:00+00:00,349.7799987792969,349.7799987792969,349.8299865722656,349.74798583984375,349.80999755859375,4048
2026-09-17 16:59:00+00:00,349.8301086425781,349.8301086425781,349.92999267578125,349.82000732421875,349.8511962890625,2132
2026-09-17 17:00:00+00:00,349.8999938964844,349.8999938964844,349.94000244140625,349.80999755859375,349.885009765625,6749
2026-09-17 17:01:00+00:00,350.05999755859375,350.05999755859375,350.125,349.9142761230469,349.9150085449219,4744
2026-09-17 17:02:00+00:00,349.989990234375,349.989990234375,350.1000061035156,349.94000244140625,350.06500244140625,7497
2026-09-17 17:03:00+00:00,349.8900146484375,349.8900146484375,350.0,349.8900146484375,349.9200134277344,4782
2026-09-17 17:04:00+00:00,350.0849914550781,350.0849914550781,350.14990234375,349.9150085449219,349.9150085449219,3406
2026-09-17 17:05:00+00:00,350.07000732421875,350.07000732421875,350.1000061035156,349.9200134277344,350.0950012207031,4835
2026-09-17 17:06:00+00:00,350.2300109863281,350.2300109863281,350.30499267578125,349.9901123046875,350.07000732421875,6218
2026-09-17 17:07:00+00:00,350.2200012207031,350.2200012207031,350.2699890136719,350.19000244140625,350.2300109863281,3460
2026-09-17 17:08:00+00:00,350.1400146484375,350.1400146484375,350.260009765625,350.1300048828125,350.2200012207031,6589
2026-09-17 17:09:00+00:00,349.9949951171875,349.9949951171875,350.1626892089844,349.9949951171875,350.1300048828125,3643
2026-09-17 17:10:00+00:00,350.07501220703125,350.07501220703125,350.1000061035156,350.0,350.0,3954
2026-09-17 17:11:00+00:00,349.9200134277344,349.9200134277344,350.1000061035156,349.9200134277344,350.1000061035156,3308
2026-09-17 17:12:00+00:00,349.9599914550781,349.9599914550781,350.0400085449219,349.92999267578125,349.92999267578125,3834
2026-09-17 17:13:00+00:00,350.0199890136719,350.0199890136719,350.06988525390625,349.9649963378906,349.9649963378906,4500
2026-09-17 17:14:00+00:00,350.05999755859375,350.05999755859375,350.1098937988281,350.010009765625,350.010009765625,2076
2026-09-17 17:15:00+00:00,349.94500732421875,349.94500732421875,350.07000732421875,349.9200134277344,350.0400085449219,4506
2026-09-17 17:16:00+00:00,350.0799865722656,350.0799865722656,350.1000061035156,349.9200134277344,349.94500732421875,6406
2026-09-17 17:17:00+00:00,349.7900085449219,349.7900085449219,350.1000061035156,349.7900085449219,350.07501220703125,7308
2026-09-17 17:18:00+00:00,349.6300048828125,349.6300048828125,349.8599853515625,349.489990234375,349.7550048828125,6137
2026-09-17 17:19:00+00:00,349.69500732421875,349.69500732421875,349.75,349.6499938964844,349.70001220703125,3225
2026-09-17 17:20:00+00:00,349.5350036621094,349.5350036621094,349.6600036621094,349.51959228515625,349.6600036621094,4304
2026-09-17 17:21:00+00:00,349.5950012207031,349.5950012207031,349.6199951171875,349.5,349.510009765625,4529
2026-09-17 17:22:00+00:00,349.55499267578125,349.55499267578125,349.6050109863281,349.5199890136719,349.5950012207031,1604
2026-09-17 17:23:00+00:00,349.54998779296875,349.54998779296875,349.6000061035156,349.510009765625,349.55499267578125,7437
2026-09-17 17:24:00+00:00,349.3999938964844,349.3999938964844,349.57000732421875,349.3999938964844,349.5350036621094,9884
2026-09-17 17:25:00+00:00,349.5,349.5,349.5,349.3999938964844,349.3999938964844,4415
2026-09-17 17:26:00+00:00,349.44000244140625,349.44000244140625,349.4649963378906,349.3490905761719,349.4649963378906,5263
2026-09-17 17:27:00+00:00,349.5799865722656,349.5799865722656,349.6099853515625,349.3999938964844,349.45001220703125,6780
2026-09-17 17:28:00+00:00,349.3949890136719,349.3949890136719,349.5899963378906,349.3599853515625,349.57000732421875,8788
2026-09-17 17:29:00+00:00,349.5050048828125,349.5050048828125,349.5150146484375,349.3500061035156,349.3949890136719,14146
2026-09-17 17:30:00+00:00,349.4700012207031,349.4700012207031,349.5899963378906,349.4700012207031,349.510009765625,3731
2026-09-17 17:31:00+00:00,349.4100036621094,349.4100036621094,349.489990234375,349.3800048828125,349.4750061035156,11640
2026-09-17 17:32:00+00:00,349.510009765625,349.510009765625,349.5299987792969,349.3999938964844,349.4200134277344,15639
2026-09-17 17:33:00+00:00,349.42498779296875,349.42498779296875,349.4750061035156,349.3800048828125,349.4750061035156,5163
2026-09-17 17:34:00+00:00,349.5,349.5,349.5,349.4049987792969,349.44000244140625,10053
2026-09-17 17:35:00+00:00,349.6199951171875,349.6199951171875,349.6199951171875,349.4549865722656,349.4549865722656,6405
2026-09-17 17:36:00+00:00,349.5899963378906,349.5899963378906,349.639892578125,349.5700988769531,349.6099853515625,5279
2026-09-17 17:37:00+00:00,349.7028503417969,349.7028503417969,349.7370910644531,349.5899963378906,349.5899963378906,4543
2026-09-17 17:38:00+00:00,349.7149963378906,349.7149963378906,349.7699890136719,349.6499938964844,349.69000244140625,5468
2026-09-17 17:39:00+00:00,349.70001220703125,349.70001220703125,349.7349853515625,349.67999267578125,349.7300109863281,4276
2026-09-17 17:40:00+00:00,349.75,349.75,349.8699951171875,349.69000244140625,349.69000244140625,6659
2026-09-17 17:41:00+00:00,349.80499267578125,349.80499267578125,349.8245849609375,349.7699890136719,349.7900085449219,3849
2026-09-17 17:42:00+00:00,349.6499938964844,349.6499938964844,349.82000732421875,349.6499938964844,349.79998779296875,5496
2026-09-17 17:43:00+00:00,349.69580078125,349.69580078125,349.739990234375,349.6600036621094,349.6600036621094,6163
2026-09-17 17:44:00+00:00,349.70001220703125,349.70001220703125,349.7799987792969,349.68011474609375,349.7121887207031,3390
2026-09-17 17:45:00+00:00,349.6401062011719,349.6401062011719,349.7049865722656,349.610107421875,349.69000244140625,5675
2026-09-17 17:46:00+00:00,349.7550048828125,349.7550048828125,349.76708984375,349.5899963378906,349.6199951171875,5713
2026-09-17 17:47:00+00:00,349.6600036621094,349.6600036621094,349.7799987792969,349.6400146484375,349.75,5669
2026-09-17 17:48:00+00:00,349.760009765625,349.760009765625,349.7699890136719,349.6700134277344,349.69000244140625,3052
2026-09-17 17:49:00+00:00,349.6300048828125,349.6300048828125,349.7699890136719,349.6000061035156,349.7500915527344,5851
2026-09-17 17:50:00+00:00,349.625,349.625,349.6700134277344,349.6099853515625,349.6099853515625,5018
2026-09-17 17:51:00+00:00,349.54998779296875,349.54998779296875,349.639892578125,349.5299987792969,349.625,5539
2026-09-17 17:52:00+00:00,349.5849914550781,349.5849914550781,349.6000061035156,349.44000244140625,349.5299987792969,6428
2026-09-17 17:53:00+00:00,349.5350036621094,349.5350036621094,349.6099853515625,349.4800109863281,349.5700988769531,4499
2026-09-17 17:54:00+00:00,349.4700012207031,349.4700012207031,349.55999755859375,349.4700012207031,349.55999755859375,4008
2026-09-17 17:55:00+00:00,349.5400085449219,349.5400085449219,349.5400085449219,349.3999938964844,349.4100036621094,4979
2026-09-17 17:56:00+00:00,349.6199951171875,349.6199951171875,349.7449951171875,349.489990234375,349.5249938964844,12010
2026-09-17 17:57:00+00:00,349.739990234375,349.739990234375,349.80999755859375,349.57000732421875,349.57000732421875,10024
2026-09-17 17:58:00+00:00,349.79998779296875,349.79998779296875,349.8599853515625,349.7099914550781,349.7349853515625,9195
2026-09-17 17:59:00+00:00,349.8699951171875,349.8699951171875,349.8800048828125,349.7112121582031,349.75,8083
2026-09-17 18:00:00+00:00,349.92498779296875,349.92498779296875,349.9649963378906,349.80999755859375,349.8999938964844,5074
2026-09-17 18:01:00+00:00,349.9649963378906,349.9649963378906,349.9700012207031,349.8699951171875,349.9100036621094,4630
2026-09-17 18:02:00+00:00,349.875,349.875,350.0899963378906,349.80999755859375,349.9599914550781,15854
2026-09-17 18:03:00+00:00,349.7900085449219,349.7900085449219,349.875,349.739990234375,349.8599853515625,7797
2026-09-17 18:04:00+00:00,349.7900085449219,349.7900085449219,349.8500061035156,349.7699890136719,349.7900085449219,5287
2026-09-17 18:05:00+00:00,349.7300109863281,349.7300109863281,349.8500061035156,349.7300109863281,349.84991455078125,5270
2026-09-17 18:06:00+00:00,349.69000244140625,349.69000244140625,349.7900085449219,349.6700134277344,349.7699890136719,6384
2026-09-17 18:07:00+00:00,349.6099853515625,349.6099853515625,349.69000244140625,349.55999755859375,349.6600036621094,10113
2026-09-17 18:08:00+00:00,349.6499938964844,349.6499938964844,349.739990234375,349.6400146484375,349.6400146484375,4181
2026-09-17 18:09:00+00:00,349.739990234375,349.739990234375,349.739990234375,349.57000732421875,349.6549987792969,4858
2026-09-17 18:10:00+00:00,349.8800048828125,349.8800048828125,349.8800048828125,349.7300109863281,349.739990234375,3951
2026-09-17 18:11:00+00:00,349.9150085449219,349.9150085449219,349.9700012207031,349.8399963378906,349.8800048828125,5359
2026-09-17 18:12:00+00:00,349.9750061035156,349.9750061035156,349.9800109863281,349.8900146484375,349.9150085449219,4373
2026-09-17 18:13:00+00:00,349.9700012207031,349.9700012207031,350.0398864746094,349.9599914550781,349.9599914550781,4941
2026-09-17 18:14:00+00:00,349.9100036621094,349.9100036621094,350.0,349.9100036621094,349.989990234375,4991
2026-09-17 18:15:00+00:00,350.0,350.0,350.010009765625,349.8999938964844,349.8999938964844,6072
2026-09-17 18:16:00+00:00,349.9049987792969,349.9049987792969,349.94000244140625,349.8800048828125,349.94000244140625,3710
2026-09-17 18:17:00+00:00,350.010009765625,350.010009765625,350.07000732421875,349.9049987792969,349.9049987792969,4484
2026-09-17 18:18:00+00:00,349.8999938964844,349.8999938964844,349.977294921875,349.8999938964844,349.9700012207031,4186
2026-09-17 18:19:00+00:00,349.9949951171875,349.9949951171875,350.0299987792969,349.8999938964844,349.9198913574219,3699
2026-09-17 18:20:00+00:00,350.0849914550781,350.0849914550781,350.1000061035156,349.989990234375,350.010009765625,3676
2026-09-17 18:21:00+00:00,350.0199890136719,350.0199890136719,350.1050109863281,350.010009765625,350.05999755859375,7162
2026-09-17 18:22:00+00:00,350.05999755859375,350.05999755859375,350.07000732421875,350.010009765625,350.0199890136719,4465
2026-09-17 18:23:00+00:00,349.95001220703125,349.95001220703125,350.010009765625,349.95001220703125,350.0,6437
2026-09-17 18:24:00+00:00,349.9849853515625,349.9849853515625,350.0199890136719,349.9501037597656,349.9849853515625,5600
2026-09-17 18:25:00+00:00,349.9049987792969,349.9049987792969,349.9849853515625,349.8699951171875,349.9849853515625,7070
2026-09-17 18:26:00+00:00,349.9750061035156,349.9750061035156,349.9800109863281,349.9100036621094,349.94000244140625,5893
2026-09-17 18:27:00+00:00,349.9800109863281,349.9800109863281,350.0950012207031,349.9599914550781,349.9800109863281,6892
2026-09-17 18:28:00+00:00,349.93499755859375,349.93499755859375,349.9700012207031,349.9150085449219,349.95001220703125,6081
2026-09-17 18:29:00+00:00,349.9200134277344,349.9200134277344,349.94000244140625,349.8900146484375,349.92498779296875,5915
2026-09-17 18:30:00+00:00,349.9700012207031,349.9700012207031,350.0,349.9100036621094,349.9200134277344,6715
2026-09-17 18:31:00+00:00,350.0050048828125,350.0050048828125,350.0400085449219,349.94000244140625,349.9599914550781,9715
2026-09-17 18:32:00+00:00,349.8598937988281,349.8598937988281,350.0199890136719,349.8500061035156,350.0,12226
2026-09-17 18:33:00+00:00,349.8800048828125,349.8800048828125,349.9247131347656,349.8450012207031,349.8500061035156,7046
2026-09-17 18:34:00+00:00,349.82000732421875,349.82000732421875,349.8999938964844,349.81500244140625,349.875,5673
2026-09-17 18:35:00+00:00,349.7250061035156,349.7250061035156,349.8399963378906,349.6700134277344,349.8200988769531,7485
2026-09-17 18:36:00+00:00,349.7200012207031,349.7200012207031,349.7900085449219,349.6700134277344,349.7250061035156,3912
2026-09-17 18:37:00+00:00,349.7300109863281,349.7300109863281,349.739990234375,349.5799865722656,349.739990234375,7483
2026-09-17 18:38:00+00:00,349.760009765625,349.760009765625,349.7799987792969,349.7099914550781,349.760009765625,3806
2026-09-17 18:39:00+00:00,349.79998779296875,349.79998779296875,349.8699951171875,349.7349853515625,349.739990234375,5714
2026-09-17 18:40:00+00:00,349.82000732421875,349.82000732421875,349.8550109863281,349.7900085449219,349.82501220703125,4818
2026-09-17 18:41:00+00:00,349.8699951171875,349.8699951171875,349.92498779296875,349.8299865722656,349.8299865722656,9454
2026-09-17 18:42:00+00:00,349.8699951171875,349.8699951171875,349.8699951171875,349.7799987792969,349.864990234375,5014
2026-09-17 18:43:00+00:00,349.9100036621094,349.9100036621094,349.9800109863281,349.8500061035156,349.875,5490
2026-09-17 18:44:00+00:00,349.8599853515625,349.8599853515625,349.989990234375,349.8599853515625,349.9549865722656,12912
2026-09-17 18:45:00+00:00,349.927490234375,349.927490234375,349.9800109863281,349.864990234375,349.86749267578125,8329
2026-09-17 18:46:00+00:00,350.0249938964844,350.0249938964844,350.0299987792969,349.9200134277344,349.9200134277344,5308
2026-09-17 18:47:00+00:00,350.0,350.0,350.04998779296875,349.8800048828125,350.0249938964844,10367
2026-09-17 18:48:00+00:00,350.05999755859375,350.05999755859375,350.05999755859375,349.9700012207031,349.9750061035156,7655
2026-09-17 18:49:00+00:00,349.9801025390625,349.9801025390625,350.05999755859375,349.9800109863281,350.0199890136719,3364
2026-09-17 18:50:00+00:00,349.9700012207031,349.9700012207031,350.0249938964844,349.9700012207031,349.9811096191406,3170
2026-09-17 18:51:00+00:00,349.95001220703125,349.95001220703125,350.0199890136719,349.8900146484375,349.9949951171875,9459
2026-09-17 18:52:00+00:00,349.8399963378906,349.8399963378906,349.9700012207031,349.7900085449219,349.94000244140625,6489
2026-09-17 18:53:00+00:00,349.8699951171875,349.8699951171875,349.9200134277344,349.82220458984375,349.8399963378906,5249
2026-09-17 18:54:00+00:00,349.94000244140625,349.94000244140625,349.94000244140625,349.82000732421875,349.8800048828125,8019
2026-09-17 18:55:00+00:00,349.95001220703125,349.95001220703125,349.9700012207031,349.8500061035156,349.875,4517
2026-09-17 18:56:00+00:00,349.96868896484375,349.96868896484375,350.0,349.885009765625,349.9549865722656,6431
2026-09-17 18:57:00+00:00,350.1300048828125,350.1300048828125,350.1700134277344,349.92999267578125,349.92999267578125,12120
2026-09-17 18:58:00+00:00,350.1400146484375,350.1400146484375,350.2025146484375,350.1286926269531,350.1400146484375,5650
2026-09-17 18:59:00+00:00,350.1499938964844,350.1499938964844,350.239990234375,350.1300964355469,350.1400146484375,10838
2026-09-17 19:00:00+00:00,350.19000244140625,350.19000244140625,350.30999755859375,350.1499938964844,350.17498779296875,11081
2026-09-17 19:01:00+00:00,350.3949890136719,350.3949890136719,350.3949890136719,350.17999267578125,350.19000244140625,7446
2026-09-17 19:02:00+00:00,350.4200134277344,350.4200134277344,350.52508544921875,350.360107421875,350.360107421875,11684
2026-09-17 19:03:00+00:00,350.3299865722656,350.3299865722656,350.41009521484375,350.2950134277344,350.4100036621094,11549
2026-09-17 19:04:00+00:00,350.239990234375,350.239990234375,350.4200134277344,350.20001220703125,350.3800048828125,7387
2026-09-17 19:05:00+00:00,350.2300109863281,350.2300109863281,350.260009765625,350.1499938964844,350.2349853515625,7904
2026-09-17 19:06:00+00:00,350.3349914550781,350.3349914550781,350.4100036621094,350.260009765625,350.260009765625,6212
2026-09-17 19:07:00+00:00,350.3599853515625,350.3599853515625,350.3999938964844,350.260009765625,350.3999938964844,8960
2026-09-17 19:08:00+00:00,350.29998779296875,350.29998779296875,350.3999938964844,350.2699890136719,350.3699951171875,7558
2026-09-17 19:09:00+00:00,350.2300109863281,350.2300109863281,350.3299865722656,350.19000244140625,350.29998779296875,6257
2026-09-17 19:10:00+00:00,350.1400146484375,350.1400146484375,350.2799987792969,350.1400146484375,350.2001037597656,8837
2026-09-17 19:11:00+00:00,350.1449890136719,350.1449890136719,350.19000244140625,350.110107421875,350.1499938964844,7536
2026-09-17 19:12:00+00:00,350.1600036621094,350.1600036621094,350.19000244140625,350.0899963378906,350.1000061035156,7330
2026-09-17 19:13:00+00:00,350.010009765625,350.010009765625,350.19989013671875,349.95001220703125,350.19989013671875,9659
2026-09-17 19:14:00+00:00,350.1600036621094,350.1600036621094,350.1600036621094,349.93011474609375,350.0299987792969,11489
2026-09-17 19:15:00+00:00,350.1099853515625,350.1099853515625,350.17999267578125,350.1000061035156,350.1199951171875,7956
2026-09-17 19:16:00+00:00,350.1099853515625,350.1099853515625,350.2099914550781,350.0799865722656,350.1099853515625,13922
2026-09-17 19:17:00+00:00,350.0400085449219,350.0400085449219,350.1499938964844,350.0,350.1199951171875,8910
2026-09-17 19:18:00+00:00,350.0101013183594,350.0101013183594,350.06988525390625,349.989990234375,350.0400085449219,8918
2026-09-17 19:19:00+00:00,350.1099853515625,350.1099853515625,350.1099853515625,349.95001220703125,350.010009765625,9401
2026-09-17 19:20:00+00:00,350.010009765625,350.010009765625,350.1000061035156,349.95001220703125,350.1000061035156,7854
2026-09-17 19:21:00+00:00,349.8399963378906,349.8399963378906,350.03741455078125,349.80010986328125,350.0199890136719,7560
2026-09-17 19:22:00+00:00,349.8299865722656,349.8299865722656,349.9049987792969,349.79998779296875,349.80999755859375,15941
2026-09-17 19:23:00+00:00,349.875,349.875,349.9200134277344,349.8450012207031,349.8450012207031,7076
2026-09-17 19:24:00+00:00,349.830810546875,349.830810546875,349.8800048828125,349.7300109863281,349.8800048828125,8857
2026-09-17 19:25:00+00:00,349.9049987792969,349.9049987792969,349.9100036621094,349.7799987792969,349.8192138671875,8241
2026-09-17 19:26:00+00:00,349.7900085449219,349.7900085449219,349.92999267578125,349.75,349.8999938964844,5980
2026-09-17 19:27:00+00:00,349.82000732421875,349.82000732421875,349.8599853515625,349.7799987792969,349.7799987792969,6634
2026-09-17 19:28:00+00:00,349.6300048828125,349.6300048828125,349.80499267578125,349.58660888671875,349.7799987792969,9972
2026-09-17 19:29:00+00:00,349.6700134277344,349.6700134277344,349.7099914550781,349.55999755859375,349.6499938964844,8855
2026-09-17 19:30:00+00:00,349.45001220703125,349.45001220703125,349.6700134277344,349.3500061035156,349.6700134277344,16151
2026-09-17 19:31:00+00:00,349.4399108886719,349.4399108886719,349.4599914550781,349.3299865722656,349.427490234375,9583
2026-09-17 19:32:00+00:00,349.239990234375,349.239990234375,349.3858947753906,349.239990234375,349.3699951171875,8947
2026-09-17 19:33:00+00:00,349.1600036621094,349.1600036621094,349.239990234375,349.1199951171875,349.239990234375,11703
2026-09-17 19:34:00+00:00,349.0899963378906,349.0899963378906,349.2799987792969,349.07000732421875,349.1650085449219,13209
2026-09-17 19:35:00+00:00,349.1499938964844,349.1499938964844,349.2200012207031,349.0799865722656,349.0799865722656,8907
2026-09-17 19:36:00+00:00,349.0849914550781,349.0849914550781,349.2200012207031,349.0506896972656,349.135009765625,12744
2026-09-17 19:37:00+00:00,349.0,349.0,349.1400146484375,349.0,349.0899963378906,10921
2026-09-17 19:38:00+00:00,349.1600036621094,349.1600036621094,349.239990234375,349.00909423828125,349.0249938964844,14097
2026-09-17 19:39:00+00:00,349.1700134277344,349.1700134277344,349.19000244140625,349.1050109863281,349.1600036621094,8554
2026-09-17 19:40:00+00:00,349.0899963378906,349.0899963378906,349.17999267578125,349.07000732421875,349.1499938964844,11960
2026-09-17 19:41:00+00:00,349.1449890136719,349.1449890136719,349.1700134277344,349.05999755859375,349.0899963378906,8690
2026-09-17 19:42:00+00:00,349.2300109863281,349.2300109863281,349.32000732421875,349.1449890136719,349.1449890136719,20704
2026-09-17 19:43:00+00:00,349.32598876953125,349.32598876953125,349.42498779296875,349.2200012207031,349.260009765625,18049
2026-09-17 19:44:00+00:00,349.3599853515625,349.3599853515625,349.3599853515625,349.2301025390625,349.32000732421875,11560
2026-09-17 19:45:00+00:00,349.3349914550781,349.3349914550781,349.3599853515625,349.239990234375,349.3599853515625,23004
2026-09-17 19:46:00+00:00,349.2149963378906,349.2149963378906,349.3599853515625,349.1600036621094,349.3500061035156,20218
2026-09-17 19:47:00+00:00,349.32000732421875,349.32000732421875,349.3500061035156,349.1400146484375,349.19000244140625,10070
2026-09-17 19:48:00+00:00,349.2650146484375,349.2650146484375,349.4800109863281,349.260009765625,349.32000732421875,16832
2026-09-17 19:49:00+00:00,349.32000732421875,349.32000732421875,349.3399963378906,349.1600036621094,349.2699890136719,17517
2026-09-17 19:50:00+00:00,349.2300109863281,349.2300109863281,349.3500061035156,349.1499938964844,349.32000732421875,31936
2026-09-17 19:51:00+00:00,348.91729736328125,348.91729736328125,349.2099914550781,348.9150085449219,349.2099914550781,20306
2026-09-17 19:52:00+00:00,348.8349914550781,348.8349914550781,349.0150146484375,348.82501220703125,348.93499755859375,19874
2026-09-17 19:53:00+00:00,349.0400085449219,349.0400085449219,349.1199951171875,348.8299865722656,348.8299865722656,30034
2026-09-17 19:54:00+00:00,349.0199890136719,349.0199890136719,349.1400146484375,348.9700012207031,349.0249938964844,20552
2026-09-17 19:55:00+00:00,349.010009765625,349.010009765625,349.1000061035156,348.7099914550781,349.0199890136719,72246
2026-09-17 19:56:00+00:00,349.1000061035156,349.1000061035156,349.1099853515625,348.8999938964844,349.0199890136719,45542
2026-09-17 19:57:00+00:00,349.1449890136719,349.1449890136719,349.2049865722656,348.9700012207031,349.0799865722656,50965
2026-09-17 19:58:00+00:00,349.2900085449219,349.2900085449219,349.5,349.1200866699219,349.1400146484375,95669
2026-09-17 19:59:00+00:00,349.3399963378906,349.3399963378906,349.5199890136719,349.2300109863281,349.2900085449219,161594
2026-09-18 13:30:00+00:00,347.45001220703125,347.45001220703125,347.8900146484375,346.0,347.8900146484375,1449763
2026-09-18 13:31:00+00:00,347.49749755859375,347.49749755859375,347.8800048828125,347.1650085449219,347.5199890136719,16479
2026-09-18 13:32:00+00:00,347.86248779296875,347.86248779296875,348.1499938964844,347.45001220703125,347.5150146484375,13431
2026-09-18 13:33:00+00:00,347.45001220703125,347.45001220703125,347.8999938964844,346.9800109863281,347.79998779296875,13238
2026-09-18 13:34:00+00:00,346.2200012207031,346.2200012207031,346.92999267578125,346.19500732421875,346.92999267578125,15254
2026-09-18 13:35:00+00:00,345.55999755859375,345.55999755859375,346.239990234375,345.510009765625,346.239990234375,20526
2026-09-18 13:36:00+00:00,345.59991455078125,345.59991455078125,345.8500061035156,345.17999267578125,345.4800109863281,25365
2026-09-18 13:37:00+00:00,345.82000732421875,345.82000732421875,346.0,345.510009765625,345.6499938964844,11667
2026-09-18 13:38:00+00:00,345.4316101074219,345.4316101074219,345.989990234375,345.3109130859375,345.989990234375,13133
2026-09-18 13:39:00+00:00,345.010009765625,345.010009765625,345.6199951171875,345.010009765625,345.3081970214844,19541
2026-09-18 13:40:00+00:00,345.75,345.75,346.0,345.0101013183594,345.0675964355469,16347
2026-09-18 13:41:00+00:00,345.8500061035156,345.8500061035156,345.95001220703125,345.510986328125,345.6600036621094,14577
2026-09-18 13:42:00+00:00,346.05999755859375,346.05999755859375,346.30999755859375,345.7099914550781,345.739990234375,17279
2026-09-18 13:43:00+00:00,346.54998779296875,346.54998779296875,346.6300048828125,346.04998779296875,346.1099853515625,13751
2026-09-18 13:44:00+00:00,346.0799865722656,346.0799865722656,346.6400146484375,346.0799865722656,346.56500244140625,8807
2026-09-18 13:45:00+00:00,345.875,345.875,346.4200134277344,345.875,346.0899963378906,25941
2026-09-18 13:46:00+00:00,346.3949890136719,346.3949890136719,346.4599914550781,345.79998779296875,345.79998779296875,19385
2026-09-18 13:47:00+00:00,346.3900146484375,346.3900146484375,346.79998779296875,346.239990234375,346.5,16894
2026-09-18 13:48:00+00:00,346.38751220703125,346.38751220703125,346.6199951171875,346.2099914550781,346.385009765625,13006
2026-09-18 13:49:00+00:00,346.07000732421875,346.07000732421875,346.45001220703125,346.0,346.45001220703125,10140
2026-09-18 13:50:00+00:00,346.3500061035156,346.3500061035156,346.42999267578125,346.010009765625,346.2200012207031,20668
2026-09-18 13:51:00+00:00,346.3800048828125,346.3800048828125,346.44000244140625,346.1499938964844,346.3500061035156,13135
2026-09-18 13:52:00+00:00,346.6099853515625,346.6099853515625,346.67498779296875,346.2300109863281,346.375,12686
2026-09-18 13:53:00+00:00,346.60198974609375,346.60198974609375,346.6700134277344,346.4100036621094,346.60321044921875,14157
2026-09-18 13:54:00+00:00,346.17999267578125,346.17999267578125,346.55999755859375,346.17999267578125,346.55999755859375,9753
2026-09-18 13:55:00+00:00,346.0299987792969,346.0299987792969,346.2699890136719,346.0299987792969,346.19000244140625,6523
2026-09-18 13:56:00+00:00,345.92138671875,345.92138671875,346.0799865722656,345.8500061035156,346.05999755859375,10574
2026-09-18 13:57:00+00:00,345.848388671875,345.848388671875,346.04998779296875,345.6449890136719,346.04998779296875,11436
2026-09-18 13:58:00+00:00,345.885009765625,345.885009765625,345.94000244140625,345.7799987792969,345.7799987792969,6532
2026-09-18 13:59:00+00:00,345.5899963378906,345.5899963378906,345.8500061035156,345.5,345.8399963378906,20198
2026-09-18 14:00:00+00:00,346.2799987792969,346.2799987792969,346.2900085449219,345.5199890136719,345.5199890136719,13104
2026-09-18 14:01:00+00:00,346.4849853515625,346.4849853515625,346.6090087890625,345.7900085449219,346.2099914550781,11148
2026-09-18 14:02:00+00:00,346.1700134277344,346.1700134277344,346.6499938964844,346.1050109863281,346.4700012207031,8142
2026-09-18 14:03:00+00:00,346.2699890136719,346.2699890136719,346.44000244140625,346.239990234375,346.239990234375,14637
2026-09-18 14:04:00+00:00,346.5299987792969,346.5299987792969,346.5400085449219,346.2099914550781,346.32000732421875,19423
2026-09-18 14:05:00+00:00,346.4599914550781,346.4599914550781,346.75,346.45001220703125,346.55999755859375,18663
2026-09-18 14:06:00+00:00,347.114990234375,347.114990234375,347.114990234375,346.3399963378906,346.4798889160156,15443
2026-09-18 14:07:00+00:00,347.3500061035156,347.3500061035156,347.45001220703125,347.05999755859375,347.1300048828125,14293
2026-09-18 14:08:00+00:00,348.04998779296875,348.04998779296875,348.19000244140625,347.3299865722656,347.3299865722656,16800
2026-09-18 14:09:00+00:00,348.1099853515625,348.1099853515625,348.1199951171875,347.8299865722656,348.0799865722656,40362
2026-09-18 14:10:00+00:00,348.1099853515625,348.1099853515625,348.3699951171875,348.1000061035156,348.17999267578125,29729
2026-09-18 14:11:00+00:00,348.4549865722656,348.4549865722656,348.6000061035156,348.010009765625,348.1099853515625,11937
2026-09-18 14:12:00+00:00,348.42999267578125,348.42999267578125,348.7398986816406,348.12701416015625,348.5400085449219,21932
2026-09-18 14:13:00+00:00,348.30499267578125,348.30499267578125,348.510009765625,348.07000732421875,348.45001220703125,15502
2026-09-18 14:14:00+00:00,348.2449951171875,348.2449951171875,348.3494873046875,348.1499938964844,348.2265930175781,8337
2026-09-18 14:15:00+00:00,348.2650146484375,348.2650146484375,348.3599853515625,348.1400146484375,348.2449951171875,8162
2026-09-18 14:16:00+00:00,348.43499755859375,348.43499755859375,348.7300109863281,348.239990234375,348.2900085449219,28711
2026-09-18 14:17:00+00:00,348.010009765625,348.010009765625,348.489990234375,347.9599914550781,348.4440002441406,17366
2026-09-18 14:18:00+00:00,347.95001220703125,347.95001220703125,348.0799865722656,347.6099853515625,348.010009765625,21748
2026-09-18 14:19:00+00:00,348.0849914550781,348.0849914550781,348.239990234375,347.9100036621094,348.010009765625,15143
2026-09-18 14:20:00+00:00,347.4100036621094,347.4100036621094,348.0849914550781,347.29998779296875,348.0849914550781,11115
2026-09-18 14:21:00+00:00,347.3399963378906,347.3399963378906,347.5899963378906,347.18499755859375,347.5199890136719,6395
2026-09-18 14:22:00+00:00,347.1000061035156,347.1000061035156,347.44000244140625,347.1000061035156,347.30999755859375,10547
2026-09-18 14:23:00+00:00,347.1600036621094,347.1600036621094,347.25,346.9100036621094,347.1099853515625,15278
2026-09-18 14:24:00+00:00,346.9750061035156,346.9750061035156,347.2298889160156,346.8999938964844,347.1199951171875,8811
2026-09-18 14:25:00+00:00,346.79998779296875,346.79998779296875,347.0299987792969,346.79998779296875,346.92999267578125,13953
2026-09-18 14:26:00+00:00,346.8999938964844,346.8999938964844,346.9599914550781,346.80999755859375,346.80999755859375,11055
2026-09-18 14:27:00+00:00,347.3800048828125,347.3800048828125,347.4244079589844,346.9700012207031,346.9700012207031,15500
2026-09-18 14:28:00+00:00,347.260009765625,347.260009765625,347.42999267578125,347.260009765625,347.29010009765625,9045
2026-09-18 14:29:00+00:00,347.3800048828125,347.3800048828125,347.44000244140625,347.07000732421875,347.260009765625,9893
2026-09-18 14:30:00+00:00,347.2900085449219,347.2900085449219,347.6050109863281,347.2699890136719,347.4150085449219,12333
2026-09-18 14:31:00+00:00,347.67999267578125,347.67999267578125,347.7550048828125,347.20001220703125,347.2699890136719,13369
2026-09-18 14:32:00+00:00,347.2650146484375,347.2650146484375,347.75,347.2650146484375,347.6300048828125,13861
2026-09-18 14:33:00+00:00,347.17999267578125,347.17999267578125,347.3800048828125,347.05999755859375,347.2799987792969,9169
2026-09-18 14:34:00+00:00,346.6700134277344,346.6700134277344,347.114990234375,346.5400085449219,347.07000732421875,25631
2026-09-18 14:35:00+00:00,346.6549987792969,346.6549987792969,346.85260009765625,346.54998779296875,346.6449890136719,6576
2026-09-18 14:36:00+00:00,346.8800048828125,346.8800048828125,346.8800048828125,346.5899963378906,346.614990234375,10351
2026-09-18 14:37:00+00:00,346.7099914550781,346.7099914550781,346.8450012207031,346.69500732421875,346.8450012207031,5402
2026-09-18 14:38:00+00:00,346.8900146484375,346.8900146484375,346.8999938964844,346.7099914550781,346.7099914550781,8183
2026-09-18 14:39:00+00:00,347.0950012207031,347.0950012207031,347.17999267578125,346.8500061035156,346.8800048828125,19325
2026-09-18 14:40:00+00:00,346.9100036621094,346.9100036621094,347.07000732421875,346.7900085449219,347.07000732421875,10563
2026-09-18 14:41:00+00:00,346.9049987792969,346.9049987792969,346.989990234375,346.8500061035156,346.9549865722656,12600
2026-09-18 14:42:00+00:00,346.8800048828125,346.8800048828125,346.9346008300781,346.7699890136719,346.9150085449219,11903
2026-09-18 14:43:00+00:00,346.6199951171875,346.6199951171875,346.9150085449219,346.5155944824219,346.9150085449219,7989
2026-09-18 14:44:00+00:00,346.4949951171875,346.4949951171875,346.6099853515625,346.45001220703125,346.55999755859375,14582
2026-09-18 14:45:00+00:00,346.6000061035156,346.6000061035156,346.6000061035156,346.3800048828125,346.4599914550781,18251
2026-09-18 14:46:00+00:00,346.69000244140625,346.69000244140625,346.69000244140625,346.4599914550781,346.5899963378906,11706
2026-09-18 14:47:00+00:00,346.489990234375,346.489990234375,346.8092956542969,346.4200134277344,346.6600036621094,17407
2026-09-18 14:48:00+00:00,346.54998779296875,346.54998779296875,346.6400146484375,346.42999267578125,346.489990234375,12190
2026-09-18 14:49:00+00:00,346.67999267578125,346.67999267578125,346.7200012207031,346.55999755859375,346.57000732421875,10941
2026-09-18 14:50:00+00:00,346.7699890136719,346.7699890136719,346.8399963378906,346.6099853515625,346.6400146484375,7783
2026-09-18 14:51:00+00:00,347.0799865722656,347.0799865722656,347.0799865722656,346.69000244140625,346.7699890136719,13075
2026-09-18 14:52:00+00:00,347.2799987792969,347.2799987792969,347.30999755859375,347.0,347.0849914550781,8522
2026-09-18 14:53:00+00:00,347.3500061035156,347.3500061035156,347.364990234375,347.1200866699219,347.32989501953125,9528
2026-09-18 14:54:00+00:00,347.2699890136719,347.2699890136719,347.56500244140625,347.2699890136719,347.2950134277344,6573
2026-09-18 14:55:00+00:00,347.510009765625,347.510009765625,347.75,347.2301025390625,347.32000732421875,11418
2026-09-18 14:56:00+00:00,347.5400085449219,347.5400085449219,347.6199951171875,347.4700012207031,347.489990234375,4509
2026-09-18 14:57:00+00:00,347.67999267578125,347.67999267578125,347.67999267578125,347.44000244140625,347.5400085449219,6613
2026-09-18 14:58:00+00:00,347.6400146484375,347.6400146484375,347.7900085449219,347.6300048828125,347.7250061035156,13265
2026-09-18 14:59:00+00:00,347.3999938964844,347.3999938964844,347.6700134277344,347.29998779296875,347.6499938964844,9686
2026-09-18 15:00:00+00:00,347.3500061035156,347.3500061035156,347.4566955566406,347.2850036621094,347.3999938964844,296324
2026-09-18 15:01:00+00:00,347.43499755859375,347.43499755859375,347.43499755859375,347.30499267578125,347.3800048828125,5643
2026-09-18 15:02:00+00:00,346.8599853515625,346.8599853515625,347.4200134277344,346.8599853515625,347.3999938964844,8044
2026-09-18 15:03:00+00:00,347.1081848144531,347.1081848144531,347.1199951171875,346.7550048828125,346.8500061035156,9477
2026-09-18 15:04:00+00:00,347.1099853515625,347.1099853515625,347.1099853515625,346.9800109863281,347.07000732421875,7611
2026-09-18 15:05:00+00:00,347.0199890136719,347.0199890136719,347.0400085449219,346.79998779296875,347.0400085449219,5629
2026-09-18 15:06:00+00:00,347.07000732421875,347.07000732421875,347.1099853515625,347.010009765625,347.0350036621094,8240
2026-09-18 15:07:00+00:00,347.010009765625,347.010009765625,347.1499938964844,346.9700012207031,347.07000732421875,5282
2026-09-18 15:08:00+00:00,346.82000732421875,346.82000732421875,346.9549865722656,346.7699890136719,346.93499755859375,5561
2026-09-18 15:09:00+00:00,346.92999267578125,346.92999267578125,347.010009765625,346.8175048828125,346.8599853515625,6796
2026-09-18 15:10:00+00:00,347.0150146484375,347.0150146484375,347.04998779296875,346.8299865722656,346.8800048828125,4937
2026-09-18 15:11:00+00:00,346.9100036621094,346.9100036621094,347.0249938964844,346.82000732421875,347.0150146484375,13146
2026-09-18 15:12:00+00:00,346.80999755859375,346.80999755859375,346.92999267578125,346.7200012207031,346.8999938964844,11568
2026-09-18 15:13:00+00:00,346.82000732421875,346.82000732421875,346.92999267578125,346.7793884277344,346.80499267578125,7846
2026-09-18 15:14:00+00:00,346.7099914550781,346.7099914550781,346.82000732421875,346.6099853515625,346.81500244140625,4243
2026-09-18 15:15:00+00:00,346.67999267578125,346.67999267578125,346.739990234375,346.5799865722656,346.635009765625,6646
2026-09-18 15:16:00+00:00,346.6499938964844,346.6499938964844,346.75,346.5199890136719,346.69500732421875,13161
2026-09-18 15:17:00+00:00,346.6499938964844,346.6499938964844,346.739990234375,346.6000061035156,346.6499938964844,5888
2026-09-18 15:18:00+00:00,347.010009765625,347.010009765625,347.010009765625,346.69000244140625,346.70001220703125,6500
2026-09-18 15:19:00+00:00,347.29998779296875,347.29998779296875,347.3500061035156,347.0400085449219,347.0400085449219,7806
2026-09-18 15:20:00+00:00,347.1600036621094,347.1600036621094,347.3699951171875,347.1600036621094,347.239990234375,2835
2026-09-18 15:21:00+00:00,347.0050048828125,347.0050048828125,347.1199951171875,346.92999267578125,347.1199951171875,7314
2026-09-18 15:22:00+00:00,347.0299987792969,347.0299987792969,347.17999267578125,346.9599914550781,347.0050048828125,6663
2026-09-18 15:23:00+00:00,346.9800109863281,346.9800109863281,347.0950012207031,346.9800109863281,347.0849914550781,3967
2026-09-18 15:24:00+00:00,347.0285949707031,347.0285949707031,347.1199951171875,346.93499755859375,347.010009765625,8580
2026-09-18 15:25:00+00:00,346.9800109863281,346.9800109863281,347.04998779296875,346.8699951171875,346.9800109863281,4593
2026-09-18 15:26:00+00:00,346.9849853515625,346.9849853515625,347.0,346.8800048828125,347.0,3567
2026-09-18 15:27:00+00:00,347.010009765625,347.010009765625,347.07000732421875,346.92999267578125,346.9800109863281,6758
2026-09-18 15:28:00+00:00,346.9649963378906,346.9649963378906,346.9849853515625,346.9200134277344,346.92999267578125,3991
2026-09-18 15:29:00+00:00,346.864990234375,346.864990234375,346.9200134277344,346.7850036621094,346.8999938964844,3933
2026-09-18 15:30:00+00:00,346.75,346.75,347.0,346.70001220703125,346.9100036621094,28522
2026-09-18 15:31:00+00:00,346.8550109863281,346.8550109863281,346.9700012207031,346.7001037597656,346.7001037597656,8673
2026-09-18 15:32:00+00:00,346.92999267578125,346.92999267578125,346.92999267578125,346.7799987792969,346.8399963378906,3521
2026-09-18 15:33:00+00:00,347.0899963378906,347.0899963378906,347.09991455078125,346.8699951171875,346.9150085449219,8858
2026-09-18 15:34:00+00:00,347.07501220703125,347.07501220703125,347.07501220703125,346.80999755859375,347.05499267578125,7159
2026-09-18 15:35:00+00:00,347.31500244140625,347.31500244140625,347.31500244140625,347.0899963378906,347.0899963378906,20069
2026-09-18 15:36:00+00:00,347.2650146484375,347.2650146484375,347.3360900878906,347.2300109863281,347.3360900878906,4768
2026-09-18 15:37:00+00:00,347.1549987792969,347.1549987792969,347.2799987792969,347.1499938964844,347.2650146484375,8402
2026-09-18 15:38:00+00:00,347.1300048828125,347.1300048828125,347.2200012207031,346.9750061035156,347.1549987792969,19788
2026-09-18 15:39:00+00:00,347.0877990722656,347.0877990722656,347.260009765625,347.010009765625,347.2200012207031,8518
2026-09-18 15:40:00+00:00,346.8500061035156,346.8500061035156,347.0899963378906,346.82000732421875,347.05999755859375,6718
2026-09-18 15:41:00+00:00,346.6199951171875,346.6199951171875,346.9700012207031,346.6199951171875,346.8900146484375,5805
2026-09-18 15:42:00+00:00,346.75,346.75,346.8299865722656,346.57000732421875,346.60009765625,9332
2026-09-18 15:43:00+00:00,346.67498779296875,346.67498779296875,346.8399963378906,346.6400146484375,346.79998779296875,3940
2026-09-18 15:44:00+00:00,346.7149963378906,346.7149963378906,346.75,346.6700134277344,346.67498779296875,3335
2026-09-18 15:45:00+00:00,346.7300109863281,346.7300109863281,346.80499267578125,346.6600036621094,346.75,6302
2026-09-18 15:46:00+00:00,346.6700134277344,346.6700134277344,346.79998779296875,346.6700134277344,346.7099914550781,4082
2026-09-18 15:47:00+00:00,346.6499938964844,346.6499938964844,346.760009765625,346.5,346.6883850097656,108956
2026-09-18 15:48:00+00:00,346.3999938964844,346.3999938964844,346.65478515625,346.3999938964844,346.5899963378906,227589
2026-09-18 15:49:00+00:00,346.7300109863281,346.7300109863281,346.76361083984375,346.3550109863281,346.3999938964844,6556
2026-09-18 15:50:00+00:00,346.6499938964844,346.6499938964844,346.760009765625,346.5400085449219,346.760009765625,4489
2026-09-18 15:51:00+00:00,346.67999267578125,346.67999267578125,346.70001220703125,346.5799865722656,346.614990234375,5894
2026-09-18 15:52:00+00:00,346.67999267578125,346.67999267578125,346.70001220703125,346.60009765625,346.69500732421875,3690
2026-09-18 15:53:00+00:00,346.6499938964844,346.6499938964844,346.69000244140625,346.6300048828125,346.69000244140625,4297
2026-09-18 15:54:00+00:00,346.5249938964844,346.5249938964844,346.67999267578125,346.4800109863281,346.67999267578125,6241
2026-09-18 15:55:00+00:00,346.54998779296875,346.54998779296875,346.6700134277344,346.5,346.5199890136719,13085
2026-09-18 15:56:00+00:00,346.6300048828125,346.6300048828125,346.635986328125,346.54998779296875,346.55999755859375,5963
2026-09-18 15:57:00+00:00,346.5799865722656,346.5799865722656,346.7099914550781,346.5400085449219,346.5849914550781,5979
2026-09-18 15:58:00+00:00,346.44989013671875,346.44989013671875,346.5799865722656,346.3900146484375,346.57000732421875,6391
2026-09-18 15:59:00+00:00,346.42401123046875,346.42401123046875,346.44000244140625,346.3299865722656,346.4150085449219,14121
2026-09-18 16:00:00+00:00,346.30999755859375,346.30999755859375,346.44000244140625,346.30999755859375,346.4100036621094,9489
2026-09-18 16:01:00+00:00,346.239990234375,346.239990234375,346.38629150390625,346.20001220703125,346.3450012207031,13583
2026-09-18 16:02:00+00:00,346.6099853515625,346.6099853515625,346.6099853515625,346.2099914550781,346.2300109863281,8337
2026-09-18 16:03:00+00:00,346.7749938964844,346.7749938964844,346.7998962402344,346.5249938964844,346.5249938964844,7383
2026-09-18 16:04:00+00:00,346.8367919921875,346.8367919921875,346.8399963378906,346.75,346.75,7491
2026-09-18 16:05:00+00:00,346.69000244140625,346.69000244140625,346.8599853515625,346.69000244140625,346.8299865722656,11839
2026-09-18 16:06:00+00:00,346.7701110839844,346.7701110839844,346.7900085449219,346.6300048828125,346.6300048828125,12124
2026-09-18 16:07:00+00:00,346.7200012207031,346.7200012207031,347.1099853515625,346.7200012207031,346.7900085449219,28246
2026-09-18 16:08:00+00:00,346.45001220703125,346.45001220703125,346.8398132324219,346.45001220703125,346.70001220703125,3047
2026-09-18 16:09:00+00:00,346.6549987792969,346.6549987792969,346.69000244140625,346.510009765625,346.510009765625,5661
2026-09-18 16:10:00+00:00,346.6300048828125,346.6300048828125,346.7200012207031,346.6000061035156,346.70001220703125,2680
2026-09-18 16:11:00+00:00,346.82000732421875,346.82000732421875,346.9200134277344,346.6700134277344,346.6700134277344,4881
2026-09-18 16:12:00+00:00,346.7200012207031,346.7200012207031,346.82000732421875,346.6400146484375,346.80999755859375,8155
2026-09-18 16:13:00+00:00,346.6099853515625,346.6099853515625,346.7250061035156,346.6000061035156,346.7250061035156,5425
2026-09-18 16:14:00+00:00,346.4750061035156,346.4750061035156,346.6700134277344,346.42999267578125,346.6000061035156,5863
2026-09-18 16:15:00+00:00,346.5,346.5,346.59991455078125,346.4750061035156,346.4750061035156,5899
2026-09-18 16:16:00+00:00,346.45001220703125,346.45001220703125,346.5867919921875,346.45001220703125,346.5050048828125,3576
2026-09-18 16:17:00+00:00,346.5400085449219,346.5400085449219,346.5400085449219,346.43499755859375,346.44000244140625,6941
2026-09-18 16:18:00+00:00,346.5249938964844,346.5249938964844,346.6000061035156,346.510009765625,346.55999755859375,4404
2026-09-18 16:19:00+00:00,346.5,346.5,346.5299072265625,346.3999938964844,346.4949951171875,3513
2026-09-18 16:20:00+00:00,346.5899963378906,346.5899963378906,346.5899963378906,346.42999267578125,346.4700012207031,4969
2026-09-18 16:21:00+00:00,346.6499938964844,346.6499938964844,346.70001220703125,346.5400085449219,346.5799865722656,6321
2026-09-18 16:22:00+00:00,346.6000061035156,346.6000061035156,346.6400146484375,346.6000061035156,346.6099853515625,864
2026-09-18 16:23:00+00:00,346.4800109863281,346.4800109863281,346.6600036621094,346.4200134277344,346.6499938964844,7275
2026-09-18 16:24:00+00:00,346.57000732421875,346.57000732421875,346.57000732421875,346.4200134277344,346.4700012207031,3947
2026-09-18 16:25:00+00:00,346.67999267578125,346.67999267578125,346.69488525390625,346.5899963378906,346.5899963378906,5869
2026-09-18 16:26:00+00:00,346.6499938964844,346.6499938964844,346.7200012207031,346.6400146484375,346.6499938964844,3204
2026-09-18 16:27:00+00:00,346.739990234375,346.739990234375,346.739990234375,346.5799865722656,346.6300048828125,4757
2026-09-18 16:28:00+00:00,346.989990234375,346.989990234375,347.10699462890625,346.68011474609375,346.68011474609375,8113
2026-09-18 16:29:00+00:00,346.9649963378906,346.9649963378906,347.07000732421875,346.8999938964844,347.0,6082
2026-09-18 16:30:00+00:00,347.03009033203125,347.03009033203125,347.0400085449219,346.8868103027344,346.9800109863281,7105
2026-09-18 16:31:00+00:00,346.9700012207031,346.9700012207031,347.0199890136719,346.9599914550781,347.010009765625,3015
2026-09-18 16:32:00+00:00,347.0799865722656,347.0799865722656,347.1099853515625,346.9750061035156,346.9750061035156,5541
2026-09-18 16:33:00+00:00,347.1050109863281,347.1050109863281,347.20001220703125,347.0450134277344,347.0799865722656,5615
2026-09-18 16:34:00+00:00,347.0899963378906,347.0899963378906,347.1899108886719,347.0299987792969,347.0899963378906,7612
2026-09-18 16:35:00+00:00,347.0950012207031,347.0950012207031,347.1600036621094,347.05999755859375,347.07501220703125,3602
2026-09-18 16:36:00+00:00,347.0220031738281,347.0220031738281,347.0921936035156,347.0220031738281,347.04998779296875,5833
2026-09-18 16:37:00+00:00,347.2099914550781,347.2099914550781,347.260009765625,347.0,347.0,6770
2026-09-18 16:38:00+00:00,347.05999755859375,347.05999755859375,347.2200012207031,347.05999755859375,347.1600036621094,2641
2026-09-18 16:39:00+00:00,347.0450134277344,347.0450134277344,347.0743103027344,347.0199890136719,347.07000732421875,3240
2026-09-18 16:40:00+00:00,347.17498779296875,347.17498779296875,347.19000244140625,347.0450134277344,347.0450134277344,4205
2026-09-18 16:41:00+00:00,347.04998779296875,347.04998779296875,347.17498779296875,347.04998779296875,347.17498779296875,2069
2026-09-18 16:42:00+00:00,347.2099914550781,347.2099914550781,347.2099914550781,347.04998779296875,347.0899963378906,2707
2026-09-18 16:43:00+00:00,347.1449890136719,347.1449890136719,347.260009765625,347.1099853515625,347.2200012207031,6832
2026-09-18 16:44:00+00:00,347.114990234375,347.114990234375,347.20001220703125,347.114990234375,347.17999267578125,5157
2026-09-18 16:45:00+00:00,346.9200134277344,346.9200134277344,347.125,346.8999938964844,347.1099853515625,5419
2026-09-18 16:46:00+00:00,346.8550109863281,346.8550109863281,346.9599914550781,346.79998779296875,346.8800048828125,3690
2026-09-18 16:47:00+00:00,346.739990234375,346.739990234375,346.8999938964844,346.6700134277344,346.8999938964844,3901
2026-09-18 16:48:00+00:00,346.75,346.75,346.8399963378906,346.6300964355469,346.70001220703125,3574
2026-09-18 16:49:00+00:00,346.872314453125,346.872314453125,346.9549865722656,346.7300109863281,346.82000732421875,4295
2026-09-18 16:50:00+00:00,346.864990234375,346.864990234375,346.9100036621094,346.7900085449219,346.80999755859375,5912
2026-09-18 16:51:00+00:00,347.0400085449219,347.0400085449219,347.0599060058594,346.8299865722656,346.8500061035156,9426
2026-09-18 16:52:00+00:00,347.1700134277344,347.1700134277344,347.239990234375,347.0,347.010009765625,2229
2026-09-18 16:53:00+00:00,347.2900085449219,347.2900085449219,347.32501220703125,347.2099914550781,347.2099914550781,4883
2026-09-18 16:54:00+00:00,347.28509521484375,347.28509521484375,347.3500061035156,347.2850036621094,347.29998779296875,2610
2026-09-18 16:55:00+00:00,347.29998779296875,347.29998779296875,347.3500061035156,347.239990234375,347.3399963378906,403949
2026-09-18 16:56:00+00:00,347.3999938964844,347.3999938964844,347.4549865722656,347.3500061035156,347.3500061035156,3611
2026-09-18 16:57:00+00:00,347.4549865722656,347.4549865722656,347.5,347.3999938964844,347.3999938964844,4222
2026-09-18 16:58:00+00:00,347.4200134277344,347.4200134277344,347.4599914550781,347.32000732421875,347.42999267578125,2654
2026-09-18 16:59:00+00:00,347.3599853515625,347.3599853515625,347.45001220703125,347.3399963378906,347.4100036621094,3599
2026-09-18 17:00:00+00:00,347.17498779296875,347.17498779296875,347.3399963378906,347.1243896484375,347.3399963378906,3958
2026-09-18 17:01:00+00:00,347.125,347.125,347.2449951171875,347.125,347.19000244140625,3025
2026-09-18 17:02:00+00:00,347.239990234375,347.239990234375,347.2900085449219,347.1600036621094,347.17999267578125,3819
2026-09-18 17:03:00+00:00,347.2148132324219,347.2148132324219,347.2900085449219,347.1600036621094,347.260009765625,4642
2026-09-18 17:04:00+00:00,347.20001220703125,347.20001220703125,347.20001220703125,347.1199951171875,347.1499938964844,4943
2026-09-18 17:05:00+00:00,347.3335876464844,347.3335876464844,347.4999084472656,347.18499755859375,347.18499755859375,5361
2026-09-18 17:06:00+00:00,347.20001220703125,347.20001220703125,347.3500061035156,347.19000244140625,347.3299865722656,3204
2026-09-18 17:07:00+00:00,347.239990234375,347.239990234375,347.2699890136719,347.1600036621094,347.2099914550781,4572
2026-09-18 17:08:00+00:00,347.1600036621094,347.1600036621094,347.2699890136719,347.1600036621094,347.239990234375,2894
2026-09-18 17:09:00+00:00,347.0700988769531,347.0700988769531,347.2049865722656,347.0700988769531,347.1300048828125,6414
2026-09-18 17:10:00+00:00,347.2149963378906,347.2149963378906,347.2149963378906,347.0799865722656,347.0799865722656,5487
2026-09-18 17:11:00+00:00,347.2206115722656,347.2206115722656,347.260009765625,347.13800048828125,347.1600036621094,4509
2026-09-18 17:12:00+00:00,346.8599853515625,346.8599853515625,347.2099914550781,346.8399963378906,347.2099914550781,6317
2026-09-18 17:13:00+00:00,346.8699951171875,346.8699951171875,346.92999267578125,346.82000732421875,346.8900146484375,10256
2026-09-18 17:14:00+00:00,346.7900085449219,346.7900085449219,346.8799133300781,346.7900085449219,346.8699951171875,3147
2026-09-18 17:15:00+00:00,346.82000732421875,346.82000732421875,346.8599853515625,346.70001220703125,346.8240966796875,5300
2026-09-18 17:16:00+00:00,346.875,346.875,346.9100036621094,346.80999755859375,346.80999755859375,3595
2026-09-18 17:17:00+00:00,347.0,347.0,347.0,346.860107421875,346.860107421875,4354
2026-09-18 17:18:00+00:00,346.79998779296875,346.79998779296875,347.0299072265625,346.79998779296875,346.9949951171875,5009
2026-09-18 17:19:00+00:00,346.7799987792969,346.7799987792969,346.84991455078125,346.739990234375,346.80999755859375,3409
2026-09-18 17:20:00+00:00,346.7749938964844,346.7749938964844,346.80999755859375,346.7200012207031,346.7900085449219,3173
2026-09-18 17:21:00+00:00,346.82000732421875,346.82000732421875,346.8500061035156,346.75,346.75,5068
2026-09-18 17:22:00+00:00,346.8965148925781,346.8965148925781,346.8965148925781,346.82501220703125,346.8323974609375,5389
2026-09-18 17:23:00+00:00,346.8299865722656,346.8299865722656,346.8999938964844,346.79998779296875,346.8900146484375,4557
2026-09-18 17:24:00+00:00,346.875,346.875,346.8800048828125,346.80999755859375,346.8699951171875,4329
2026-09-18 17:25:00+00:00,346.8299865722656,346.8299865722656,346.8999938964844,346.8299865722656,346.875,3901
2026-09-18 17:26:00+00:00,346.82000732421875,346.82000732421875,346.8299865722656,346.75,346.80999755859375,3336
2026-09-18 17:27:00+00:00,346.82000732421875,346.82000732421875,346.8399963378906,346.75,346.82000732421875,4906
2026-09-18 17:28:00+00:00,346.82818603515625,346.82818603515625,346.9100036621094,346.7900085449219,346.82000732421875,5648
2026-09-18 17:29:00+00:00,346.6199951171875,346.6199951171875,346.8299865722656,346.6199951171875,346.7950134277344,5526
2026-09-18 17:30:00+00:00,346.82989501953125,346.82989501953125,346.82989501953125,346.6099853515625,346.6199951171875,7622
2026-09-18 17:31:00+00:00,346.79998779296875,346.79998779296875,346.8599853515625,346.7799987792969,346.7900085449219,5010
2026-09-18 17:32:00+00:00,346.7875061035156,346.7875061035156,346.82000732421875,346.760009765625,346.7724914550781,3750
2026-09-18 17:33:00+00:00,346.7699890136719,346.7699890136719,346.7699890136719,346.6700134277344,346.75,5966
2026-09-18 17:34:00+00:00,346.8349914550781,346.8349914550781,346.8699951171875,346.7200012207031,346.75,8477
2026-09-18 17:35:00+00:00,346.739990234375,346.739990234375,346.82000732421875,346.656005859375,346.7749938964844,5610
2026-09-18 17:36:00+00:00,346.82000732421875,346.82000732421875,346.8800048828125,346.69000244140625,346.7799987792969,7205
2026-09-18 17:37:00+00:00,346.7699890136719,346.7699890136719,346.8599853515625,346.7300109863281,346.79998779296875,7384
2026-09-18 17:38:00+00:00,346.8999938964844,346.8999938964844,346.9100036621094,346.7799987792969,346.79998779296875,13388
2026-09-18 17:39:00+00:00,346.8699951171875,346.8699951171875,346.95111083984375,346.75250244140625,346.8900146484375,5258
2026-09-18 17:40:00+00:00,346.9599914550781,346.9599914550781,346.9599914550781,346.86138916015625,346.8699951171875,11421
2026-09-18 17:41:00+00:00,346.92999267578125,346.92999267578125,346.9800109863281,346.9100036621094,346.94000244140625,3419
2026-09-18 17:42:00+00:00,347.0400085449219,347.0400085449219,347.04998779296875,346.9200134277344,346.94000244140625,8187
2026-09-18 17:43:00+00:00,346.9750061035156,346.9750061035156,347.0398864746094,346.95001220703125,347.0199890136719,1948
2026-09-18 17:44:00+00:00,347.0,347.0,347.0799865722656,346.9200134277344,347.0,7341
2026-09-18 17:45:00+00:00,346.94000244140625,346.94000244140625,347.0199890136719,346.94000244140625,346.989990234375,3595
2026-09-18 17:46:00+00:00,346.94000244140625,346.94000244140625,346.989990234375,346.91839599609375,346.95001220703125,4753
2026-09-18 17:47:00+00:00,347.0050048828125,347.0050048828125,347.0199890136719,346.9601135253906,346.9700012207031,2952
2026-09-18 17:48:00+00:00,346.9800109863281,346.9800109863281,347.0400085449219,346.9200134277344,347.0400085449219,3322
2026-09-18 17:49:00+00:00,346.8900146484375,346.8900146484375,347.0,346.8900146484375,346.9800109863281,6167
2026-09-18 17:50:00+00:00,347.0710144042969,347.0710144042969,347.1199951171875,346.9200134277344,346.951904296875,7052
2026-09-18 17:51:00+00:00,347.1000061035156,347.1000061035156,347.1199951171875,347.0400085449219,347.05499267578125,10278
2026-09-18 17:52:00+00:00,347.1000061035156,347.1000061035156,347.1600036621094,347.010009765625,347.0942077636719,18803
2026-09-18 17:53:00+00:00,347.2099914550781,347.2099914550781,347.2300109863281,347.0799865722656,347.1199951171875,12598
2026-09-18 17:54:00+00:00,347.0285949707031,347.0285949707031,347.19000244140625,347.010009765625,347.17999267578125,4117
2026-09-18 17:55:00+00:00,347.0849914550781,347.0849914550781,347.1600036621094,347.0299987792969,347.0400085449219,4195
2026-09-18 17:56:00+00:00,347.0849914550781,347.0849914550781,347.1199951171875,347.0350036621094,347.0899963378906,4417
2026-09-18 17:57:00+00:00,347.20001220703125,347.20001220703125,347.2250061035156,347.0299987792969,347.0849914550781,7318
2026-09-18 17:58:00+00:00,347.2699890136719,347.2699890136719,347.2699890136719,347.1549987792969,347.1700134277344,8937
2026-09-18 17:59:00+00:00,347.2550048828125,347.2550048828125,347.2699890136719,347.1809997558594,347.2699890136719,7018
2026-09-18 18:00:00+00:00,347.3900146484375,347.3900146484375,347.4649963378906,347.2099914550781,347.25,13382
2026-09-18 18:01:00+00:00,347.489990234375,347.489990234375,347.593994140625,347.3599853515625,347.3999938964844,6623
2026-09-18 18:02:00+00:00,347.6700134277344,347.6700134277344,347.7200012207031,347.4805908203125,347.5,3860
2026-09-18 18:03:00+00:00,347.6600036621094,347.6600036621094,347.7799072265625,347.6600036621094,347.6600036621094,5004
2026-09-18 18:04:00+00:00,347.9700012207031,347.9700012207031,347.9800109863281,347.6499938964844,347.68499755859375,49095
2026-09-18 18:05:00+00:00,347.8900146484375,347.8900146484375,348.0849914550781,347.7301025390625,347.93499755859375,9323
2026-09-18 18:06:00+00:00,347.8949890136719,347.8949890136719,347.9200134277344,347.75,347.8399963378906,9698
2026-09-18 18:07:00+00:00,347.54998779296875,347.54998779296875,347.94000244140625,347.5199890136719,347.8951110839844,8053
2026-09-18 18:08:00+00:00,347.6199951171875,347.6199951171875,347.67999267578125,347.5400085449219,347.56500244140625,7667
2026-09-18 18:09:00+00:00,347.69000244140625,347.69000244140625,347.69000244140625,347.5924987792969,347.5950012207031,5331
2026-09-18 18:10:00+00:00,347.6300048828125,347.6300048828125,347.70001220703125,347.5899963378906,347.70001220703125,4748
2026-09-18 18:11:00+00:00,347.6000061035156,347.6000061035156,347.69000244140625,347.45001220703125,347.6400146484375,8459
2026-09-18 18:12:00+00:00,347.6000061035156,347.6000061035156,347.6700134277344,347.5299987792969,347.5299987792969,7072
2026-09-18 18:13:00+00:00,347.6400146484375,347.6400146484375,347.6400146484375,347.5,347.55999755859375,9076
2026-09-18 18:14:00+00:00,347.5799865722656,347.5799865722656,347.6600036621094,347.55999755859375,347.635009765625,3354
2026-09-18 18:15:00+00:00,347.68499755859375,347.68499755859375,347.70001220703125,347.55999755859375,347.5849914550781,5168
2026-09-18 18:16:00+00:00,347.6199951171875,347.6199951171875,347.69000244140625,347.6199951171875,347.69000244140625,7420
2026-09-18 18:17:00+00:00,347.7120056152344,347.7120056152344,347.75,347.6099853515625,347.625,39208
2026-09-18 18:18:00+00:00,347.92999267578125,347.92999267578125,347.92999267578125,347.69000244140625,347.70001220703125,3042
2026-09-18 18:19:00+00:00,347.9599914550781,347.9599914550781,348.0574951171875,347.92999267578125,348.0,6491
2026-09-18 18:20:00+00:00,347.8999938964844,347.8999938964844,348.1000061035156,347.875,348.1000061035156,3963
2026-09-18 18:21:00+00:00,348.135009765625,348.135009765625,348.19989013671875,347.8999938964844,347.8999938964844,5711
2026-09-18 18:22:00+00:00,348.2820129394531,348.2820129394531,348.3599853515625,348.1099853515625,348.1400146484375,11101
2026-09-18 18:23:00+00:00,348.1600036621094,348.1600036621094,348.3500061035156,348.05999755859375,348.32501220703125,7315
2026-09-18 18:24:00+00:00,348.1000061035156,348.1000061035156,348.17999267578125,348.0199890136719,348.1600036621094,4052
2026-09-18 18:25:00+00:00,348.07000732421875,348.07000732421875,348.1400146484375,348.0400085449219,348.1000061035156,3658
2026-09-18 18:26:00+00:00,348.05999755859375,348.05999755859375,348.0837097167969,348.0199890136719,348.07000732421875,3349
2026-09-18 18:27:00+00:00,348.0849914550781,348.0849914550781,348.1300048828125,348.02178955078125,348.0849914550781,4456
2026-09-18 18:28:00+00:00,348.125,348.125,348.2650146484375,348.07000732421875,348.0849914550781,8347
2026-09-18 18:29:00+00:00,348.3900146484375,348.3900146484375,348.3900146484375,348.1099853515625,348.1099853515625,4068
2026-09-18 18:30:00+00:00,348.0899963378906,348.0899963378906,348.3599853515625,348.0899963378906,348.3399963378906,4634
2026-09-18 18:31:00+00:00,348.0851135253906,348.0851135253906,348.0851135253906,348.0299987792969,348.0849914550781,4840
2026-09-18 18:32:00+00:00,348.2049865722656,348.2049865722656,348.2049865722656,348.0199890136719,348.04998779296875,4622
2026-09-18 18:33:00+00:00,348.18499755859375,348.18499755859375,348.2149963378906,348.1300048828125,348.2149963378906,4102
2026-09-18 18:34:00+00:00,348.25,348.25,348.260009765625,348.1700134277344,348.17498779296875,5921
2026-09-18 18:35:00+00:00,348.29998779296875,348.29998779296875,348.3500061035156,348.2300109863281,348.32000732421875,3161
2026-09-18 18:36:00+00:00,348.114990234375,348.114990234375,348.3800048828125,348.114990234375,348.30999755859375,5172
2026-09-18 18:37:00+00:00,348.1650085449219,348.1650085449219,348.2099914550781,348.114990234375,348.114990234375,3811
2026-09-18 18:38:00+00:00,347.9200134277344,347.9200134277344,348.20001220703125,347.82000732421875,348.1315002441406,9564
2026-09-18 18:39:00+00:00,347.7699890136719,347.7699890136719,347.92999267578125,347.5899963378906,347.8949890136719,204358
2026-09-18 18:40:00+00:00,347.7550048828125,347.7550048828125,347.7550048828125,347.6300048828125,347.67999267578125,3485
2026-09-18 18:41:00+00:00,347.4700012207031,347.4700012207031,347.760009765625,347.4700012207031,347.760009765625,6602
2026-09-18 18:42:00+00:00,347.4800109863281,347.4800109863281,347.5299987792969,347.2900085449219,347.5299987792969,4518
2026-09-18 18:43:00+00:00,347.4949951171875,347.4949951171875,347.55999755859375,347.4800109863281,347.4800109863281,4447
2026-09-18 18:44:00+00:00,347.7200012207031,347.7200012207031,347.7898864746094,347.4700012207031,347.4949951171875,5266
2026-09-18 18:45:00+00:00,347.8599853515625,347.8599853515625,347.8999938964844,347.7200012207031,347.75,6712
2026-09-18 18:46:00+00:00,348.1000061035156,348.1000061035156,348.1600036621094,347.864990234375,347.87701416015625,8077
2026-09-18 18:47:00+00:00,348.29998779296875,348.29998779296875,348.3900146484375,348.05999755859375,348.0950012207031,12167
2026-09-18 18:48:00+00:00,348.31500244140625,348.31500244140625,348.36309814453125,348.2099914550781,348.2799987792969,4478
2026-09-18 18:49:00+00:00,348.3500061035156,348.3500061035156,348.3800048828125,348.260009765625,348.3500061035156,7132
2026-09-18 18:50:00+00:00,348.1400146484375,348.1400146484375,348.3800048828125,348.1400146484375,348.3399963378906,5926
2026-09-18 18:51:00+00:00,348.2699890136719,348.2699890136719,348.2799987792969,348.1199951171875,348.1199951171875,4585
2026-09-18 18:52:00+00:00,348.2401123046875,348.2401123046875,348.30999755859375,348.20001220703125,348.25,8208
2026-09-18 18:53:00+00:00,348.4800109863281,348.4800109863281,348.5199890136719,348.2699890136719,348.2900085449219,16193
2026-09-18 18:54:00+00:00,348.4949951171875,348.4949951171875,348.6300048828125,348.44500732421875,348.5,7720
2026-09-18 18:55:00+00:00,348.5299987792969,348.5299987792969,348.5299987792969,348.3800048828125,348.4635009765625,8340
2026-09-18 18:56:00+00:00,348.4750061035156,348.4750061035156,348.55499267578125,348.4150085449219,348.5150146484375,7552
2026-09-18 18:57:00+00:00,348.5400085449219,348.5400085449219,348.54998779296875,348.42999267578125,348.489990234375,5206
2026-09-18 18:58:00+00:00,348.535400390625,348.535400390625,348.6199951171875,348.4700012207031,348.5400085449219,11894
2026-09-18 18:59:00+00:00,348.5799865722656,348.5799865722656,348.668212890625,348.510009765625,348.6000061035156,4395
2026-09-18 19:00:00+00:00,348.6000061035156,348.6000061035156,348.6199951171875,348.5199890136719,348.56500244140625,4115
2026-09-18 19:01:00+00:00,348.5050048828125,348.5050048828125,348.6400146484375,348.44000244140625,348.5950012207031,6038
2026-09-18 19:02:00+00:00,348.4700012207031,348.4700012207031,348.54998779296875,348.3900146484375,348.54998779296875,7927
2026-09-18 19:03:00+00:00,348.5,348.5,348.67999267578125,348.4700012207031,348.5198974609375,7928
2026-09-18 19:04:00+00:00,348.42999267578125,348.42999267578125,348.639892578125,348.42999267578125,348.5299987792969,10582
2026-09-18 19:05:00+00:00,348.54998779296875,348.54998779296875,348.54998779296875,348.3299865722656,348.409912109375,5133
2026-09-18 19:06:00+00:00,348.4898986816406,348.4898986816406,348.54998779296875,348.44000244140625,348.54998779296875,8598
2026-09-18 19:07:00+00:00,348.3999938964844,348.3999938964844,348.4599914550781,348.30938720703125,348.4599914550781,9906
2026-09-18 19:08:00+00:00,348.3999938964844,348.3999938964844,348.6199951171875,348.381591796875,348.381591796875,4875
2026-09-18 19:09:00+00:00,348.57000732421875,348.57000732421875,348.6000061035156,348.45001220703125,348.4599914550781,5890
2026-09-18 19:10:00+00:00,348.5299987792969,348.5299987792969,348.5892028808594,348.4599914550781,348.5799865722656,10348
2026-09-18 19:11:00+00:00,348.6700134277344,348.6700134277344,348.7349853515625,348.4599914550781,348.510009765625,9710
2026-09-18 19:12:00+00:00,348.7900085449219,348.7900085449219,348.7900085449219,348.6180114746094,348.6700134277344,5874
2026-09-18 19:13:00+00:00,348.5150146484375,348.5150146484375,348.835205078125,348.5,348.79998779296875,6261
2026-09-18 19:14:00+00:00,348.4800109863281,348.4800109863281,348.6099853515625,348.3999938964844,348.4800109863281,13364
2026-09-18 19:15:00+00:00,348.4100036621094,348.4100036621094,348.5893859863281,348.3800048828125,348.5199890136719,9196
2026-09-18 19:16:00+00:00,348.42999267578125,348.42999267578125,348.57000732421875,348.4150085449219,348.4200134277344,9669
2026-09-18 19:17:00+00:00,348.44000244140625,348.44000244140625,348.5423889160156,348.3999938964844,348.5423889160156,6487
2026-09-18 19:18:00+00:00,348.42999267578125,348.42999267578125,348.4849853515625,348.3500061035156,348.4599914550781,6653
2026-09-18 19:19:00+00:00,348.2900085449219,348.2900085449219,348.4549865722656,348.2027893066406,348.4100036621094,11243
2026-09-18 19:20:00+00:00,348.239990234375,348.239990234375,348.2900085449219,348.0899963378906,348.2449951171875,17450
2026-09-18 19:21:00+00:00,348.19000244140625,348.19000244140625,348.2698974609375,348.1199951171875,348.239990234375,13389
2026-09-18 19:22:00+00:00,348.32000732421875,348.32000732421875,348.3299865722656,348.1199951171875,348.1700134277344,6034
2026-09-18 19:23:00+00:00,348.2749938964844,348.2749938964844,348.3299865722656,348.1499938964844,348.2860107421875,7871
2026-09-18 19:24:00+00:00,348.3999938964844,348.3999938964844,348.4399108886719,348.25,348.2799987792969,22681
2026-09-18 19:25:00+00:00,348.385009765625,348.385009765625,348.4599914550781,348.30999755859375,348.3999938964844,8031
2026-09-18 19:26:00+00:00,348.364990234375,348.364990234375,348.4460144042969,348.239990234375,348.385009765625,9472
2026-09-18 19:27:00+00:00,348.1549987792969,348.1549987792969,348.3699951171875,347.92999267578125,348.32000732421875,26224
2026-09-18 19:28:00+00:00,348.2799987792969,348.2799987792969,348.322509765625,348.1300048828125,348.1600036621094,10391
2026-09-18 19:29:00+00:00,347.9700012207031,347.9700012207031,348.25,347.9700012207031,348.25,7335
2026-09-18 19:30:00+00:00,348.19000244140625,348.19000244140625,348.3900146484375,347.8999938964844,347.9800109863281,0
2026-09-18 19:31:00+00:00,347.67999267578125,347.67999267578125,348.25,347.6000061035156,348.1600036621094,32681
2026-09-18 19:32:00+00:00,347.6300048828125,347.6300048828125,347.8699951171875,347.5799865722656,347.7571105957031,38886
2026-09-18 19:33:00+00:00,347.7900085449219,347.7900085449219,347.80999755859375,347.42999267578125,347.69000244140625,14214
2026-09-18 19:34:00+00:00,347.7049865722656,347.7049865722656,347.8500061035156,347.6400146484375,347.8399963378906,10833
2026-09-18 19:35:00+00:00,347.5,347.5,347.67999267578125,347.42999267578125,347.6499938964844,25375
2026-09-18 19:36:00+00:00,347.57000732421875,347.57000732421875,347.80499267578125,347.5050048828125,347.5050048828125,18709
2026-09-18 19:37:00+00:00,347.1700134277344,347.1700134277344,347.6099853515625,347.0799865722656,347.55499267578125,26559
2026-09-18 19:38:00+00:00,346.57501220703125,346.57501220703125,347.1400146484375,346.2699890136719,347.1400146484375,47126
2026-09-18 19:39:00+00:00,346.67999267578125,346.67999267578125,346.8900146484375,346.57000732421875,346.5950012207031,20390
2026-09-18 19:40:00+00:00,346.989990234375,346.989990234375,347.1099853515625,346.57000732421875,346.6400146484375,29297
2026-09-18 19:41:00+00:00,347.2300109863281,347.2300109863281,347.3500061035156,346.9800109863281,347.0199890136719,16976
2026-09-18 19:42:00+00:00,347.45001220703125,347.45001220703125,347.4599914550781,347.260009765625,347.2749938964844,21366
2026-09-18 19:43:00+00:00,347.3999938964844,347.3999938964844,347.5950927734375,347.3599853515625,347.45001220703125,16758
2026-09-18 19:44:00+00:00,347.20001220703125,347.20001220703125,347.44000244140625,347.1700134277344,347.42999267578125,20350
2026-09-18 19:45:00+00:00,347.4700012207031,347.4700012207031,347.489990234375,347.1600036621094,347.1600036621094,28780
2026-09-18 19:46:00+00:00,347.5450134277344,347.5450134277344,347.6499938964844,347.1600036621094,347.45001220703125,20227
2026-09-18 19:47:00+00:00,347.614990234375,347.614990234375,347.6499938964844,347.4200134277344,347.5899963378906,18353
2026-09-18 19:48:00+00:00,347.3900146484375,347.3900146484375,347.614990234375,347.3599853515625,347.614990234375,33890
2026-09-18 19:49:00+00:00,347.6300048828125,347.6300048828125,347.739990234375,347.30999755859375,347.43499755859375,36085
2026-09-18 19:50:00+00:00,348.2699890136719,348.2699890136719,348.489990234375,347.6300048828125,347.6300048828125,46469
2026-09-18 19:51:00+00:00,348.5299987792969,348.5299987792969,348.6099853515625,348.20001220703125,348.30999755859375,38872
2026-09-18 19:52:00+00:00,348.4599914550781,348.4599914550781,348.6600036621094,348.4200134277344,348.5400085449219,30971
2026-09-18 19:53:00+00:00,348.43499755859375,348.43499755859375,348.6499938964844,348.3900146484375,348.4599914550781,20666
2026-09-18 19:54:00+00:00,348.80499267578125,348.80499267578125,348.9200134277344,348.3900146484375,348.3999938964844,26770
2026-09-18 19:55:00+00:00,348.8699951171875,348.8699951171875,349.20001220703125,348.57501220703125,348.7950134277344,87546
2026-09-18 19:56:00+00:00,348.9200134277344,348.9200134277344,349.0,348.17999267578125,348.8949890136719,75601
2026-09-18 19:57:00+00:00,348.7300109863281,348.7300109863281,348.9649963378906,348.5400085449219,348.9200134277344,89155
2026-09-18 19:58:00+00:00,348.6700134277344,348.6700134277344,348.89990234375,348.42999267578125,348.75,151295
2026-09-18 19:59:00+00:00,349.3450012207031,349.3450012207031,349.6099853515625,348.6000061035156,348.6000061035156,403278
