Timestamp,Adj Close,Close,High,Low,Open,Volume
2026-09-14 13:30:00+00:00,168.75,168.75,168.91000366210938,168.5,168.6999969482422,136579
2026-09-14 13:31:00+00:00,168.7449951171875,168.7449951171875,168.83999633789062,168.6300048828125,168.8000030517578,8457
2026-09-14 13:32:00+00:00,168.847900390625,168.847900390625,168.9600067138672,168.22000122070312,168.5,337037
2026-09-14 13:33:00+00:00,169.22500610351562,169.22500610351562,169.3000030517578,168.6649932861328,168.7899932861328,230299
2026-09-14 13:34:00+00:00,168.5500030517578,168.5500030517578,169.4499969482422,168.5500030517578,169.25,107213
2026-09-14 13:35:00+00:00,168.72999572753906,168.72999572753906,169.0,168.38999938964844,168.5500030517578,48406
2026-09-14 13:36:00+00:00,168.80999755859375,168.80999755859375,169.0,168.60000610351562,168.6649932861328,64313
2026-09-14 13:37:00+00:00,169.06500244140625,169.06500244140625,169.18499755859375,168.6768035888672,168.7550048828125,56371
2026-09-14 13:38:00+00:00,169.07000732421875,169.07000732421875,169.38999938964844,169.01229858398438,169.06500244140625,125785
2026-09-14 13:39:00+00:00,169.13999938964844,169.13999938964844,169.24000549316406,168.9600067138672,169.05499267578125,53630
2026-09-14 13:40:00+00:00,168.83999633789062,168.83999633789062,169.1649932861328,168.75999450683594,169.1199951171875,59827
2026-09-14 13:41:00+00:00,168.86000061035156,168.86000061035156,168.88999938964844,168.64999389648438,168.8000030517578,36377
2026-09-14 13:42:00+00:00,168.97999572753906,168.97999572753906,168.97999572753906,168.69000244140625,168.85000610351562,51885
2026-09-14 13:43:00+00:00,168.97019958496094,168.97019958496094,169.10000610351562,168.8699951171875,168.97999572753906,52180
2026-09-14 13:44:00+00:00,168.92999267578125,168.92999267578125,169.00999450683594,168.91000366210938,168.94500732421875,29690
2026-09-14 13:45:00+00:00,168.8800048828125,168.8800048828125,169.10000610351562,168.7100067138672,168.8800048828125,87919
2026-09-14 13:46:00+00:00,168.72999572753906,168.72999572753906,168.99000549316406,168.72999572753906,168.92999267578125,25331
2026-09-14 13:47:00+00:00,168.46499633789062,168.46499633789062,168.8800048828125,168.35000610351562,168.72999572753906,72122
2026-09-14 13:48:00+00:00,168.22000122070312,168.22000122070312,168.58999633789062,168.22000122070312,168.44000244140625,55505
2026-09-14 13:49:00+00:00,168.47999572753906,168.47999572753906,168.52999877929688,168.22000122070312,168.2449951171875,34154
2026-09-14 13:50:00+00:00,168.24000549316406,168.24000549316406,168.47999572753906,168.24000549316406,168.47999572753906,20175
2026-09-14 13:51:00+00:00,168.27000427246094,168.27000427246094,168.3300018310547,168.14999389648438,168.27999877929688,14040
2026-09-14 13:52:00+00:00,168.22000122070312,168.22000122070312,168.27000427246094,167.9600067138672,168.27000427246094,26930
2026-09-14 13:53:00+00:00,168.24000549316406,168.24000549316406,168.3000030517578,168.14999389648438,168.1999969482422,20712
2026-09-14 13:54:00+00:00,168.18499755859375,168.18499755859375,168.26010131835938,168.08999633789062,168.25,15053
2026-09-14 13:55:00+00:00,168.26499938964844,168.26499938964844,168.27999877929688,168.08999633789062,168.1699981689453,12919
2026-09-14 13:56:00+00:00,168.13999938964844,168.13999938964844,168.32000732421875,168.13999938964844,168.2550048828125,13841
2026-09-14 13:57:00+00:00,167.95779418945312,167.95779418945312,168.10000610351562,167.88999938964844,168.10000610351562,15536
2026-09-14 13:58:00+00:00,168.0850067138672,168.0850067138672,168.13999938964844,167.8800048828125,167.91000366210938,18375
2026-09-14 13:59:00+00:00,168.125,168.125,168.25999450683594,168.05999755859375,168.0800018310547,41611
2026-09-14 14:00:00+00:00,168.14999389648438,168.14999389648438,168.19000244140625,168.05999755859375,168.08999633789062,19132
2026-09-14 14:01:00+00:00,168.0850067138672,168.0850067138672,168.1699981689453,168.02000427246094,168.15499877929688,19349
2026-09-14 14:02:00+00:00,168.3249969482422,168.3249969482422,168.3300018310547,168.0399932861328,168.0850067138672,53974
2026-09-14 14:03:00+00:00,168.10079956054688,168.10079956054688,168.33599853515625,168.10000610351562,168.306396484375,11656
2026-09-14 14:04:00+00:00,168.25999450683594,168.25999450683594,168.2696075439453,168.12030029296875,168.12030029296875,13194
2026-09-14 14:05:00+00:00,168.38999938964844,168.38999938964844,168.4199981689453,168.26510620117188,168.27999877929688,15853
2026-09-14 14:06:00+00:00,168.25,168.25,168.4199981689453,168.22000122070312,168.36000061035156,26278
2026-09-14 14:07:00+00:00,168.22000122070312,168.22000122070312,168.3300018310547,168.2100067138672,168.30999755859375,6346
2026-09-14 14:08:00+00:00,168.05999755859375,168.05999755859375,168.19000244140625,168.02999877929688,168.18499755859375,13753
2026-09-14 14:09:00+00:00,168.02000427246094,168.02000427246094,168.1199951171875,167.97999572753906,168.02000427246094,27188
2026-09-14 14:10:00+00:00,168.05999755859375,168.05999755859375,168.08999633789062,168.00999450683594,168.0449981689453,6997
2026-09-14 14:11:00+00:00,168.07000732421875,168.07000732421875,168.07000732421875,167.9600067138672,168.0301971435547,13329
2026-09-14 14:12:00+00:00,168.1302947998047,168.1302947998047,168.14999389648438,168.0500030517578,168.07749938964844,14578
2026-09-14 14:13:00+00:00,168.22000122070312,168.22000122070312,168.22000122070312,168.0800018310547,168.0800018310547,24209
2026-09-14 14:14:00+00:00,168.22999572753906,168.22999572753906,168.24000549316406,168.125,168.22000122070312,13687
2026-09-14 14:15:00+00:00,168.13999938964844,168.13999938964844,168.2100067138672,168.09500122070312,168.2100067138672,14350
2026-09-14 14:16:00+00:00,168.13894653320312,168.13894653320312,168.14999389648438,168.01499938964844,168.1199951171875,19165
2026-09-14 14:17:00+00:00,168.19500732421875,168.19500732421875,168.1999969482422,168.1199951171875,168.1300048828125,10377
2026-09-14 14:18:00+00:00,168.16000366210938,168.16000366210938,168.22000122070312,168.10000610351562,168.17999267578125,12966
2026-09-14 14:19:00+00:00,168.17999267578125,168.17999267578125,168.22000122070312,168.11000061035156,168.17999267578125,8976
2026-09-14 14:20:00+00:00,168.08999633789062,168.08999633789062,168.1999969482422,168.08999633789062,168.16000366210938,7383
2026-09-14 14:21:00+00:00,168.1999969482422,168.1999969482422,168.25999450683594,168.09500122070312,168.09500122070312,22717
2026-09-14 14:22:00+00:00,167.97000122070312,167.97000122070312,168.22000122070312,167.9499969482422,168.1999969482422,19627
2026-09-14 14:23:00+00:00,167.8300018310547,167.8300018310547,168.07000732421875,167.8300018310547,167.99000549316406,11593
2026-09-14 14:24:00+00:00,167.67999267578125,167.67999267578125,167.89999389648438,167.61000061035156,167.83999633789062,26923
2026-09-14 14:25:00+00:00,167.6300048828125,167.6300048828125,167.72000122070312,167.5850067138672,167.6699981689453,17193
2026-09-14 14:26:00+00:00,167.60000610351562,167.60000610351562,167.6699981689453,167.57000732421875,167.61000061035156,9686
2026-09-14 14:27:00+00:00,167.5,167.5,167.64999389648438,167.5,167.6300048828125,13569
2026-09-14 14:28:00+00:00,167.32000732421875,167.32000732421875,167.52000427246094,167.30999755859375,167.4949951171875,38736
2026-09-14 14:29:00+00:00,167.25,167.25,167.30999755859375,167.17999267578125,167.3000030517578,30031
2026-09-14 14:30:00+00:00,167.3699951171875,167.3699951171875,167.3699951171875,167.2100067138672,167.25,30685
2026-09-14 14:31:00+00:00,167.43499755859375,167.43499755859375,167.44000244140625,167.25999450683594,167.36000061035156,22361
2026-09-14 14:32:00+00:00,167.14649963378906,167.14649963378906,167.41000366210938,167.09579467773438,167.38999938964844,21676
2026-09-14 14:33:00+00:00,167.25,167.25,167.29949951171875,167.08999633789062,167.125,20911
2026-09-14 14:34:00+00:00,167.30999755859375,167.30999755859375,167.30999755859375,167.20010375976562,167.2449951171875,7191
2026-09-14 14:35:00+00:00,167.4949951171875,167.4949951171875,167.52999877929688,167.28399658203125,167.3350067138672,29941
2026-09-14 14:36:00+00:00,167.4600067138672,167.4600067138672,167.53189086914062,167.42999267578125,167.52000427246094,19242
2026-09-14 14:37:00+00:00,167.47500610351562,167.47500610351562,167.5,167.4149932861328,167.4600067138672,12465
2026-09-14 14:38:00+00:00,167.4600067138672,167.4600067138672,167.5531005859375,167.4499969482422,167.5,36942
2026-09-14 14:39:00+00:00,167.5,167.5,167.52000427246094,167.42999267578125,167.4600067138672,15880
2026-09-14 14:40:00+00:00,167.6999969482422,167.6999969482422,167.6999969482422,167.50999450683594,167.52000427246094,13804
2026-09-14 14:41:00+00:00,167.5500030517578,167.5500030517578,167.72999572753906,167.51980590820312,167.6999969482422,23096
2026-09-14 14:42:00+00:00,167.6699981689453,167.6699981689453,167.72500610351562,167.52000427246094,167.55999755859375,11461
2026-09-14 14:43:00+00:00,167.73500061035156,167.73500061035156,167.80499267578125,167.6999969482422,167.71499633789062,20055
2026-09-14 14:44:00+00:00,167.58990478515625,167.58990478515625,167.72999572753906,167.58990478515625,167.72999572753906,9094
2026-09-14 14:45:00+00:00,167.4199981689453,167.4199981689453,167.61000061035156,167.36500549316406,167.56500244140625,25122
2026-09-14 14:46:00+00:00,167.4199981689453,167.4199981689453,167.4600067138672,167.3300018310547,167.39999389648438,14612
2026-09-14 14:47:00+00:00,167.39999389648438,167.39999389648438,167.49000549316406,167.3699951171875,167.4199981689453,16577
2026-09-14 14:48:00+00:00,167.24000549316406,167.24000549316406,167.41000366210938,167.22000122070312,167.41000366210938,9963
2026-09-14 14:49:00+00:00,167.22000122070312,167.22000122070312,167.27999877929688,167.22000122070312,167.24009704589844,12514
2026-09-14 14:50:00+00:00,167.33999633789062,167.33999633789062,167.3699951171875,167.1750030517578,167.1999969482422,17886
2026-09-14 14:51:00+00:00,167.11000061035156,167.11000061035156,167.25,167.10000610351562,167.1999969482422,15802
2026-09-14 14:52:00+00:00,167.22540283203125,167.22540283203125,167.22540283203125,167.11500549316406,167.1199951171875,7395
2026-09-14 14:53:00+00:00,167.27000427246094,167.27000427246094,167.3000030517578,167.1999969482422,167.22000122070312,14389
2026-09-14 14:54:00+00:00,167.4199981689453,167.4199981689453,167.4199981689453,167.1739959716797,167.24000549316406,30009
2026-09-14 14:55:00+00:00,167.4199981689453,167.4199981689453,167.4499969482422,167.36000061035156,167.38999938964844,37818
2026-09-14 14:56:00+00:00,167.47999572753906,167.47999572753906,167.55999755859375,167.4600067138672,167.4600067138672,16126
2026-09-14 14:57:00+00:00,167.52999877929688,167.52999877929688,167.5399932861328,167.35000610351562,167.47000122070312,20170
2026-09-14 14:58:00+00:00,167.38999938964844,167.38999938964844,167.58999633789062,167.3800048828125,167.52999877929688,13013
2026-09-14 14:59:00+00:00,167.3699951171875,167.3699951171875,167.47999572753906,167.27999877929688,167.38499450683594,17057
2026-09-14 15:00:00+00:00,167.30499267578125,167.30499267578125,167.39500427246094,167.3000030517578,167.36000061035156,16300
2026-09-14 15:01:00+00:00,167.39500427246094,167.39500427246094,167.39999389648438,167.19000244140625,167.2949981689453,17061
2026-09-14 15:02:00+00:00,167.4199981689453,167.4199981689453,167.44500732421875,167.33999633789062,167.3800048828125,12235
2026-09-14 15:03:00+00:00,167.47999572753906,167.47999572753906,167.5,167.3800048828125,167.4499969482422,10423
2026-09-14 15:04:00+00:00,167.54269409179688,167.54269409179688,167.57000732421875,167.47999572753906,167.47999572753906,31912
2026-09-14 15:05:00+00:00,167.1300048828125,167.1300048828125,167.57000732421875,166.97000122070312,167.5500030517578,181849
2026-09-14 15:06:00+00:00,166.32000732421875,166.32000732421875,167.19000244140625,166.24000549316406,167.19000244140625,114816
2026-09-14 15:07:00+00:00,166.25999450683594,166.25999450683594,166.39999389648438,165.9199981689453,166.3300018310547,157871
2026-09-14 15:08:00+00:00,166.17999267578125,166.17999267578125,166.4199981689453,165.97999572753906,166.25999450683594,75012
2026-09-14 15:09:00+00:00,166.27000427246094,166.27000427246094,166.2899932861328,165.96499633789062,166.13999938964844,47015
2026-09-14 15:10:00+00:00,165.8300018310547,165.8300018310547,166.29510498046875,165.7906036376953,166.29510498046875,36608
2026-09-14 15:11:00+00:00,165.8699951171875,165.8699951171875,165.90499877929688,165.61000061035156,165.7899932861328,28843
2026-09-14 15:12:00+00:00,166.35499572753906,166.35499572753906,166.41000366210938,165.86099243164062,165.86099243164062,33232
2026-09-14 15:13:00+00:00,166.2899932861328,166.2899932861328,166.44000244140625,166.1300048828125,166.39999389648438,30246
2026-09-14 15:14:00+00:00,166.3300018310547,166.3300018310547,166.4550018310547,166.22999572753906,166.24000549316406,19771
2026-09-14 15:15:00+00:00,166.13999938964844,166.13999938964844,166.35499572753906,166.1199951171875,166.35499572753906,21630
2026-09-14 15:16:00+00:00,166.18499755859375,166.18499755859375,166.35000610351562,166.11000061035156,166.11000061035156,19786
2026-09-14 15:17:00+00:00,166.36500549316406,166.36500549316406,166.375,166.05999755859375,166.14500427246094,9450
2026-09-14 15:18:00+00:00,166.60000610351562,166.60000610351562,166.60000610351562,166.32000732421875,166.36500549316406,18432
2026-09-14 15:19:00+00:00,166.61500549316406,166.61500549316406,166.7100067138672,166.55250549316406,166.66000366210938,21893
2026-09-14 15:20:00+00:00,166.65809631347656,166.65809631347656,166.75999450683594,166.5500030517578,166.59500122070312,17212
2026-09-14 15:21:00+00:00,166.77499389648438,166.77499389648438,166.7949981689453,166.58999633789062,166.69000244140625,17487
2026-09-14 15:22:00+00:00,166.90499877929688,166.90499877929688,166.90499877929688,166.75999450683594,166.75999450683594,21072
2026-09-14 15:23:00+00:00,166.72999572753906,166.72999572753906,167.08999633789062,166.72000122070312,166.89999389648438,35326
2026-09-14 15:24:00+00:00,166.72999572753906,166.72999572753906,166.7899932861328,166.6699981689453,166.7050018310547,30738
2026-09-14 15:25:00+00:00,166.82000732421875,166.82000732421875,166.85000610351562,166.64999389648438,166.72999572753906,48434
2026-09-14 15:26:00+00:00,166.77999877929688,166.77999877929688,166.85000610351562,166.77000427246094,166.8249969482422,18302
2026-09-14 15:27:00+00:00,166.9499969482422,166.9499969482422,166.9499969482422,166.77000427246094,166.7899932861328,16193
2026-09-14 15:28:00+00:00,167.0,167.0,167.0,166.7573699951172,166.89999389648438,24112
2026-09-14 15:29:00+00:00,166.92999267578125,166.92999267578125,167.0399932861328,166.91000366210938,167.0,19474
2026-09-14 15:30:00+00:00,167.08999633789062,167.08999633789062,167.10499572753906,166.97999572753906,166.97999572753906,9034
2026-09-14 15:31:00+00:00,167.1024932861328,167.1024932861328,167.22999572753906,167.08999633789062,167.17999267578125,21999
2026-09-14 15:32:00+00:00,166.7899932861328,166.7899932861328,167.19000244140625,166.6999969482422,167.11500549316406,103896
2026-09-14 15:33:00+00:00,166.2899932861328,166.2899932861328,166.8300018310547,166.2899932861328,166.8000030517578,35574
2026-09-14 15:34:00+00:00,166.24000549316406,166.24000549316406,166.36000061035156,166.15499877929688,166.30999755859375,56923
2026-09-14 15:35:00+00:00,166.49000549316406,166.49000549316406,166.53500366210938,166.25,166.27000427246094,57217
2026-09-14 15:36:00+00:00,166.43099975585938,166.43099975585938,166.5399932861328,166.3300018310547,166.47000122070312,21441
2026-09-14 15:37:00+00:00,166.22500610351562,166.22500610351562,166.47500610351562,166.22000122070312,166.46499633789062,32728
2026-09-14 15:38:00+00:00,166.1103973388672,166.1103973388672,166.29989624023438,166.08999633789062,166.22999572753906,22167
2026-09-14 15:39:00+00:00,166.1699981689453,166.1699981689453,166.22000122070312,166.08999633789062,166.13499450683594,35346
2026-09-14 15:40:00+00:00,166.30999755859375,166.30999755859375,166.44000244140625,166.17999267578125,166.17999267578125,32011
2026-09-14 15:41:00+00:00,166.1699981689453,166.1699981689453,166.41000366210938,166.0800018310547,166.3300018310547,38055
2026-09-14 15:42:00+00:00,166.0399932861328,166.0399932861328,166.2899932861328,166.0,166.21499633789062,23054
2026-09-14 15:43:00+00:00,165.94000244140625,165.94000244140625,166.0500030517578,165.92999267578125,166.0500030517578,33675
2026-09-14 15:44:00+00:00,165.9550018310547,165.9550018310547,166.0050048828125,165.83009338378906,165.96499633789062,50784
2026-09-14 15:45:00+00:00,165.85000610351562,165.85000610351562,166.00999450683594,165.6999969482422,165.9600067138672,37035
2026-09-14 15:46:00+00:00,165.69000244140625,165.69000244140625,165.8699951171875,165.69000244140625,165.8699951171875,42123
2026-09-14 15:47:00+00:00,165.86000061035156,165.86000061035156,165.8699951171875,165.6649932861328,165.72000122070312,24559
2026-09-14 15:48:00+00:00,165.90989685058594,165.90989685058594,165.94000244140625,165.8300018310547,165.86000061035156,25072
2026-09-14 15:49:00+00:00,165.88999938964844,165.88999938964844,165.9250030517578,165.82000732421875,165.875,9505
2026-09-14 15:50:00+00:00,166.0050048828125,166.0050048828125,166.02999877929688,165.85000610351562,165.88999938964844,25268
2026-09-14 15:51:00+00:00,166.0,166.0,166.02999877929688,165.9149932861328,166.0050048828125,33881
2026-09-14 15:52:00+00:00,165.86000061035156,165.86000061035156,166.0299072265625,165.86000061035156,166.0299072265625,7580
2026-09-14 15:53:00+00:00,165.8699951171875,165.8699951171875,165.9600067138672,165.86000061035156,165.89999389648438,8485
2026-09-14 15:54:00+00:00,165.86500549316406,165.86500549316406,165.8990020751953,165.82000732421875,165.83009338378906,7302
2026-09-14 15:55:00+00:00,165.80999755859375,165.80999755859375,165.8531951904297,165.80999755859375,165.85000610351562,3580
2026-09-14 15:56:00+00:00,165.85000610351562,165.85000610351562,165.8699951171875,165.7899932861328,165.8350067138672,12482
2026-09-14 15:57:00+00:00,165.7899932861328,165.7899932861328,165.8699951171875,165.77000427246094,165.80999755859375,10206
2026-09-14 15:58:00+00:00,165.86000061035156,165.86000061035156,165.8699951171875,165.7899932861328,165.7899932861328,11756
2026-09-14 15:59:00+00:00,165.94500732421875,165.94500732421875,165.97999572753906,165.81500244140625,165.83999633789062,17076
2026-09-14 16:00:00+00:00,166.0500030517578,166.0500030517578,166.0850067138672,165.97999572753906,165.97999572753906,17704
2026-09-14 16:01:00+00:00,166.05499267578125,166.05499267578125,166.0800018310547,165.99000549316406,166.05999755859375,13898
2026-09-14 16:02:00+00:00,166.0,166.0,166.05999755859375,165.9949951171875,166.05499267578125,6334
2026-09-14 16:03:00+00:00,165.9499969482422,165.9499969482422,166.02999877929688,165.9499969482422,166.0070037841797,6224
2026-09-14 16:04:00+00:00,166.135498046875,166.135498046875,166.135498046875,165.9499969482422,165.9499969482422,14063
2026-09-14 16:05:00+00:00,166.0749969482422,166.0749969482422,166.14999389648438,166.0749969482422,166.1199951171875,11997
2026-09-14 16:06:00+00:00,166.05999755859375,166.05999755859375,166.06500244140625,166.02999877929688,166.06500244140625,3687
2026-09-14 16:07:00+00:00,165.97999572753906,165.97999572753906,166.13999938964844,165.92999267578125,166.02999877929688,14444
2026-09-14 16:08:00+00:00,165.9499969482422,165.9499969482422,166.00999450683594,165.9250030517578,165.99000549316406,6968
2026-09-14 16:09:00+00:00,165.7949981689453,165.7949981689453,165.9550018310547,165.77999877929688,165.9199981689453,9265
2026-09-14 16:10:00+00:00,165.7100067138672,165.7100067138672,165.8699951171875,165.6699981689453,165.7949981689453,17836
2026-09-14 16:11:00+00:00,165.7899932861328,165.7899932861328,165.7899932861328,165.7100067138672,165.72000122070312,16463
2026-09-14 16:12:00+00:00,165.82009887695312,165.82009887695312,165.83999633789062,165.75,165.8000030517578,33944
2026-09-14 16:13:00+00:00,165.82000732421875,165.82000732421875,165.83999633789062,165.77000427246094,165.77499389648438,35349
2026-09-14 16:14:00+00:00,165.74000549316406,165.74000549316406,165.83999633789062,165.63009643554688,165.83999633789062,30305
2026-09-14 16:15:00+00:00,165.6300048828125,165.6300048828125,165.79989624023438,165.6300048828125,165.74000549316406,13426
2026-09-14 16:16:00+00:00,165.6999969482422,165.6999969482422,165.72000122070312,165.6300048828125,165.63999938964844,15667
2026-09-14 16:17:00+00:00,165.7100067138672,165.7100067138672,165.77499389648438,165.67999267578125,165.7100067138672,14260
2026-09-14 16:18:00+00:00,165.7100067138672,165.7100067138672,165.72999572753906,165.6750030517578,165.6999969482422,8321
2026-09-14 16:19:00+00:00,165.78500366210938,165.78500366210938,165.7899932861328,165.69000244140625,165.72569274902344,16421
2026-09-14 16:20:00+00:00,165.72999572753906,165.72999572753906,165.8300018310547,165.72999572753906,165.81500244140625,6286
2026-09-14 16:21:00+00:00,165.75,165.75,165.77999877929688,165.7100067138672,165.72999572753906,6592
2026-09-14 16:22:00+00:00,165.74000549316406,165.74000549316406,165.75999450683594,165.6999969482422,165.6999969482422,10571
2026-09-14 16:23:00+00:00,165.860107421875,165.860107421875,165.860107421875,165.75999450683594,165.75999450683594,9059
2026-09-14 16:24:00+00:00,165.8699951171875,165.8699951171875,165.89500427246094,165.85499572753906,165.86000061035156,12352
2026-09-14 16:25:00+00:00,165.9499969482422,165.9499969482422,165.97999572753906,165.86000061035156,165.8699951171875,13829
2026-09-14 16:26:00+00:00,165.98109436035156,165.98109436035156,166.0,165.9600067138672,165.97999572753906,8420
2026-09-14 16:27:00+00:00,165.875,165.875,165.99000549316406,165.85659790039062,165.99000549316406,17029
2026-09-14 16:28:00+00:00,166.05499267578125,166.05499267578125,166.05499267578125,165.8612060546875,165.8612060546875,20083
2026-09-14 16:29:00+00:00,166.1750030517578,166.1750030517578,166.2100067138672,166.0,166.0399932861328,29939
2026-09-14 16:30:00+00:00,166.30499267578125,166.30499267578125,166.33009338378906,166.2100067138672,166.2100067138672,10517
2026-09-14 16:31:00+00:00,166.27940368652344,166.27940368652344,166.32000732421875,166.1300048828125,166.2899932861328,20501
2026-09-14 16:32:00+00:00,166.16000366210938,166.16000366210938,166.25,166.13009643554688,166.25,11687
2026-09-14 16:33:00+00:00,166.21499633789062,166.21499633789062,166.22000122070312,166.19000244140625,166.19000244140625,5857
2026-09-14 16:34:00+00:00,166.1199951171875,166.1199951171875,166.21499633789062,166.1199951171875,166.21499633789062,6445
2026-09-14 16:35:00+00:00,166.0,166.0,166.17860412597656,166.0,166.09500122070312,11585
2026-09-14 16:36:00+00:00,165.9499969482422,165.9499969482422,166.03990173339844,165.94000244140625,165.97999572753906,9533
2026-09-14 16:37:00+00:00,165.88499450683594,165.88499450683594,165.9499969482422,165.85009765625,165.92999267578125,6040
2026-09-14 16:38:00+00:00,165.92999267578125,165.92999267578125,165.94000244140625,165.7949981689453,165.9199981689453,26446
2026-09-14 16:39:00+00:00,165.8300018310547,165.8300018310547,165.9199981689453,165.8000030517578,165.88999938964844,10326
2026-09-14 16:40:00+00:00,165.83999633789062,165.83999633789062,165.83999633789062,165.7801055908203,165.82000732421875,6433
2026-09-14 16:41:00+00:00,165.7949981689453,165.7949981689453,165.85000610351562,165.77999877929688,165.8350067138672,7208
2026-09-14 16:42:00+00:00,165.77999877929688,165.77999877929688,165.83999633789062,165.75,165.82000732421875,13757
2026-09-14 16:43:00+00:00,165.7899932861328,165.7899932861328,165.83999633789062,165.77999877929688,165.77999877929688,7120
2026-09-14 16:44:00+00:00,165.82510375976562,165.82510375976562,165.85000610351562,165.77999877929688,165.80499267578125,5698
2026-09-14 16:45:00+00:00,165.7899932861328,165.7899932861328,165.82000732421875,165.75999450683594,165.80999755859375,12682
2026-09-14 16:46:00+00:00,165.80999755859375,165.80999755859375,165.8699951171875,165.75999450683594,165.82000732421875,11756
2026-09-14 16:47:00+00:00,165.2801055908203,165.2801055908203,165.77000427246094,165.2801055908203,165.72999572753906,62353
2026-09-14 16:48:00+00:00,164.85000610351562,164.85000610351562,165.4199981689453,164.8188934326172,165.3300018310547,137351
2026-09-14 16:49:00+00:00,164.77000427246094,164.77000427246094,164.86000061035156,164.66000366210938,164.86000061035156,28415
2026-09-14 16:50:00+00:00,165.0500030517578,165.0500030517578,165.13499450683594,164.72000122070312,164.77000427246094,46116
2026-09-14 16:51:00+00:00,165.2050018310547,165.2050018310547,165.3300018310547,165.0301055908203,165.0301055908203,24966
2026-09-14 16:52:00+00:00,165.02999877929688,165.02999877929688,165.22000122070312,165.00999450683594,165.2100067138672,25078
2026-09-14 16:53:00+00:00,164.77499389648438,164.77499389648438,165.08999633789062,164.72340393066406,165.05999755859375,15341
2026-09-14 16:54:00+00:00,164.7899932861328,164.7899932861328,164.92999267578125,164.73500061035156,164.8000030517578,15564
2026-09-14 16:55:00+00:00,164.8300018310547,164.8300018310547,164.83999633789062,164.6999969482422,164.72999572753906,7086
2026-09-14 16:56:00+00:00,164.9149932861328,164.9149932861328,164.93499755859375,164.86500549316406,164.875,10963
2026-09-14 16:57:00+00:00,165.1199951171875,165.1199951171875,165.17999267578125,164.92579650878906,164.93499755859375,20820
2026-09-14 16:58:00+00:00,165.125,165.125,165.16000366210938,165.07000732421875,165.11500549316406,11414
2026-09-14 16:59:00+00:00,165.16000366210938,165.16000366210938,165.16000366210938,165.00259399414062,165.11000061035156,19304
2026-09-14 17:00:00+00:00,165.1051025390625,165.1051025390625,165.19000244140625,165.08999633789062,165.15499877929688,9836
2026-09-14 17:01:00+00:00,165.0500030517578,165.0500030517578,165.22000122070312,164.96499633789062,165.1300048828125,69280
2026-09-14 17:02:00+00:00,164.9600067138672,164.9600067138672,165.1199951171875,164.92999267578125,165.08999633789062,29014
2026-09-14 17:03:00+00:00,164.89500427246094,164.89500427246094,164.9499969482422,164.8800048828125,164.9499969482422,5160
2026-09-14 17:04:00+00:00,164.94000244140625,164.94000244140625,164.97300720214844,164.8300018310547,164.89500427246094,18413
2026-09-14 17:05:00+00:00,165.0850067138672,165.0850067138672,165.1199951171875,164.89999389648438,164.94000244140625,16907
2026-09-14 17:06:00+00:00,165.16000366210938,165.16000366210938,165.22000122070312,165.07000732421875,165.0800018310547,9713
2026-09-14 17:07:00+00:00,165.27000427246094,165.27000427246094,165.27000427246094,165.11000061035156,165.17559814453125,12348
2026-09-14 17:08:00+00:00,165.2100067138672,165.2100067138672,165.25,165.1999969482422,165.25,3878
2026-09-14 17:09:00+00:00,165.2100067138672,165.2100067138672,165.33999633789062,165.2100067138672,165.27000427246094,7027
2026-09-14 17:10:00+00:00,165.2100067138672,165.2100067138672,165.22500610351562,165.1999969482422,165.2200927734375,4203
2026-09-14 17:11:00+00:00,165.14500427246094,165.14500427246094,165.1846923828125,165.1199951171875,165.17999267578125,5987
2026-09-14 17:12:00+00:00,165.1300048828125,165.1300048828125,165.14999389648438,165.10000610351562,165.10000610351562,6173
2026-09-14 17:13:00+00:00,165.13999938964844,165.13999938964844,165.16000366210938,165.1199951171875,165.12010192871094,4964
2026-09-14 17:14:00+00:00,165.2100067138672,165.2100067138672,165.22999572753906,165.13999938964844,165.14999389648438,9998
2026-09-14 17:15:00+00:00,165.19000244140625,165.19000244140625,165.2498016357422,165.19000244140625,165.22999572753906,3482
2026-09-14 17:16:00+00:00,165.14999389648438,165.14999389648438,165.24099731445312,165.14999389648438,165.17999267578125,3557
2026-09-14 17:17:00+00:00,165.17999267578125,165.17999267578125,165.2100067138672,165.14999389648438,165.14999389648438,3477
2026-09-14 17:18:00+00:00,165.23500061035156,165.23500061035156,165.25999450683594,165.2100067138672,165.22500610351562,5168
2026-09-14 17:19:00+00:00,165.2100067138672,165.2100067138672,165.27000427246094,165.19000244140625,165.24000549316406,3917
2026-09-14 17:20:00+00:00,165.2899932861328,165.2899932861328,165.2899932861328,165.1999969482422,165.2050018310547,10528
2026-09-14 17:21:00+00:00,165.3249969482422,165.3249969482422,165.35000610351562,165.26499938964844,165.30999755859375,6974
2026-09-14 17:22:00+00:00,165.2949981689453,165.2949981689453,165.31109619140625,165.25,165.27000427246094,4865
2026-09-14 17:23:00+00:00,165.27000427246094,165.27000427246094,165.28500366210938,165.2449951171875,165.28500366210938,4271
2026-09-14 17:24:00+00:00,165.1699981689453,165.1699981689453,165.2899932861328,165.1699981689453,165.2899932861328,6563
2026-09-14 17:25:00+00:00,165.19500732421875,165.19500732421875,165.21499633789062,165.16000366210938,165.1999969482422,6843
2026-09-14 17:26:00+00:00,165.125,165.125,165.25059509277344,165.08999633789062,165.22000122070312,8484
2026-09-14 17:27:00+00:00,165.18499755859375,165.18499755859375,165.18499755859375,165.11000061035156,165.14999389648438,7480
2026-09-14 17:28:00+00:00,165.19000244140625,165.19000244140625,165.22000122070312,165.14999389648438,165.16819763183594,9320
2026-09-14 17:29:00+00:00,165.2200927734375,165.2200927734375,165.22999572753906,165.1699981689453,165.2100067138672,8824
2026-09-14 17:30:00+00:00,165.32000732421875,165.32000732421875,165.33999633789062,165.23500061035156,165.24000549316406,7282
2026-09-14 17:31:00+00:00,165.32000732421875,165.32000732421875,165.3450927734375,165.3000030517578,165.30999755859375,10565
2026-09-14 17:32:00+00:00,165.47000122070312,165.47000122070312,165.47000122070312,165.32000732421875,165.32000732421875,12058
2026-09-14 17:33:00+00:00,165.5050048828125,165.5050048828125,165.5050048828125,165.39999389648438,165.4416046142578,10184
2026-09-14 17:34:00+00:00,165.4550018310547,165.4550018310547,165.5449981689453,165.4550018310547,165.49609375,9103
2026-09-14 17:35:00+00:00,165.33999633789062,165.33999633789062,165.42999267578125,165.33999633789062,165.42999267578125,7290
2026-09-14 17:36:00+00:00,165.4550018310547,165.4550018310547,165.4550018310547,165.3699951171875,165.3699951171875,3520
2026-09-14 17:37:00+00:00,165.5800018310547,165.5800018310547,165.5800018310547,165.42999267578125,165.42999267578125,7844
2026-09-14 17:38:00+00:00,165.67999267578125,165.67999267578125,165.69000244140625,165.49609375,165.55499267578125,18307
2026-09-14 17:39:00+00:00,165.6699981689453,165.6699981689453,165.6817626953125,165.6199951171875,165.6817626953125,10899
2026-09-14 17:40:00+00:00,165.6750030517578,165.6750030517578,165.69000244140625,165.6300048828125,165.63999938964844,8503
2026-09-14 17:41:00+00:00,165.7100067138672,165.7100067138672,165.72500610351562,165.63999938964844,165.66000366210938,11677
2026-09-14 17:42:00+00:00,165.69000244140625,165.69000244140625,165.74000549316406,165.6699981689453,165.72500610351562,9410
2026-09-14 17:43:00+00:00,165.39999389648438,165.39999389648438,165.67999267578125,165.25999450683594,165.66000366210938,36893
2026-09-14 17:44:00+00:00,165.47000122070312,165.47000122070312,165.48500061035156,165.39010620117188,165.39500427246094,15067
2026-09-14 17:45:00+00:00,165.5449981689453,165.5449981689453,165.5800018310547,165.44000244140625,165.4550018310547,10416
2026-09-14 17:46:00+00:00,165.47500610351562,165.47500610351562,165.52999877929688,165.39010620117188,165.52000427246094,10320
2026-09-14 17:47:00+00:00,165.47999572753906,165.47999572753906,165.49000549316406,165.4499969482422,165.4499969482422,11377
2026-09-14 17:48:00+00:00,165.43499755859375,165.43499755859375,165.47500610351562,165.41000366210938,165.47000122070312,7489
2026-09-14 17:49:00+00:00,165.35000610351562,165.35000610351562,165.4600067138672,165.3000030517578,165.42999267578125,17264
2026-09-14 17:50:00+00:00,165.47000122070312,165.47000122070312,165.5,165.33999633789062,165.35499572753906,19208
2026-09-14 17:51:00+00:00,165.4199981689453,165.4199981689453,165.49000549316406,165.3699951171875,165.47000122070312,14149
2026-09-14 17:52:00+00:00,165.35000610351562,165.35000610351562,165.4394989013672,165.3000030517578,165.40499877929688,31046
2026-09-14 17:53:00+00:00,165.4499969482422,165.4499969482422,165.4499969482422,165.36000061035156,165.36000061035156,8925
2026-09-14 17:54:00+00:00,165.53500366210938,165.53500366210938,165.53500366210938,165.48500061035156,165.48500061035156,6321
2026-09-14 17:55:00+00:00,165.50999450683594,165.50999450683594,165.52999877929688,165.46090698242188,165.52999877929688,7762
2026-09-14 17:56:00+00:00,165.49000549316406,165.49000549316406,165.56500244140625,165.49000549316406,165.52999877929688,8602
2026-09-14 17:57:00+00:00,165.53500366210938,165.53500366210938,165.57000732421875,165.50999450683594,165.55650329589844,8006
2026-09-14 17:58:00+00:00,165.46499633789062,165.46499633789062,165.52999877929688,165.4600067138672,165.52999877929688,14627
2026-09-14 17:59:00+00:00,165.3800048828125,165.3800048828125,165.44000244140625,165.36000061035156,165.44000244140625,6888
2026-09-14 18:00:00+00:00,165.47000122070312,165.47000122070312,165.47000122070312,165.30999755859375,165.39999389648438,29947
2026-09-14 18:01:00+00:00,165.4499969482422,165.4499969482422,165.52499389648438,165.4499969482422,165.49530029296875,6960
2026-09-14 18:02:00+00:00,165.42999267578125,165.42999267578125,165.49000549316406,165.42999267578125,165.4600067138672,3560
2026-09-14 18:03:00+00:00,165.55999755859375,165.55999755859375,165.55999755859375,165.43499755859375,165.4499969482422,5878
2026-09-14 18:04:00+00:00,165.66510009765625,165.66510009765625,165.67999267578125,165.57000732421875,165.5850067138672,6428
2026-09-14 18:05:00+00:00,165.6699981689453,165.6699981689453,165.69000244140625,165.6199951171875,165.6649932861328,10752
2026-09-14 18:06:00+00:00,165.63499450683594,165.63499450683594,165.64999389648438,165.61099243164062,165.63999938964844,5141
2026-09-14 18:07:00+00:00,165.5800018310547,165.5800018310547,165.63999938964844,165.57000732421875,165.6199951171875,10089
2026-09-14 18:08:00+00:00,165.5200958251953,165.5200958251953,165.6300048828125,165.5200958251953,165.60000610351562,6260
2026-09-14 18:09:00+00:00,165.44000244140625,165.44000244140625,165.58999633789062,165.44000244140625,165.54510498046875,7157
2026-09-14 18:10:00+00:00,165.44000244140625,165.44000244140625,165.44000244140625,165.375,165.41000366210938,18169
2026-09-14 18:11:00+00:00,165.4600067138672,165.4600067138672,165.47000122070312,165.38999938964844,165.44000244140625,7371
2026-09-14 18:12:00+00:00,165.44000244140625,165.44000244140625,165.5,165.42999267578125,165.47999572753906,5952
2026-09-14 18:13:00+00:00,165.5699005126953,165.5699005126953,165.5699005126953,165.47900390625,165.47900390625,4608
2026-09-14 18:14:00+00:00,165.60899353027344,165.60899353027344,165.61000061035156,165.52000427246094,165.52000427246094,5521
2026-09-14 18:15:00+00:00,165.64500427246094,165.64500427246094,165.6999969482422,165.58999633789062,165.61000061035156,9578
2026-09-14 18:16:00+00:00,165.70050048828125,165.70050048828125,165.7050018310547,165.6649932861328,165.69500732421875,5118
2026-09-14 18:17:00+00:00,165.6699981689453,165.6699981689453,165.72000122070312,165.6699981689453,165.68499755859375,10685
2026-09-14 18:18:00+00:00,165.68499755859375,165.68499755859375,165.68499755859375,165.61000061035156,165.61000061035156,6126
2026-09-14 18:19:00+00:00,165.71499633789062,165.71499633789062,165.75,165.67050170898438,165.6999969482422,18534
2026-09-14 18:20:00+00:00,165.77999877929688,165.77999877929688,165.80499267578125,165.72000122070312,165.72000122070312,6606
2026-09-14 18:21:00+00:00,165.75999450683594,165.75999450683594,165.78500366210938,165.74000549316406,165.76499938964844,16529
2026-09-14 18:22:00+00:00,165.7550048828125,165.7550048828125,165.7698974609375,165.72999572753906,165.75,4452
2026-09-14 18:23:00+00:00,165.6999969482422,165.6999969482422,165.75999450683594,165.6999969482422,165.75999450683594,7927
2026-09-14 18:24:00+00:00,165.6999969482422,165.6999969482422,165.7100067138672,165.67999267578125,165.67999267578125,7465
2026-09-14 18:25:00+00:00,165.57000732421875,165.57000732421875,165.6999969482422,165.52000427246094,165.6999969482422,22924
2026-09-14 18:26:00+00:00,165.52000427246094,165.52000427246094,165.5843963623047,165.5,165.55999755859375,5446
2026-09-14 18:27:00+00:00,165.52000427246094,165.52000427246094,165.55999755859375,165.50790405273438,165.52000427246094,8069
2026-09-14 18:28:00+00:00,165.5399932861328,165.5399932861328,165.6649932861328,165.5229949951172,165.5229949951172,8733
2026-09-14 18:29:00+00:00,165.47509765625,165.47509765625,165.5399932861328,165.44000244140625,165.52499389648438,7600
2026-09-14 18:30:00+00:00,165.49000549316406,165.49000549316406,165.49000549316406,165.42999267578125,165.47500610351562,5155
2026-09-14 18:31:00+00:00,165.4499969482422,165.4499969482422,165.48500061035156,165.44000244140625,165.47500610351562,5779
2026-09-14 18:32:00+00:00,165.3699951171875,165.3699951171875,165.4600067138672,165.3699951171875,165.4600067138672,14621
2026-09-14 18:33:00+00:00,165.37010192871094,165.37010192871094,165.4600067138672,165.3000030517578,165.3350067138672,19454
2026-09-14 18:34:00+00:00,165.36000061035156,165.36000061035156,165.4199981689453,165.36000061035156,165.3699951171875,7428
2026-09-14 18:35:00+00:00,165.33999633789062,165.33999633789062,165.36000061035156,165.3000030517578,165.35000610351562,10809
2026-09-14 18:36:00+00:00,165.24000549316406,165.24000549316406,165.33999633789062,165.2100067138672,165.3300018310547,9131
2026-09-14 18:37:00+00:00,165.2899932861328,165.2899932861328,165.31500244140625,165.2248992919922,165.2248992919922,10073
2026-09-14 18:38:00+00:00,165.14039611816406,165.14039611816406,165.30999755859375,165.13999938964844,165.3000030517578,13594
2026-09-14 18:39:00+00:00,165.0500030517578,165.0500030517578,165.17990112304688,165.02999877929688,165.17990112304688,14279
2026-09-14 18:40:00+00:00,165.0800018310547,165.0800018310547,165.0800018310547,165.01300048828125,165.05499267578125,7324
2026-09-14 18:41:00+00:00,164.96499633789062,164.96499633789062,165.1199951171875,164.8800048828125,165.1177978515625,38626
2026-09-14 18:42:00+00:00,165.01499938964844,165.01499938964844,165.0500030517578,164.966796875,164.966796875,17932
2026-09-14 18:43:00+00:00,165.01499938964844,165.01499938964844,165.03500366210938,164.97999572753906,165.03500366210938,10285
2026-09-14 18:44:00+00:00,164.98500061035156,164.98500061035156,165.0399932861328,164.9499969482422,165.03500366210938,7020
2026-09-14 18:45:00+00:00,165.01499938964844,165.01499938964844,165.0299072265625,164.94500732421875,164.9600067138672,18501
2026-09-14 18:46:00+00:00,165.07000732421875,165.07000732421875,165.08999633789062,164.93499755859375,164.99000549316406,13865
2026-09-14 18:47:00+00:00,164.9499969482422,164.9499969482422,165.05999755859375,164.89999389648438,165.05499267578125,16480
2026-09-14 18:48:00+00:00,164.97509765625,164.97509765625,164.99000549316406,164.9300994873047,164.94000244140625,8759
2026-09-14 18:49:00+00:00,165.0,165.0,165.00999450683594,164.9499969482422,164.97500610351562,10248
2026-09-14 18:50:00+00:00,165.02999877929688,165.02999877929688,165.0449981689453,164.98500061035156,165.00999450683594,7266
2026-09-14 18:51:00+00:00,164.97000122070312,164.97000122070312,165.07000732421875,164.97000122070312,165.00999450683594,8977
2026-09-14 18:52:00+00:00,164.96499633789062,164.96499633789062,165.00999450683594,164.95010375976562,165.0050048828125,2761
2026-09-14 18:53:00+00:00,164.97000122070312,164.97000122070312,164.99000549316406,164.9499969482422,164.97000122070312,9264
2026-09-14 18:54:00+00:00,164.9600067138672,164.9600067138672,164.97999572753906,164.94000244140625,164.9700927734375,8643
2026-09-14 18:55:00+00:00,165.00999450683594,165.00999450683594,165.02999877929688,164.92999267578125,164.9600067138672,30380
2026-09-14 18:56:00+00:00,164.8350067138672,164.8350067138672,165.02000427246094,164.8350067138672,165.0,13011
2026-09-14 18:57:00+00:00,164.7100067138672,164.7100067138672,164.8300018310547,164.6300048828125,164.8249969482422,18321
2026-09-14 18:58:00+00:00,164.6199951171875,164.6199951171875,164.74000549316406,164.55999755859375,164.7050018310547,24165
2026-09-14 18:59:00+00:00,164.7194061279297,164.7194061279297,164.7194061279297,164.55999755859375,164.6300048828125,17949
2026-09-14 19:00:00+00:00,164.6649932861328,164.6649932861328,164.7198944091797,164.63999938964844,164.67999267578125,14253
2026-09-14 19:01:00+00:00,164.63999938964844,164.63999938964844,164.67999267578125,164.625,164.64010620117188,11180
2026-09-14 19:02:00+00:00,164.6300048828125,164.6300048828125,164.66000366210938,164.61500549316406,164.66000366210938,11815
2026-09-14 19:03:00+00:00,164.63999938964844,164.63999938964844,164.68980407714844,164.6199951171875,164.6300048828125,7287
2026-09-14 19:04:00+00:00,164.27000427246094,164.27000427246094,164.6699981689453,164.22999572753906,164.6300048828125,106297
2026-09-14 19:05:00+00:00,164.38999938964844,164.38999938964844,164.4499969482422,164.27000427246094,164.3000030517578,10739
2026-09-14 19:06:00+00:00,164.3249969482422,164.3249969482422,164.42999267578125,164.30499267578125,164.38999938964844,9668
2026-09-14 19:07:00+00:00,164.33999633789062,164.33999633789062,164.3699951171875,164.25,164.32000732421875,17762
2026-09-14 19:08:00+00:00,164.30999755859375,164.30999755859375,164.33999633789062,164.2899932861328,164.33999633789062,7341
2026-09-14 19:09:00+00:00,164.30499267578125,164.30499267578125,164.33999633789062,164.3000030517578,164.31500244140625,10254
2026-09-14 19:10:00+00:00,164.37460327148438,164.37460327148438,164.39999389648438,164.2899932861328,164.2949981689453,20055
2026-09-14 19:11:00+00:00,164.14500427246094,164.14500427246094,164.4199981689453,164.10000610351562,164.3800048828125,34781
2026-09-14 19:12:00+00:00,164.16000366210938,164.16000366210938,164.1699981689453,164.0399932861328,164.15499877929688,21754
2026-09-14 19:13:00+00:00,164.22000122070312,164.22000122070312,164.22000122070312,164.16000366210938,164.1699981689453,21380
2026-09-14 19:14:00+00:00,164.3000030517578,164.3000030517578,164.32000732421875,164.22000122070312,164.22000122070312,15834
2026-09-14 19:15:00+00:00,164.30999755859375,164.30999755859375,164.32000732421875,164.22000122070312,164.30499267578125,16669
2026-09-14 19:16:00+00:00,164.3300018310547,164.3300018310547,164.33999633789062,164.2949981689453,164.30029296875,11947
2026-09-14 19:17:00+00:00,164.36000061035156,164.36000061035156,164.3699951171875,164.32000732421875,164.3350067138672,7755
2026-09-14 19:18:00+00:00,164.36000061035156,164.36000061035156,164.3699951171875,164.33999633789062,164.35499572753906,10067
2026-09-14 19:19:00+00:00,164.3800048828125,164.3800048828125,164.3800048828125,164.3300018310547,164.36000061035156,15566
2026-09-14 19:20:00+00:00,164.38999938964844,164.38999938964844,164.42999267578125,164.3800048828125,164.38499450683594,19984
2026-09-14 19:21:00+00:00,164.41000366210938,164.41000366210938,164.41000366210938,164.38999938964844,164.39999389648438,13112
2026-09-14 19:22:00+00:00,164.3800048828125,164.3800048828125,164.42999267578125,164.3800048828125,164.41000366210938,9995
2026-09-14 19:23:00+00:00,164.4199981689453,164.4199981689453,164.4199981689453,164.3300018310547,164.3800048828125,16811
2026-09-14 19:24:00+00:00,164.44000244140625,164.44000244140625,164.52000427246094,164.43499755859375,164.43499755859375,13080
2026-09-14 19:25:00+00:00,164.36000061035156,164.36000061035156,164.4600067138672,164.36000061035156,164.44500732421875,16739
2026-09-14 19:26:00+00:00,164.27999877929688,164.27999877929688,164.35000610351562,164.25,164.35000610351562,11479
2026-09-14 19:27:00+00:00,164.2899932861328,164.2899932861328,164.3000030517578,164.22999572753906,164.25999450683594,33319
2026-09-14 19:28:00+00:00,164.27999877929688,164.27999877929688,164.30990600585938,164.27000427246094,164.27000427246094,16630
2026-09-14 19:29:00+00:00,164.27999877929688,164.27999877929688,164.36000061035156,164.27999877929688,164.27999877929688,14741
2026-09-14 19:30:00+00:00,164.31500244140625,164.31500244140625,164.36000061035156,164.28500366210938,164.30999755859375,42696
2026-09-14 19:31:00+00:00,164.42999267578125,164.42999267578125,164.42999267578125,164.3000030517578,164.31500244140625,25371
2026-09-14 19:32:00+00:00,164.44000244140625,164.44000244140625,164.44000244140625,164.33999633789062,164.42999267578125,29132
2026-09-14 19:33:00+00:00,164.4499969482422,164.4499969482422,164.47000122070312,164.33999633789062,164.42999267578125,20820
2026-09-14 19:34:00+00:00,164.4499969482422,164.4499969482422,164.4499969482422,164.375,164.4499969482422,23237
2026-09-14 19:35:00+00:00,164.47999572753906,164.47999572753906,164.5500030517578,164.4199981689453,164.44500732421875,44357
2026-09-14 19:36:00+00:00,164.4499969482422,164.4499969482422,164.49000549316406,164.3800048828125,164.44000244140625,29226
2026-09-14 19:37:00+00:00,164.4149932861328,164.4149932861328,164.47000122070312,164.36000061035156,164.42999267578125,54291
2026-09-14 19:38:00+00:00,164.39999389648438,164.39999389648438,164.41700744628906,164.38999938964844,164.4149932861328,20903
2026-09-14 19:39:00+00:00,164.39999389648438,164.39999389648438,164.50999450683594,164.38999938964844,164.41000366210938,16775
2026-09-14 19:40:00+00:00,164.4499969482422,164.4499969482422,164.47000122070312,164.41000366210938,164.41000366210938,22457
2026-09-14 19:41:00+00:00,164.46499633789062,164.46499633789062,164.52000427246094,164.4600067138672,164.47000122070312,17142
2026-09-14 19:42:00+00:00,164.5449981689453,164.5449981689453,164.5449981689453,164.44000244140625,164.4550018310547,15639
2026-09-14 19:43:00+00:00,164.5399932861328,164.5399932861328,164.5800018310547,164.50999450683594,164.52999877929688,21108
2026-09-14 19:44:00+00:00,164.59500122070312,164.59500122070312,164.6300048828125,164.5399932861328,164.5399932861328,33588
2026-09-14 19:45:00+00:00,164.58999633789062,164.58999633789062,164.64390563964844,164.55999755859375,164.59500122070312,19546
2026-09-14 19:46:00+00:00,164.57009887695312,164.57009887695312,164.6199951171875,164.5399932861328,164.60000610351562,18594
2026-09-14 19:47:00+00:00,164.52499389648438,164.52499389648438,164.5800018310547,164.49000549316406,164.57000732421875,17299
2026-09-14 19:48:00+00:00,164.5,164.5,164.5399932861328,164.4600067138672,164.52499389648438,44596
2026-09-14 19:49:00+00:00,164.5,164.5,164.55999755859375,164.47000122070312,164.50999450683594,28545
2026-09-14 19:50:00+00:00,164.298095703125,164.298095703125,164.49000549316406,164.2550048828125,164.47999572753906,49828
2026-09-14 19:51:00+00:00,164.3699951171875,164.3699951171875,164.41000366210938,164.24000549316406,164.3000030517578,53289
2026-09-14 19:52:00+00:00,164.30999755859375,164.30999755859375,164.36000061035156,164.27999877929688,164.35000610351562,30068
2026-09-14 19:53:00+00:00,164.22999572753906,164.22999572753906,164.3300018310547,164.19000244140625,164.32000732421875,52909
2026-09-14 19:54:00+00:00,164.4199981689453,164.4199981689453,164.42999267578125,164.22000122070312,164.23500061035156,66365
2026-09-14 19:55:00+00:00,164.44500732421875,164.44500732421875,164.55999755859375,164.34500122070312,164.41000366210938,555949
2026-09-14 19:56:00+00:00,164.5,164.5,164.52000427246094,164.39999389648438,164.44000244140625,79386
2026-09-14 19:57:00+00:00,164.61000061035156,164.61000061035156,164.67999267578125,164.5,164.50999450683594,77703
2026-09-14 19:58:00+00:00,164.80999755859375,164.80999755859375,164.9199981689453,164.57000732421875,164.61000061035156,248959
2026-09-14 19:59:00+00:00,165.07000732421875,165.07000732421875,165.0800018310547,164.72999572753906,164.82000732421875,478110
2026-09-15 13:30:00+00:00,165.3800048828125,165.3800048828125,165.7100067138672,165.14999389648438,165.36000061035156,150493
2026-09-15 13:31:00+00:00,165.9499969482422,165.9499969482422,166.0,165.47999572753906,165.47999572753906,18397
2026-09-15 13:32:00+00:00,165.97000122070312,165.97000122070312,166.24000549316406,165.83999633789062,165.83999633789062,29702
2026-09-15 13:33:00+00:00,165.83999633789062,165.83999633789062,166.08999633789062,165.53500366210938,165.97000122070312,40554
2026-09-15 13:34:00+00:00,166.19000244140625,166.19000244140625,166.19000244140625,165.6999969482422,165.8699951171875,40047
2026-09-15 13:35:00+00:00,166.57000732421875,166.57000732421875,166.57000732421875,166.13499450683594,166.19000244140625,46143
2026-09-15 13:36:00+00:00,167.08999633789062,167.08999633789062,167.15989685058594,166.55799865722656,166.6392059326172,66039
2026-09-15 13:37:00+00:00,167.24000549316406,167.24000549316406,167.3000030517578,167.0500030517578,167.0605926513672,57635
2026-09-15 13:38:00+00:00,167.55929565429688,167.55929565429688,167.55929565429688,167.27000427246094,167.36000061035156,26666
2026-09-15 13:39:00+00:00,167.47000122070312,167.47000122070312,167.5800018310547,167.41380310058594,167.5634002685547,20255
2026-09-15 13:40:00+00:00,167.39999389648438,167.39999389648438,167.6199951171875,167.24000549316406,167.41000366210938,55692
2026-09-15 13:41:00+00:00,167.48500061035156,167.48500061035156,167.5,167.24000549316406,167.3800048828125,19298
2026-09-15 13:42:00+00:00,167.3000030517578,167.3000030517578,167.485107421875,167.2100067138672,167.485107421875,24023
2026-09-15 13:43:00+00:00,167.15499877929688,167.15499877929688,167.38999938964844,167.0,167.32000732421875,41089
2026-09-15 13:44:00+00:00,167.21990966796875,167.21990966796875,167.24000549316406,166.8800048828125,167.1199951171875,69443
2026-09-15 13:45:00+00:00,167.375,167.375,167.44000244140625,167.22999572753906,167.22999572753906,22882
2026-09-15 13:46:00+00:00,167.35000610351562,167.35000610351562,167.41000366210938,167.25,167.3699951171875,30191
2026-09-15 13:47:00+00:00,167.1699981689453,167.1699981689453,167.33999633789062,167.1300048828125,167.33999633789062,20800
2026-09-15 13:48:00+00:00,167.16000366210938,167.16000366210938,167.22999572753906,167.10000610351562,167.14999389648438,18751
2026-09-15 13:49:00+00:00,167.1699981689453,167.1699981689453,167.22000122070312,167.03500366210938,167.16000366210938,19393
2026-09-15 13:50:00+00:00,167.07000732421875,167.07000732421875,167.22509765625,167.0500030517578,167.16000366210938,11925
2026-09-15 13:51:00+00:00,167.26499938964844,167.26499938964844,167.26499938964844,167.00999450683594,167.05999755859375,98399
2026-09-15 13:52:00+00:00,167.33999633789062,167.33999633789062,167.41000366210938,167.27000427246094,167.27000427246094,13762
2026-09-15 13:53:00+00:00,167.5800018310547,167.5800018310547,167.6999969482422,167.33999633789062,167.33999633789062,20311
2026-09-15 13:54:00+00:00,167.4199981689453,167.4199981689453,167.77000427246094,167.4199981689453,167.57000732421875,61898
2026-09-15 13:55:00+00:00,167.47250366210938,167.47250366210938,167.6300048828125,167.4199981689453,167.4199981689453,14545
2026-09-15 13:56:00+00:00,167.36000061035156,167.36000061035156,167.5050048828125,167.33009338378906,167.5050048828125,21877
2026-09-15 13:57:00+00:00,167.64999389648438,167.64999389648438,167.6750030517578,167.36000061035156,167.375,81538
2026-09-15 13:58:00+00:00,167.49000549316406,167.49000549316406,167.68499755859375,167.39999389648438,167.67999267578125,34046
2026-09-15 13:59:00+00:00,167.57000732421875,167.57000732421875,167.63999938964844,167.47999572753906,167.49000549316406,22731
2026-09-15 14:00:00+00:00,167.63499450683594,167.63499450683594,167.6699981689453,167.50999450683594,167.5500030517578,39304
2026-09-15 14:01:00+00:00,167.52499389648438,167.52499389648438,167.72509765625,167.4600067138672,167.63499450683594,37288
2026-09-15 14:02:00+00:00,167.55999755859375,167.55999755859375,167.63999938964844,167.4949951171875,167.5,24539
2026-09-15 14:03:00+00:00,167.7301025390625,167.7301025390625,167.76499938964844,167.55999755859375,167.5800018310547,24505
2026-09-15 14:04:00+00:00,167.74000549316406,167.74000549316406,167.8300018310547,167.72000122070312,167.75999450683594,22093
2026-09-15 14:05:00+00:00,167.72999572753906,167.72999572753906,167.75999450683594,167.60000610351562,167.7100067138672,17631
2026-09-15 14:06:00+00:00,167.91000366210938,167.91000366210938,167.91000366210938,167.75,167.75,28483
2026-09-15 14:07:00+00:00,167.7949981689453,167.7949981689453,167.92999267578125,167.7899932861328,167.9199981689453,11284
2026-09-15 14:08:00+00:00,167.67999267578125,167.67999267578125,167.83401489257812,167.66000366210938,167.82000732421875,11639
2026-09-15 14:09:00+00:00,167.86000061035156,167.86000061035156,167.88499450683594,167.74000549316406,167.74000549316406,18142
2026-09-15 14:10:00+00:00,167.6699981689453,167.6699981689453,167.92999267578125,167.6699981689453,167.89999389648438,21571
2026-09-15 14:11:00+00:00,167.53500366210938,167.53500366210938,167.72000122070312,167.4720001220703,167.6699981689453,49898
2026-09-15 14:12:00+00:00,167.77999877929688,167.77999877929688,167.7949981689453,167.53500366210938,167.53500366210938,10540
2026-09-15 14:13:00+00:00,167.85000610351562,167.85000610351562,167.88999938964844,167.75,167.77000427246094,12881
2026-09-15 14:14:00+00:00,167.77999877929688,167.77999877929688,167.89549255371094,167.77000427246094,167.86000061035156,10654
2026-09-15 14:15:00+00:00,167.82000732421875,167.82000732421875,167.8300018310547,167.77000427246094,167.80499267578125,7400
2026-09-15 14:16:00+00:00,167.80999755859375,167.80999755859375,167.86000061035156,167.77999877929688,167.81500244140625,10498
2026-09-15 14:17:00+00:00,167.75999450683594,167.75999450683594,167.86000061035156,167.67999267578125,167.8000030517578,22330
2026-09-15 14:18:00+00:00,167.89999389648438,167.89999389648438,167.92999267578125,167.7899932861328,167.7899932861328,21784
2026-09-15 14:19:00+00:00,167.97000122070312,167.97000122070312,168.0500030517578,167.89999389648438,167.9149932861328,57219
2026-09-15 14:20:00+00:00,168.00990295410156,168.00990295410156,168.05999755859375,167.94000244140625,167.9499969482422,18108
2026-09-15 14:21:00+00:00,168.0,168.0,168.0,167.96499633789062,167.97999572753906,10385
2026-09-15 14:22:00+00:00,168.05999755859375,168.05999755859375,168.05999755859375,167.92010498046875,167.97000122070312,4953
2026-09-15 14:23:00+00:00,168.02999877929688,168.02999877929688,168.08990478515625,167.9949951171875,168.07000732421875,11790
2026-09-15 14:24:00+00:00,168.02000427246094,168.02000427246094,168.0299072265625,167.94500732421875,168.02499389648438,18997
2026-09-15 14:25:00+00:00,167.8748016357422,167.8748016357422,168.0500030517578,167.83999633789062,168.0,38977
2026-09-15 14:26:00+00:00,167.85499572753906,167.85499572753906,167.93499755859375,167.83999633789062,167.88499450683594,14158
2026-09-15 14:27:00+00:00,167.8000030517578,167.8000030517578,167.8778076171875,167.7550048828125,167.8778076171875,17733
2026-09-15 14:28:00+00:00,167.65499877929688,167.65499877929688,167.8000030517578,167.5800018310547,167.7899932861328,82855
2026-09-15 14:29:00+00:00,167.25,167.25,167.7100067138672,167.21499633789062,167.6300048828125,65469
2026-09-15 14:30:00+00:00,167.60000610351562,167.60000610351562,167.60000610351562,167.26499938964844,167.26510620117188,26509
2026-09-15 14:31:00+00:00,167.47999572753906,167.47999572753906,167.61500549316406,167.42999267578125,167.5500030517578,12272
2026-09-15 14:32:00+00:00,167.64999389648438,167.64999389648438,167.7100067138672,167.44000244140625,167.52000427246094,11392
2026-09-15 14:33:00+00:00,167.5749969482422,167.5749969482422,167.7100067138672,167.50999450683594,167.6750030517578,7364
2026-09-15 14:34:00+00:00,167.0500030517578,167.0500030517578,167.5500030517578,167.0500030517578,167.52000427246094,97350
2026-09-15 14:35:00+00:00,167.30999755859375,167.30999755859375,167.4186553955078,167.00999450683594,167.05499267578125,56034
2026-09-15 14:36:00+00:00,167.32000732421875,167.32000732421875,167.4040069580078,167.26499938964844,167.32000732421875,25013
2026-09-15 14:37:00+00:00,167.19000244140625,167.19000244140625,167.3300018310547,167.1699981689453,167.3300018310547,9943
2026-09-15 14:38:00+00:00,167.27000427246094,167.27000427246094,167.2899932861328,167.14999389648438,167.17999267578125,22434
2026-09-15 14:39:00+00:00,167.4199981689453,167.4199981689453,167.42010498046875,167.25999450683594,167.25999450683594,14840
2026-09-15 14:40:00+00:00,167.36000061035156,167.36000061035156,167.41000366210938,167.36000061035156,167.41000366210938,5126
2026-09-15 14:41:00+00:00,167.1699981689453,167.1699981689453,167.25999450683594,167.12750244140625,167.25999450683594,18902
2026-09-15 14:42:00+00:00,167.0500030517578,167.0500030517578,167.19000244140625,167.04440307617188,167.1699981689453,10555
2026-09-15 14:43:00+00:00,167.0800018310547,167.0800018310547,167.18643188476562,167.05999755859375,167.05999755859375,10663
2026-09-15 14:44:00+00:00,167.02000427246094,167.02000427246094,167.1300048828125,166.97000122070312,167.0800018310547,19682
2026-09-15 14:45:00+00:00,167.22000122070312,167.22000122070312,167.25999450683594,166.99000549316406,167.0072021484375,10228
2026-09-15 14:46:00+00:00,167.2899932861328,167.2899932861328,167.2899932861328,167.1750030517578,167.2100067138672,7803
2026-09-15 14:47:00+00:00,167.44500732421875,167.44500732421875,167.44500732421875,167.29010009765625,167.31500244140625,33284
2026-09-15 14:48:00+00:00,167.4499969482422,167.4499969482422,167.5,167.3350067138672,167.44000244140625,41352
2026-09-15 14:49:00+00:00,167.4250030517578,167.4250030517578,167.4600067138672,167.39999389648438,167.4600067138672,9728
2026-09-15 14:50:00+00:00,167.2949981689453,167.2949981689453,167.44500732421875,167.2899932861328,167.418701171875,7851
2026-09-15 14:51:00+00:00,167.44000244140625,167.44000244140625,167.5615997314453,167.27000427246094,167.27000427246094,29157
2026-09-15 14:52:00+00:00,167.22999572753906,167.22999572753906,167.456298828125,167.22999572753906,167.456298828125,16789
2026-09-15 14:53:00+00:00,167.34500122070312,167.34500122070312,167.36000061035156,167.25,167.25,7400
2026-09-15 14:54:00+00:00,167.36000061035156,167.36000061035156,167.3800048828125,167.32000732421875,167.32000732421875,22564
2026-09-15 14:55:00+00:00,167.3699951171875,167.3699951171875,167.42999267578125,167.36000061035156,167.39999389648438,11157
2026-09-15 14:56:00+00:00,167.3300018310547,167.3300018310547,167.35499572753906,167.27000427246094,167.33999633789062,10210
2026-09-15 14:57:00+00:00,167.5,167.5,167.5,167.2949981689453,167.32009887695312,25955
2026-09-15 14:58:00+00:00,167.60000610351562,167.60000610351562,167.72000122070312,167.5,167.5399932861328,15334
2026-09-15 14:59:00+00:00,167.75,167.75,167.75,167.65499877929688,167.67999267578125,9057
2026-09-15 15:00:00+00:00,167.72000122070312,167.72000122070312,167.81500244140625,167.7100067138672,167.75,28937
2026-09-15 15:01:00+00:00,167.7899932861328,167.7899932861328,167.8350067138672,167.58999633789062,167.74769592285156,44113
2026-09-15 15:02:00+00:00,167.8249969482422,167.8249969482422,167.84500122070312,167.77999877929688,167.79510498046875,7437
2026-09-15 15:03:00+00:00,167.92999267578125,167.92999267578125,167.92999267578125,167.77000427246094,167.8498992919922,10445
2026-09-15 15:04:00+00:00,167.94000244140625,167.94000244140625,167.98190307617188,167.90499877929688,167.92999267578125,9800
2026-09-15 15:05:00+00:00,167.8699951171875,167.8699951171875,167.94000244140625,167.82000732421875,167.9199981689453,15060
2026-09-15 15:06:00+00:00,168.10000610351562,168.10000610351562,168.10000610351562,167.86709594726562,167.875,35092
2026-09-15 15:07:00+00:00,168.00999450683594,168.00999450683594,168.10499572753906,167.9499969482422,168.08999633789062,22515
2026-09-15 15:08:00+00:00,168.05999755859375,168.05999755859375,168.07000732421875,167.9600067138672,167.9949951171875,14823
2026-09-15 15:09:00+00:00,168.0,168.0,168.0800018310547,168.0,168.05499267578125,8929
2026-09-15 15:10:00+00:00,168.10499572753906,168.10499572753906,168.11000061035156,167.99000549316406,168.0399932861328,10015
2026-09-15 15:11:00+00:00,168.07000732421875,168.07000732421875,168.10000610351562,168.00999450683594,168.05250549316406,17774
2026-09-15 15:12:00+00:00,168.3000030517578,168.3000030517578,168.3000030517578,168.10000610351562,168.11000061035156,18332
2026-09-15 15:13:00+00:00,168.35000610351562,168.35000610351562,168.49000549316406,168.27000427246094,168.27999877929688,65227
2026-09-15 15:14:00+00:00,168.4600067138672,168.4600067138672,168.4600067138672,168.3300018310547,168.35000610351562,9588
2026-09-15 15:15:00+00:00,168.41000366210938,168.41000366210938,168.47999572753906,168.3726043701172,168.47999572753906,18936
2026-09-15 15:16:00+00:00,168.5800018310547,168.5800018310547,168.64999389648438,168.4199981689453,168.4199981689453,43414
2026-09-15 15:17:00+00:00,168.58999633789062,168.58999633789062,168.6300048828125,168.5800018310547,168.58999633789062,57376
2026-09-15 15:18:00+00:00,168.6199951171875,168.6199951171875,168.72999572753906,168.5937042236328,168.5937042236328,32271
2026-09-15 15:19:00+00:00,168.70790100097656,168.70790100097656,168.75,168.55999755859375,168.625,76643
2026-09-15 15:20:00+00:00,168.8300018310547,168.8300018310547,168.8300018310547,168.7100067138672,168.7100067138672,24638
2026-09-15 15:21:00+00:00,168.8300018310547,168.8300018310547,168.86990356445312,168.80999755859375,168.83999633789062,27676
2026-09-15 15:22:00+00:00,169.09500122070312,169.09500122070312,169.14999389648438,168.82940673828125,168.82940673828125,102182
2026-09-15 15:23:00+00:00,169.16000366210938,169.16000366210938,169.1999969482422,169.0800018310547,169.11000061035156,29118
2026-09-15 15:24:00+00:00,169.26699829101562,169.26699829101562,169.3300018310547,169.18499755859375,169.19000244140625,47235
2026-09-15 15:25:00+00:00,169.14999389648438,169.14999389648438,169.3000030517578,169.13999938964844,169.2899932861328,23456
2026-09-15 15:26:00+00:00,169.25,169.25,169.25,169.14010620117188,169.15499877929688,18695
2026-09-15 15:27:00+00:00,169.22500610351562,169.22500610351562,169.3000030517578,169.19000244140625,169.25999450683594,22460
2026-09-15 15:28:00+00:00,169.22999572753906,169.22999572753906,169.27999877929688,169.2100067138672,169.22500610351562,13365
2026-09-15 15:29:00+00:00,169.22000122070312,169.22000122070312,169.25050354003906,169.13999938964844,169.17999267578125,15812
2026-09-15 15:30:00+00:00,169.18499755859375,169.18499755859375,169.25,169.1300048828125,169.22000122070312,47151
2026-09-15 15:31:00+00:00,169.2949981689453,169.2949981689453,169.30999755859375,169.1074981689453,169.18849182128906,16462
2026-09-15 15:32:00+00:00,169.30999755859375,169.30999755859375,169.37989807128906,169.27000427246094,169.30999755859375,18956
2026-09-15 15:33:00+00:00,169.39500427246094,169.39500427246094,169.42999267578125,169.32640075683594,169.3300018310547,20111
2026-09-15 15:34:00+00:00,169.3300018310547,169.3300018310547,169.38999938964844,169.25,169.3800048828125,19502
2026-09-15 15:35:00+00:00,169.3249969482422,169.3249969482422,169.35000610351562,169.25999450683594,169.30999755859375,14896
2026-09-15 15:36:00+00:00,169.36000061035156,169.36000061035156,169.3699951171875,169.25999450683594,169.3350067138672,19653
2026-09-15 15:37:00+00:00,169.28500366210938,169.28500366210938,169.3699951171875,169.27000427246094,169.36000061035156,19565
2026-09-15 15:38:00+00:00,169.1699981689453,169.1699981689453,169.28500366210938,169.1300048828125,169.28500366210938,40630
2026-09-15 15:39:00+00:00,169.20010375976562,169.20010375976562,169.20010375976562,169.13999938964844,169.14999389648438,24412
2026-09-15 15:40:00+00:00,169.17999267578125,169.17999267578125,169.17999267578125,169.08999633789062,169.13999938964844,10469
2026-09-15 15:41:00+00:00,169.1199951171875,169.1199951171875,169.22000122070312,169.0,169.17999267578125,33629
2026-09-15 15:42:00+00:00,169.1300048828125,169.1300048828125,169.14999389648438,169.08999633789062,169.1199951171875,14243
2026-09-15 15:43:00+00:00,169.22500610351562,169.22500610351562,169.27000427246094,169.1300048828125,169.16000366210938,27965
2026-09-15 15:44:00+00:00,169.1999969482422,169.1999969482422,169.2100067138672,169.08099365234375,169.2100067138672,35137
2026-09-15 15:45:00+00:00,169.1501007080078,169.1501007080078,169.24000549316406,169.1501007080078,169.2050018310547,26448
2026-09-15 15:46:00+00:00,169.05999755859375,169.05999755859375,169.22000122070312,169.05999755859375,169.19000244140625,28913
2026-09-15 15:47:00+00:00,169.3249969482422,169.3249969482422,169.36500549316406,169.07000732421875,169.07000732421875,26995
2026-09-15 15:48:00+00:00,169.24000549316406,169.24000549316406,169.33999633789062,169.19000244140625,169.3000030517578,20626
2026-09-15 15:49:00+00:00,169.30499267578125,169.30499267578125,169.3300018310547,169.19650268554688,169.1999969482422,11736
2026-09-15 15:50:00+00:00,169.11000061035156,169.11000061035156,169.2550048828125,169.07000732421875,169.25,38448
2026-09-15 15:51:00+00:00,169.125,169.125,169.14999389648438,169.0800018310547,169.09500122070312,13866
2026-09-15 15:52:00+00:00,169.125,169.125,169.1699981689453,168.99000549316406,169.13999938964844,16441
2026-09-15 15:53:00+00:00,169.1750030517578,169.1750030517578,169.24000549316406,169.1300048828125,169.1300048828125,12630
2026-09-15 15:54:00+00:00,169.09500122070312,169.09500122070312,169.2100067138672,169.09500122070312,169.16000366210938,10646
2026-09-15 15:55:00+00:00,168.92999267578125,168.92999267578125,169.1699981689453,168.88999938964844,169.0850067138672,17880
2026-09-15 15:56:00+00:00,169.0500030517578,169.0500030517578,169.0500030517578,168.94000244140625,168.94000244140625,7898
2026-09-15 15:57:00+00:00,168.97999572753906,168.97999572753906,169.0399932861328,168.97999572753906,169.0399932861328,9682
2026-09-15 15:58:00+00:00,168.8699951171875,168.8699951171875,169.02000427246094,168.8699951171875,169.0,12209
2026-09-15 15:59:00+00:00,168.8000030517578,168.8000030517578,168.90499877929688,168.8000030517578,168.89500427246094,17253
2026-09-15 16:00:00+00:00,168.77000427246094,168.77000427246094,168.7899932861328,168.6999969482422,168.78500366210938,14558
2026-09-15 16:01:00+00:00,168.74000549316406,168.74000549316406,168.7823944091797,168.71499633789062,168.77999877929688,6354
2026-09-15 16:02:00+00:00,168.7100067138672,168.7100067138672,168.8000030517578,168.69500732421875,168.72999572753906,12743
2026-09-15 16:03:00+00:00,168.7050018310547,168.7050018310547,168.77999877929688,168.67999267578125,168.74989318847656,19490
2026-09-15 16:04:00+00:00,168.7050018310547,168.7050018310547,168.74000549316406,168.66000366210938,168.7198944091797,9069
2026-09-15 16:05:00+00:00,168.7550048828125,168.7550048828125,168.77999877929688,168.67999267578125,168.69000244140625,22545
2026-09-15 16:06:00+00:00,168.8300018310547,168.8300018310547,168.83999633789062,168.72999572753906,168.7550048828125,18861
2026-09-15 16:07:00+00:00,168.77499389648438,168.77499389648438,168.83999633789062,168.7550048828125,168.82000732421875,7868
2026-09-15 16:08:00+00:00,168.97999572753906,168.97999572753906,169.00999450683594,168.8000030517578,168.8000030517578,22797
2026-09-15 16:09:00+00:00,168.91000366210938,168.91000366210938,169.0,168.91000366210938,168.98609924316406,11665
2026-09-15 16:10:00+00:00,168.9550018310547,168.9550018310547,168.97000122070312,168.91000366210938,168.92999267578125,6914
2026-09-15 16:11:00+00:00,168.9199981689453,168.9199981689453,168.9600067138672,168.8699951171875,168.92999267578125,16258
2026-09-15 16:12:00+00:00,169.14999389648438,169.14999389648438,169.22999572753906,168.89999389648438,168.92999267578125,22568
2026-09-15 16:13:00+00:00,169.17999267578125,169.17999267578125,169.22439575195312,169.1300048828125,169.14500427246094,11245
2026-09-15 16:14:00+00:00,169.33999633789062,169.33999633789062,169.33999633789062,169.17999267578125,169.17999267578125,11234
2026-09-15 16:15:00+00:00,169.38999938964844,169.38999938964844,169.39999389648438,169.32000732421875,169.33999633789062,18023
2026-09-15 16:16:00+00:00,169.39500427246094,169.39500427246094,169.4199981689453,169.3000030517578,169.3892059326172,20968
2026-09-15 16:17:00+00:00,169.34500122070312,169.34500122070312,169.40499877929688,169.25999450683594,169.3800048828125,31417
2026-09-15 16:18:00+00:00,169.25999450683594,169.25999450683594,169.36000061035156,169.25999450683594,169.33999633789062,17620
2026-09-15 16:19:00+00:00,169.17999267578125,169.17999267578125,169.27499389648438,169.13580322265625,169.27499389648438,15716
2026-09-15 16:20:00+00:00,169.125,169.125,169.17999267578125,169.1199951171875,169.17999267578125,6911
2026-09-15 16:21:00+00:00,169.0500030517578,169.0500030517578,169.14999389648438,169.02000427246094,169.13999938964844,19360
2026-09-15 16:22:00+00:00,168.9199981689453,168.9199981689453,169.0500030517578,168.9199981689453,169.0500030517578,16034
2026-09-15 16:23:00+00:00,168.85000610351562,168.85000610351562,168.97999572753906,168.85000610351562,168.88999938964844,7703
2026-09-15 16:24:00+00:00,168.83999633789062,168.83999633789062,168.8699951171875,168.8101043701172,168.8699951171875,8581
2026-09-15 16:25:00+00:00,168.77999877929688,168.77999877929688,168.85989379882812,168.75,168.8260040283203,12607
2026-09-15 16:26:00+00:00,168.75,168.75,168.80999755859375,168.72000122070312,168.7899932861328,14630
2026-09-15 16:27:00+00:00,168.69000244140625,168.69000244140625,168.77000427246094,168.69000244140625,168.74020385742188,11257
2026-09-15 16:28:00+00:00,168.66000366210938,168.66000366210938,168.66000366210938,168.60000610351562,168.66000366210938,11160
2026-09-15 16:29:00+00:00,168.6750030517578,168.6750030517578,168.67999267578125,168.61500549316406,168.64999389648438,5310
2026-09-15 16:30:00+00:00,168.7550048828125,168.7550048828125,168.82000732421875,168.67999267578125,168.67999267578125,22674
2026-09-15 16:31:00+00:00,168.82000732421875,168.82000732421875,168.8699951171875,168.7449951171875,168.75,11820
2026-09-15 16:32:00+00:00,168.72000122070312,168.72000122070312,168.8300018310547,168.72000122070312,168.8300018310547,10819
2026-09-15 16:33:00+00:00,168.61000061035156,168.61000061035156,168.6999969482422,168.52999877929688,168.6999969482422,14805
2026-09-15 16:34:00+00:00,168.67999267578125,168.67999267578125,168.7050018310547,168.64370727539062,168.64999389648438,4328
2026-09-15 16:35:00+00:00,168.75999450683594,168.75999450683594,168.75999450683594,168.6501007080078,168.6699981689453,7713
2026-09-15 16:36:00+00:00,168.8300018310547,168.8300018310547,168.875,168.75999450683594,168.75999450683594,24658
2026-09-15 16:37:00+00:00,168.86000061035156,168.86000061035156,168.8800048828125,168.80999755859375,168.82000732421875,22174
2026-09-15 16:38:00+00:00,168.85000610351562,168.85000610351562,168.88999938964844,168.81500244140625,168.86000061035156,11519
2026-09-15 16:39:00+00:00,168.86000061035156,168.86000061035156,168.8800048828125,168.82000732421875,168.84169006347656,14854
2026-09-15 16:40:00+00:00,168.88999938964844,168.88999938964844,168.9199981689453,168.8699951171875,168.8699951171875,24889
2026-09-15 16:41:00+00:00,169.08999633789062,169.08999633789062,169.08999633789062,168.860107421875,168.89999389648438,35202
2026-09-15 16:42:00+00:00,169.05499267578125,169.05499267578125,169.10000610351562,169.01280212402344,169.0800018310547,16634
2026-09-15 16:43:00+00:00,168.97999572753906,168.97999572753906,169.09500122070312,168.9499969482422,169.05499267578125,35845
2026-09-15 16:44:00+00:00,168.88999938964844,168.88999938964844,169.0050048828125,168.88999938964844,169.0,10444
2026-09-15 16:45:00+00:00,168.9600067138672,168.9600067138672,168.99000549316406,168.91000366210938,168.91000366210938,20983
2026-09-15 16:46:00+00:00,168.85000610351562,168.85000610351562,168.9600067138672,168.8000030517578,168.9499969482422,23245
2026-09-15 16:47:00+00:00,168.82000732421875,168.82000732421875,168.8699951171875,168.82000732421875,168.8699951171875,4341
2026-09-15 16:48:00+00:00,168.74000549316406,168.74000549316406,168.80999755859375,168.74000549316406,168.80499267578125,5697
2026-09-15 16:49:00+00:00,168.72509765625,168.72509765625,168.75,168.69500732421875,168.75,11082
2026-09-15 16:50:00+00:00,168.69500732421875,168.69500732421875,168.71499633789062,168.64999389648438,168.7100067138672,12301
2026-09-15 16:51:00+00:00,168.6649932861328,168.6649932861328,168.75999450683594,168.6649932861328,168.6999969482422,11460
2026-09-15 16:52:00+00:00,168.7100067138672,168.7100067138672,168.75,168.66000366210938,168.66000366210938,7098
2026-09-15 16:53:00+00:00,168.77000427246094,168.77000427246094,168.77000427246094,168.72000122070312,168.72999572753906,5685
2026-09-15 16:54:00+00:00,168.77999877929688,168.77999877929688,168.80999755859375,168.7200927734375,168.75,11693
2026-09-15 16:55:00+00:00,168.77999877929688,168.77999877929688,168.77999877929688,168.71009826660156,168.72000122070312,15331
2026-09-15 16:56:00+00:00,168.83999633789062,168.83999633789062,168.86000061035156,168.72000122070312,168.7449951171875,15307
2026-09-15 16:57:00+00:00,168.91000366210938,168.91000366210938,168.91000366210938,168.83999633789062,168.83999633789062,74904
2026-09-15 16:58:00+00:00,168.97000122070312,168.97000122070312,168.97000122070312,168.85000610351562,168.91000366210938,55230
2026-09-15 16:59:00+00:00,168.83999633789062,168.83999633789062,168.97000122070312,168.83999633789062,168.9600067138672,15392
2026-09-15 17:00:00+00:00,168.85499572753906,168.85499572753906,168.8699951171875,168.77999877929688,168.8300018310547,9247
2026-09-15 17:01:00+00:00,168.72000122070312,168.72000122070312,168.85499572753906,168.72000122070312,168.85499572753906,10921
2026-09-15 17:02:00+00:00,168.7949981689453,168.7949981689453,168.8000030517578,168.67999267578125,168.72000122070312,21387
2026-09-15 17:03:00+00:00,168.82000732421875,168.82000732421875,168.82000732421875,168.77999877929688,168.80999755859375,6056
2026-09-15 17:04:00+00:00,168.89500427246094,168.89500427246094,168.91000366210938,168.82009887695312,168.8249969482422,44460
2026-09-15 17:05:00+00:00,169.05999755859375,169.05999755859375,169.11000061035156,168.8874969482422,168.8874969482422,31941
2026-09-15 17:06:00+00:00,169.13499450683594,169.13499450683594,169.15499877929688,169.02499389648438,169.09500122070312,58667
2026-09-15 17:07:00+00:00,169.16000366210938,169.16000366210938,169.19000244140625,169.13999938964844,169.14999389648438,18079
2026-09-15 17:08:00+00:00,169.0800018310547,169.0800018310547,169.1649932861328,169.07000732421875,169.1649932861328,19389
2026-09-15 17:09:00+00:00,169.13999938964844,169.13999938964844,169.14999389648438,169.05999755859375,169.07000732421875,13292
2026-09-15 17:10:00+00:00,169.09500122070312,169.09500122070312,169.17999267578125,169.08999633789062,169.14999389648438,19543
2026-09-15 17:11:00+00:00,169.16009521484375,169.16009521484375,169.18499755859375,169.08999633789062,169.11000061035156,22430
2026-09-15 17:12:00+00:00,169.1699981689453,169.1699981689453,169.25999450683594,169.11500549316406,169.1750030517578,64249
2026-09-15 17:13:00+00:00,169.22999572753906,169.22999572753906,169.24000549316406,169.14999389648438,169.15499877929688,16117
2026-09-15 17:14:00+00:00,169.20010375976562,169.20010375976562,169.2449951171875,169.19000244140625,169.22999572753906,16491
2026-09-15 17:15:00+00:00,169.18499755859375,169.18499755859375,169.23500061035156,169.02999877929688,169.2200927734375,41984
2026-09-15 17:16:00+00:00,169.1750030517578,169.1750030517578,169.1999969482422,169.11000061035156,169.1999969482422,17202
2026-09-15 17:17:00+00:00,169.21499633789062,169.21499633789062,169.21499633789062,169.15499877929688,169.15499877929688,3760
2026-09-15 17:18:00+00:00,169.1699981689453,169.1699981689453,169.22000122070312,169.1446075439453,169.22000122070312,6745
2026-09-15 17:19:00+00:00,169.16000366210938,169.16000366210938,169.18499755859375,169.10000610351562,169.16000366210938,7070
2026-09-15 17:20:00+00:00,169.1649932861328,169.1649932861328,169.1699981689453,169.11500549316406,169.1300048828125,19047
2026-09-15 17:21:00+00:00,169.29010009765625,169.29010009765625,169.33999633789062,169.1374969482422,169.15499877929688,73770
2026-09-15 17:22:00+00:00,169.27999877929688,169.27999877929688,169.35000610351562,169.27000427246094,169.33999633789062,21494
2026-09-15 17:23:00+00:00,169.38999938964844,169.38999938964844,169.38999938964844,169.26010131835938,169.2700958251953,19684
2026-09-15 17:24:00+00:00,169.4199981689453,169.4199981689453,169.42999267578125,169.35000610351562,169.38999938964844,16467
2026-09-15 17:25:00+00:00,169.42999267578125,169.42999267578125,169.4499969482422,169.40499877929688,169.42999267578125,10878
2026-09-15 17:26:00+00:00,169.48500061035156,169.48500061035156,169.50999450683594,169.41000366210938,169.42999267578125,30751
2026-09-15 17:27:00+00:00,169.4149932861328,169.4149932861328,169.5,169.40919494628906,169.49000549316406,22807
2026-09-15 17:28:00+00:00,169.38999938964844,169.38999938964844,169.42999267578125,169.360107421875,169.4149932861328,9045
2026-09-15 17:29:00+00:00,169.41000366210938,169.41000366210938,169.47999572753906,169.36000061035156,169.39999389648438,39162
2026-09-15 17:30:00+00:00,169.4949951171875,169.4949951171875,169.5,169.40609741210938,169.4199981689453,20530
2026-09-15 17:31:00+00:00,169.19500732421875,169.19500732421875,169.47000122070312,169.17999267578125,169.45440673828125,64597
2026-09-15 17:32:00+00:00,169.19500732421875,169.19500732421875,169.35000610351562,169.18499755859375,169.19500732421875,59818
2026-09-15 17:33:00+00:00,169.2801055908203,169.2801055908203,169.35000610351562,169.19500732421875,169.19500732421875,28848
2026-09-15 17:34:00+00:00,169.2949981689453,169.2949981689453,169.35000610351562,169.19000244140625,169.31500244140625,47513
2026-09-15 17:35:00+00:00,169.27999877929688,169.27999877929688,169.3300018310547,169.25999450683594,169.28500366210938,11561
2026-09-15 17:36:00+00:00,169.25,169.25,169.3000030517578,169.17010498046875,169.3000030517578,21293
2026-09-15 17:37:00+00:00,169.22999572753906,169.22999572753906,169.2449951171875,169.22999572753906,169.2449951171875,2868
2026-09-15 17:38:00+00:00,169.2550048828125,169.2550048828125,169.27999877929688,169.1999969482422,169.22000122070312,9856
2026-09-15 17:39:00+00:00,169.32000732421875,169.32000732421875,169.3300018310547,169.24000549316406,169.25999450683594,10244
2026-09-15 17:40:00+00:00,169.3000030517578,169.3000030517578,169.3000030517578,169.25,169.3000030517578,11144
2026-09-15 17:41:00+00:00,169.30999755859375,169.30999755859375,169.35000610351562,169.2899932861328,169.30999755859375,10413
2026-09-15 17:42:00+00:00,169.27999877929688,169.27999877929688,169.29510498046875,169.24000549316406,169.2949981689453,5612
2026-09-15 17:43:00+00:00,169.2449951171875,169.2449951171875,169.2899932861328,169.2449951171875,169.27499389648438,4380
2026-09-15 17:44:00+00:00,169.24000549316406,169.24000549316406,169.2899932861328,169.2100067138672,169.26499938964844,6901
2026-09-15 17:45:00+00:00,169.20799255371094,169.20799255371094,169.24000549316406,169.17999267578125,169.23060607910156,9959
2026-09-15 17:46:00+00:00,169.27999877929688,169.27999877929688,169.27999877929688,169.1699981689453,169.2100067138672,11011
2026-09-15 17:47:00+00:00,169.22500610351562,169.22500610351562,169.27000427246094,169.22500610351562,169.27000427246094,7528
2026-09-15 17:48:00+00:00,169.2050018310547,169.2050018310547,169.25509643554688,169.2050018310547,169.22500610351562,11306
2026-09-15 17:49:00+00:00,169.25999450683594,169.25999450683594,169.27000427246094,169.2100067138672,169.2100067138672,12492
2026-09-15 17:50:00+00:00,169.28500366210938,169.28500366210938,169.3314971923828,169.25999450683594,169.27000427246094,11840
2026-09-15 17:51:00+00:00,169.32000732421875,169.32000732421875,169.32000732421875,169.3000030517578,169.3000030517578,4419
2026-09-15 17:52:00+00:00,169.3000030517578,169.3000030517578,169.32000732421875,169.2528076171875,169.2949981689453,17367
2026-09-15 17:53:00+00:00,169.3699951171875,169.3699951171875,169.38499450683594,169.27999877929688,169.2899932861328,11766
2026-09-15 17:54:00+00:00,169.3249969482422,169.3249969482422,169.36000061035156,169.30999755859375,169.35000610351562,9369
2026-09-15 17:55:00+00:00,169.52999877929688,169.52999877929688,169.52999877929688,169.28750610351562,169.3300018310547,37768
2026-09-15 17:56:00+00:00,169.5399932861328,169.5399932861328,169.5500030517578,169.51499938964844,169.51499938964844,16666
2026-09-15 17:57:00+00:00,169.57000732421875,169.57000732421875,169.5800018310547,169.52999877929688,169.55499267578125,13450
2026-09-15 17:58:00+00:00,169.50999450683594,169.50999450683594,169.56500244140625,169.48500061035156,169.56500244140625,28540
2026-09-15 17:59:00+00:00,169.5399932861328,169.5399932861328,169.5800018310547,169.50999450683594,169.50999450683594,24482
2026-09-15 18:00:00+00:00,169.52000427246094,169.52000427246094,169.5500030517578,169.4949951171875,169.52000427246094,38100
2026-09-15 18:01:00+00:00,169.55999755859375,169.55999755859375,169.63999938964844,169.53250122070312,169.5500030517578,17587
2026-09-15 18:02:00+00:00,169.4199981689453,169.4199981689453,169.5800018310547,169.39999389648438,169.5800018310547,29204
2026-09-15 18:03:00+00:00,169.3699951171875,169.3699951171875,169.4499969482422,169.3699951171875,169.44000244140625,11021
2026-09-15 18:04:00+00:00,169.27999877929688,169.27999877929688,169.3800048828125,169.27999877929688,169.3800048828125,10889
2026-09-15 18:05:00+00:00,169.33999633789062,169.33999633789062,169.33999633789062,169.24009704589844,169.25999450683594,6131
2026-09-15 18:06:00+00:00,169.27999877929688,169.27999877929688,169.34500122070312,169.27000427246094,169.34500122070312,13052
2026-09-15 18:07:00+00:00,169.29299926757812,169.29299926757812,169.32000732421875,169.27000427246094,169.27999877929688,7413
2026-09-15 18:08:00+00:00,169.2899932861328,169.2899932861328,169.3000030517578,169.25,169.27999877929688,7528
2026-09-15 18:09:00+00:00,169.27999877929688,169.27999877929688,169.3000030517578,169.27000427246094,169.27000427246094,4936
2026-09-15 18:10:00+00:00,169.11000061035156,169.11000061035156,169.2899932861328,169.10000610351562,169.2899932861328,16252
2026-09-15 18:11:00+00:00,169.14500427246094,169.14500427246094,169.15499877929688,169.13499450683594,169.13999938964844,5971
2026-09-15 18:12:00+00:00,169.10000610351562,169.10000610351562,169.14999389648438,169.10000610351562,169.14999389648438,6693
2026-09-15 18:13:00+00:00,169.17999267578125,169.17999267578125,169.17999267578125,169.08999633789062,169.10000610351562,8890
2026-09-15 18:14:00+00:00,169.19000244140625,169.19000244140625,169.1999969482422,169.110107421875,169.110107421875,5638
2026-09-15 18:15:00+00:00,169.3000030517578,169.3000030517578,169.3300018310547,169.18499755859375,169.18499755859375,17143
2026-09-15 18:16:00+00:00,169.2899932861328,169.2899932861328,169.3300018310547,169.22999572753906,169.3000030517578,36522
2026-09-15 18:17:00+00:00,169.3000030517578,169.3000030517578,169.30999755859375,169.22999572753906,169.27499389648438,17158
2026-09-15 18:18:00+00:00,169.3000030517578,169.3000030517578,169.3000030517578,169.25999450683594,169.27499389648438,4966
2026-09-15 18:19:00+00:00,169.1999969482422,169.1999969482422,169.30999755859375,169.1999969482422,169.30999755859375,11951
2026-09-15 18:20:00+00:00,169.14500427246094,169.14500427246094,169.22000122070312,169.14500427246094,169.1999969482422,6910
2026-09-15 18:21:00+00:00,169.05999755859375,169.05999755859375,169.1300048828125,169.05999755859375,169.1199951171875,12874
2026-09-15 18:22:00+00:00,169.06500244140625,169.06500244140625,169.139892578125,169.0500946044922,169.0800018310547,6624
2026-09-15 18:23:00+00:00,169.05999755859375,169.05999755859375,169.09500122070312,169.0500030517578,169.09500122070312,19728
2026-09-15 18:24:00+00:00,169.0,169.0,169.02999877929688,168.99000549316406,169.02000427246094,5910
2026-09-15 18:25:00+00:00,168.8800048828125,168.8800048828125,169.0500030517578,168.86000061035156,169.0050048828125,13756
2026-09-15 18:26:00+00:00,168.8300018310547,168.8300018310547,168.86500549316406,168.78500366210938,168.86500549316406,13746
2026-09-15 18:27:00+00:00,168.8800048828125,168.8800048828125,168.8800048828125,168.77999877929688,168.8000030517578,6233
2026-09-15 18:28:00+00:00,168.86000061035156,168.86000061035156,168.8800048828125,168.83999633789062,168.8800048828125,5747
2026-09-15 18:29:00+00:00,168.8699951171875,168.8699951171875,168.8800048828125,168.8300018310547,168.8350067138672,7313
2026-09-15 18:30:00+00:00,168.72000122070312,168.72000122070312,168.85499572753906,168.72000122070312,168.85499572753906,25561
2026-09-15 18:31:00+00:00,168.69000244140625,168.69000244140625,168.69000244140625,168.6300048828125,168.68499755859375,16594
2026-09-15 18:32:00+00:00,168.74000549316406,168.74000549316406,168.74000549316406,168.6300048828125,168.69000244140625,18356
2026-09-15 18:33:00+00:00,168.76499938964844,168.76499938964844,168.8000030517578,168.72000122070312,168.75999450683594,11064
2026-09-15 18:34:00+00:00,168.7949981689453,168.7949981689453,168.8323974609375,168.75999450683594,168.75999450683594,10664
2026-09-15 18:35:00+00:00,168.9149932861328,168.9149932861328,168.9149932861328,168.78500366210938,168.80999755859375,11606
2026-09-15 18:36:00+00:00,168.91000366210938,168.91000366210938,168.9199981689453,168.8800048828125,168.89999389648438,17243
2026-09-15 18:37:00+00:00,168.9987030029297,168.9987030029297,169.02999877929688,168.90049743652344,168.91000366210938,31923
2026-09-15 18:38:00+00:00,169.17999267578125,169.17999267578125,169.17999267578125,168.97999572753906,169.0,26872
2026-09-15 18:39:00+00:00,169.1199951171875,169.1199951171875,169.1999969482422,169.10000610351562,169.19000244140625,37957
2026-09-15 18:40:00+00:00,169.09339904785156,169.09339904785156,169.19000244140625,169.0800018310547,169.1300048828125,20572
2026-09-15 18:41:00+00:00,168.9600067138672,168.9600067138672,169.13999938964844,168.9600067138672,169.07000732421875,29294
2026-09-15 18:42:00+00:00,169.13999938964844,169.13999938964844,169.13999938964844,168.9600067138672,168.9600067138672,9157
2026-09-15 18:43:00+00:00,169.18499755859375,169.18499755859375,169.2100067138672,169.1300048828125,169.1300048828125,18923
2026-09-15 18:44:00+00:00,169.13999938964844,169.13999938964844,169.1699981689453,169.11000061035156,169.1699981689453,13371
2026-09-15 18:45:00+00:00,169.13999938964844,169.13999938964844,169.14999389648438,169.11000061035156,169.11050415039062,7257
2026-09-15 18:46:00+00:00,169.09500122070312,169.09500122070312,169.14990234375,169.0800018310547,169.1300048828125,6146
2026-09-15 18:47:00+00:00,169.11500549316406,169.11500549316406,169.1199951171875,169.0749969482422,169.0800018310547,7512
2026-09-15 18:48:00+00:00,169.22999572753906,169.22999572753906,169.22999572753906,169.1300048828125,169.1300048828125,11402
2026-09-15 18:49:00+00:00,169.1999969482422,169.1999969482422,169.25,169.1999969482422,169.23500061035156,20657
2026-09-15 18:50:00+00:00,169.19500732421875,169.19500732421875,169.2100067138672,169.15499877929688,169.1999969482422,18110
2026-09-15 18:51:00+00:00,169.16000366210938,169.16000366210938,169.20010375976562,169.16000366210938,169.1999969482422,11024
2026-09-15 18:52:00+00:00,169.08380126953125,169.08380126953125,169.14999389648438,169.07000732421875,169.14500427246094,11902
2026-09-15 18:53:00+00:00,168.92010498046875,168.92010498046875,169.10279846191406,168.92010498046875,169.0800018310547,22668
2026-09-15 18:54:00+00:00,168.83999633789062,168.83999633789062,168.97000122070312,168.80999755859375,168.9600067138672,63164
2026-09-15 18:55:00+00:00,168.75999450683594,168.75999450683594,168.8300018310547,168.69000244140625,168.8300018310547,13771
2026-09-15 18:56:00+00:00,168.7050018310547,168.7050018310547,168.75999450683594,168.69000244140625,168.7449951171875,21533
2026-09-15 18:57:00+00:00,168.72000122070312,168.72000122070312,168.74000549316406,168.6699981689453,168.7100067138672,14696
2026-09-15 18:58:00+00:00,168.6300048828125,168.6300048828125,168.72000122070312,168.61000061035156,168.71499633789062,25669
2026-09-15 18:59:00+00:00,168.6699981689453,168.6699981689453,168.67550659179688,168.5850067138672,168.63499450683594,25339
2026-09-15 19:00:00+00:00,168.6999969482422,168.6999969482422,168.7100067138672,168.5749969482422,168.64999389648438,26581
2026-09-15 19:01:00+00:00,168.7899932861328,168.7899932861328,168.82000732421875,168.7100067138672,168.7100067138672,14438
2026-09-15 19:02:00+00:00,168.6300048828125,168.6300048828125,168.77999877929688,168.625,168.77999877929688,19186
2026-09-15 19:03:00+00:00,168.7550048828125,168.7550048828125,168.77000427246094,168.63999938964844,168.63999938964844,14552
2026-09-15 19:04:00+00:00,168.7449951171875,168.7449951171875,168.81500244140625,168.7449951171875,168.7550048828125,13120
2026-09-15 19:05:00+00:00,168.6999969482422,168.6999969482422,168.75,168.67999267578125,168.74000549316406,25577
2026-09-15 19:06:00+00:00,168.5850067138672,168.5850067138672,168.68499755859375,168.5500030517578,168.68499755859375,20282
2026-09-15 19:07:00+00:00,168.55499267578125,168.55499267578125,168.58999633789062,168.4709930419922,168.55999755859375,51178
2026-09-15 19:08:00+00:00,168.5399932861328,168.5399932861328,168.60499572753906,168.5399932861328,168.55499267578125,12520
2026-09-15 19:09:00+00:00,168.5500030517578,168.5500030517578,168.60000610351562,168.5500030517578,168.5500030517578,12831
2026-09-15 19:10:00+00:00,168.52499389648438,168.52499389648438,168.58999633789062,168.5,168.52999877929688,52934
2026-09-15 19:11:00+00:00,168.67999267578125,168.67999267578125,168.67999267578125,168.52000427246094,168.52000427246094,16809
2026-09-15 19:12:00+00:00,168.63999938964844,168.63999938964844,168.67999267578125,168.62100219726562,168.65499877929688,14805
2026-09-15 19:13:00+00:00,168.64999389648438,168.64999389648438,168.6699981689453,168.6199951171875,168.625,13344
2026-09-15 19:14:00+00:00,168.66000366210938,168.66000366210938,168.66380310058594,168.63499450683594,168.65499877929688,12081
2026-09-15 19:15:00+00:00,168.6699981689453,168.6699981689453,168.6699981689453,168.63999938964844,168.64999389648438,13548
2026-09-15 19:16:00+00:00,168.6199951171875,168.6199951171875,168.69000244140625,168.6199951171875,168.6699981689453,17747
2026-09-15 19:17:00+00:00,168.6300048828125,168.6300048828125,168.6699981689453,168.61000061035156,168.63499450683594,11360
2026-09-15 19:18:00+00:00,168.61000061035156,168.61000061035156,168.65499877929688,168.61000061035156,168.63999938964844,6459
2026-09-15 19:19:00+00:00,168.5399932861328,168.5399932861328,168.6555938720703,168.5399932861328,168.6199951171875,32515
2026-09-15 19:20:00+00:00,168.58999633789062,168.58999633789062,168.60000610351562,168.55999755859375,168.57000732421875,10338
2026-09-15 19:21:00+00:00,168.5399932861328,168.5399932861328,168.64990234375,168.52000427246094,168.5800018310547,16292
2026-09-15 19:22:00+00:00,168.67999267578125,168.67999267578125,168.68499755859375,168.5449981689453,168.5449981689453,19537
2026-09-15 19:23:00+00:00,168.66000366210938,168.66000366210938,168.69000244140625,168.63999938964844,168.68499755859375,10238
2026-09-15 19:24:00+00:00,168.72000122070312,168.72000122070312,168.72169494628906,168.66000366210938,168.66000366210938,11469
2026-09-15 19:25:00+00:00,168.74420166015625,168.74420166015625,168.7899932861328,168.72999572753906,168.72999572753906,10063
2026-09-15 19:26:00+00:00,168.75999450683594,168.75999450683594,168.77999877929688,168.7100067138672,168.7449951171875,19192
2026-09-15 19:27:00+00:00,168.72000122070312,168.72000122070312,168.77000427246094,168.6999969482422,168.75999450683594,18931
2026-09-15 19:28:00+00:00,168.74000549316406,168.74000549316406,168.78990173339844,168.74000549316406,168.74000549316406,10827
2026-09-15 19:29:00+00:00,168.72000122070312,168.72000122070312,168.75999450683594,168.72000122070312,168.75999450683594,16152
2026-09-15 19:30:00+00:00,168.74000549316406,168.74000549316406,168.7899932861328,168.6999969482422,168.72500610351562,15829
2026-09-15 19:31:00+00:00,168.74000549316406,168.74000549316406,168.82000732421875,168.72999572753906,168.7449951171875,23118
2026-09-15 19:32:00+00:00,168.69000244140625,168.69000244140625,168.7449951171875,168.6699981689453,168.7449951171875,19949
2026-09-15 19:33:00+00:00,168.7100067138672,168.7100067138672,168.72000122070312,168.6699981689453,168.69500732421875,12722
2026-09-15 19:34:00+00:00,168.67999267578125,168.67999267578125,168.72000122070312,168.66000366210938,168.7100067138672,12416
2026-09-15 19:35:00+00:00,168.69000244140625,168.69000244140625,168.77000427246094,168.68499755859375,168.68499755859375,12307
2026-09-15 19:36:00+00:00,168.77999877929688,168.77999877929688,168.77999877929688,168.66000366210938,168.7100067138672,18106
2026-09-15 19:37:00+00:00,168.8350067138672,168.8350067138672,168.8686981201172,168.8000030517578,168.8000030517578,15990
2026-09-15 19:38:00+00:00,168.85000610351562,168.85000610351562,168.88999938964844,168.8300018310547,168.8699951171875,12950
2026-09-15 19:39:00+00:00,168.9149932861328,168.9149932861328,168.9149932861328,168.83999633789062,168.86000061035156,15869
2026-09-15 19:40:00+00:00,168.77999877929688,168.77999877929688,168.91000366210938,168.77999877929688,168.91000366210938,16626
2026-09-15 19:41:00+00:00,168.80999755859375,168.80999755859375,168.8699951171875,168.75999450683594,168.77000427246094,21020
2026-09-15 19:42:00+00:00,168.83999633789062,168.83999633789062,168.85499572753906,168.8000030517578,168.8000030517578,20816
2026-09-15 19:43:00+00:00,168.80999755859375,168.80999755859375,168.88999938964844,168.80999755859375,168.83999633789062,26131
2026-09-15 19:44:00+00:00,168.8199005126953,168.8199005126953,168.86000061035156,168.8000030517578,168.80999755859375,16316
2026-09-15 19:45:00+00:00,168.85000610351562,168.85000610351562,168.85499572753906,168.77999877929688,168.8000030517578,35935
2026-09-15 19:46:00+00:00,168.94500732421875,168.94500732421875,168.94500732421875,168.8300018310547,168.83999633789062,39036
2026-09-15 19:47:00+00:00,168.94000244140625,168.94000244140625,168.9600067138672,168.89999389648438,168.9499969482422,26914
2026-09-15 19:48:00+00:00,169.0800018310547,169.0800018310547,169.0800018310547,168.94000244140625,168.94000244140625,51588
2026-09-15 19:49:00+00:00,169.10499572753906,169.10499572753906,169.1199951171875,169.0399932861328,169.08270263671875,35630
2026-09-15 19:50:00+00:00,169.09500122070312,169.09500122070312,169.14999389648438,168.9550018310547,169.1199951171875,71386
2026-09-15 19:51:00+00:00,169.0500030517578,169.0500030517578,169.10000610351562,168.97999572753906,169.0800018310547,70236
2026-09-15 19:52:00+00:00,168.8800048828125,168.8800048828125,169.07000732421875,168.82000732421875,169.0399932861328,47713
2026-09-15 19:53:00+00:00,168.8300018310547,168.8300018310547,168.91000366210938,168.7899932861328,168.89500427246094,522381
2026-09-15 19:54:00+00:00,168.8699951171875,168.8699951171875,168.8699951171875,168.7449951171875,168.8000030517578,48142
2026-09-15 19:55:00+00:00,169.00999450683594,169.00999450683594,169.02999877929688,168.8300018310547,168.8699951171875,63765
2026-09-15 19:56:00+00:00,169.125,169.125,169.13499450683594,169.00999450683594,169.00999450683594,74782
2026-09-15 19:57:00+00:00,169.1300048828125,169.1300048828125,169.14999389648438,169.0399932861328,169.1300048828125,81368
2026-09-15 19:58:00+00:00,169.25,169.25,169.36000061035156,169.07000732421875,169.125,203948
2026-09-15 19:59:00+00:00,169.2899932861328,169.2899932861328,169.30999755859375,169.16000366210938,169.25,273850
2026-09-16 13:30:00+00:00,166.85000610351562,166.85000610351562,166.85000610351562,166.85000610351562,166.85000610351562,370843
2026-09-16 13:31:00+00:00,166.82000732421875,166.82000732421875,167.2899932861328,166.75,166.88999938964844,57303
2026-09-16 13:32:00+00:00,166.56500244140625,166.56500244140625,166.92999267578125,166.4199981689453,166.83999633789062,77407
2026-09-16 13:33:00+00:00,166.60000610351562,166.60000610351562,166.72999572753906,166.42999267578125,166.56500244140625,39027
2026-09-16 13:34:00+00:00,166.51499938964844,166.51499938964844,166.75,166.49000549316406,166.61000061035156,51602
2026-09-16 13:35:00+00:00,166.55999755859375,166.55999755859375,166.6999969482422,166.3300018310547,166.47999572753906,84921
2026-09-16 13:36:00+00:00,166.27000427246094,166.27000427246094,166.67999267578125,166.24000549316406,166.63499450683594,64301
2026-09-16 13:37:00+00:00,166.0800018310547,166.0800018310547,166.63499450683594,166.02999877929688,166.25999450683594,75516
2026-09-16 13:38:00+00:00,165.83999633789062,165.83999633789062,166.0850067138672,165.74000549316406,166.0850067138672,56835
2026-09-16 13:39:00+00:00,165.85000610351562,165.85000610351562,165.85000610351562,165.57000732421875,165.82000732421875,60737
2026-09-16 13:40:00+00:00,165.86000061035156,165.86000061035156,166.24000549316406,165.7353057861328,165.8350067138672,63734
2026-09-16 13:41:00+00:00,165.75999450683594,165.75999450683594,166.0998992919922,165.75999450683594,165.9199981689453,94328
2026-09-16 13:42:00+00:00,165.7100067138672,165.7100067138672,165.8000030517578,165.61500549316406,165.72999572753906,49388
2026-09-16 13:43:00+00:00,165.61500549316406,165.61500549316406,165.75,165.57000732421875,165.7100067138672,36758
2026-09-16 13:44:00+00:00,165.7899932861328,165.7899932861328,165.8383026123047,165.5,165.64999389648438,37103
2026-09-16 13:45:00+00:00,165.83999633789062,165.83999633789062,166.0800018310547,165.77000427246094,165.7899932861328,71715
2026-09-16 13:46:00+00:00,165.72000122070312,165.72000122070312,165.8699951171875,165.6699981689453,165.86000061035156,32366
2026-09-16 13:47:00+00:00,165.94000244140625,165.94000244140625,165.97000122070312,165.7550048828125,165.77999877929688,10515
2026-09-16 13:48:00+00:00,166.02000427246094,166.02000427246094,166.05999755859375,165.8300018310547,165.92999267578125,16568
2026-09-16 13:49:00+00:00,166.17999267578125,166.17999267578125,166.24989318847656,166.0800018310547,166.10000610351562,14930
2026-09-16 13:50:00+00:00,166.08999633789062,166.08999633789062,166.25,166.07000732421875,166.17999267578125,23180
2026-09-16 13:51:00+00:00,166.05999755859375,166.05999755859375,166.23989868164062,166.03599548339844,166.13999938964844,16099
2026-09-16 13:52:00+00:00,166.05499267578125,166.05499267578125,166.17999267578125,166.05499267578125,166.08009338378906,14575
2026-09-16 13:53:00+00:00,165.8800048828125,165.8800048828125,166.11000061035156,165.8699951171875,166.05999755859375,41964
2026-09-16 13:54:00+00:00,165.9178924560547,165.9178924560547,165.9199981689453,165.75,165.85000610351562,18707
2026-09-16 13:55:00+00:00,165.89999389648438,165.89999389648438,165.9499053955078,165.7899932861328,165.94000244140625,22392
2026-09-16 13:56:00+00:00,165.86000061035156,165.86000061035156,165.9499969482422,165.77999877929688,165.90499877929688,10062
2026-09-16 13:57:00+00:00,165.94000244140625,165.94000244140625,165.9600067138672,165.75999450683594,165.875,37758
2026-09-16 13:58:00+00:00,165.8350067138672,165.8350067138672,165.9149932861328,165.8000030517578,165.91009521484375,47974
2026-09-16 13:59:00+00:00,166.00999450683594,166.00999450683594,166.02999877929688,165.8350067138672,165.8350067138672,82623
2026-09-16 14:00:00+00:00,165.80499267578125,165.80499267578125,166.00999450683594,165.77999877929688,166.00999450683594,52230
2026-09-16 14:01:00+00:00,165.92999267578125,165.92999267578125,165.97999572753906,165.82000732421875,165.83999633789062,32046
2026-09-16 14:02:00+00:00,166.19000244140625,166.19000244140625,166.19000244140625,165.91000366210938,165.94000244140625,30131
2026-09-16 14:03:00+00:00,165.94000244140625,165.94000244140625,166.1699981689453,165.92050170898438,166.1699981689453,20983
2026-09-16 14:04:00+00:00,165.7899932861328,165.7899932861328,165.92999267578125,165.74000549316406,165.92999267578125,41760
2026-09-16 14:05:00+00:00,165.86990356445312,165.86990356445312,165.9149932861328,165.75999450683594,165.8000030517578,15687
2026-09-16 14:06:00+00:00,165.76499938964844,165.76499938964844,166.02000427246094,165.75999450683594,165.875,47613
2026-09-16 14:07:00+00:00,165.6999969482422,165.6999969482422,165.7949981689453,165.5399932861328,165.76499938964844,51206
2026-09-16 14:08:00+00:00,165.68499755859375,165.68499755859375,165.75,165.64999389648438,165.7449951171875,19412
2026-09-16 14:09:00+00:00,165.9149932861328,165.9149932861328,165.92999267578125,165.66000366210938,165.66000366210938,14393
2026-09-16 14:10:00+00:00,166.05499267578125,166.05499267578125,166.05499267578125,165.86500549316406,165.89500427246094,13091
2026-09-16 14:11:00+00:00,166.08999633789062,166.08999633789062,166.1699981689453,166.02999877929688,166.05499267578125,23215
2026-09-16 14:12:00+00:00,166.07000732421875,166.07000732421875,166.13999938964844,166.05999755859375,166.08999633789062,13100
2026-09-16 14:13:00+00:00,165.94000244140625,165.94000244140625,166.07000732421875,165.8699951171875,166.05999755859375,18678
2026-09-16 14:14:00+00:00,165.91000366210938,165.91000366210938,166.0,165.89999389648438,165.94000244140625,13767
2026-09-16 14:15:00+00:00,165.72999572753906,165.72999572753906,165.97999572753906,165.72500610351562,165.89500427246094,35061
2026-09-16 14:16:00+00:00,165.46499633789062,165.46499633789062,165.78500366210938,165.4199981689453,165.72999572753906,120921
2026-09-16 14:17:00+00:00,165.38999938964844,165.38999938964844,165.5,165.33999633789062,165.4600067138672,35271
2026-09-16 14:18:00+00:00,165.35000610351562,165.35000610351562,165.43460083007812,165.32000732421875,165.41000366210938,14402
2026-09-16 14:19:00+00:00,165.32000732421875,165.32000732421875,165.4178009033203,165.30999755859375,165.33999633789062,13888
2026-09-16 14:20:00+00:00,165.24000549316406,165.24000549316406,165.38999938964844,165.13999938964844,165.35000610351562,37713
2026-09-16 14:21:00+00:00,165.24000549316406,165.24000549316406,165.3300018310547,165.22999572753906,165.27000427246094,10684
2026-09-16 14:22:00+00:00,165.1999969482422,165.1999969482422,165.27000427246094,165.14999389648438,165.22999572753906,28426
2026-09-16 14:23:00+00:00,165.14999389648438,165.14999389648438,165.3199005126953,165.14999389648438,165.19000244140625,20113
2026-09-16 14:24:00+00:00,165.0800018310547,165.0800018310547,165.15269470214844,164.97000122070312,165.13999938964844,43656
2026-09-16 14:25:00+00:00,165.17999267578125,165.17999267578125,165.2100067138672,165.02000427246094,165.02000427246094,22702
2026-09-16 14:26:00+00:00,165.10000610351562,165.10000610351562,165.19000244140625,165.0402069091797,165.14999389648438,13932
2026-09-16 14:27:00+00:00,165.08999633789062,165.08999633789062,165.14999389648438,165.07000732421875,165.0800018310547,7793
2026-09-16 14:28:00+00:00,165.02000427246094,165.02000427246094,165.10000610351562,164.99000549316406,165.0800018310547,16235
2026-09-16 14:29:00+00:00,165.1699981689453,165.1699981689453,165.1699981689453,164.95010375976562,165.02999877929688,18091
2026-09-16 14:30:00+00:00,165.14999389648438,165.14999389648438,165.21499633789062,165.1300048828125,165.1300048828125,13849
2026-09-16 14:31:00+00:00,165.3125,165.3125,165.3300018310547,165.16140747070312,165.17999267578125,15524
2026-09-16 14:32:00+00:00,165.0800018310547,165.0800018310547,165.3300018310547,165.07000732421875,165.3300018310547,12259
2026-09-16 14:33:00+00:00,165.09500122070312,165.09500122070312,165.1009979248047,165.0399932861328,165.08999633789062,12437
2026-09-16 14:34:00+00:00,164.92999267578125,164.92999267578125,165.07000732421875,164.92999267578125,165.07000732421875,32500
2026-09-16 14:35:00+00:00,164.8800048828125,164.8800048828125,164.97000122070312,164.8800048828125,164.93499755859375,15399
2026-09-16 14:36:00+00:00,164.8699951171875,164.8699951171875,164.94830322265625,164.82000732421875,164.8699951171875,22043
2026-09-16 14:37:00+00:00,164.72000122070312,164.72000122070312,164.8800048828125,164.72000122070312,164.80999755859375,8834
2026-09-16 14:38:00+00:00,164.77000427246094,164.77000427246094,164.8300018310547,164.69000244140625,164.74000549316406,16794
2026-09-16 14:39:00+00:00,164.82000732421875,164.82000732421875,164.85499572753906,164.74000549316406,164.80999755859375,11591
2026-09-16 14:40:00+00:00,164.6699981689453,164.6699981689453,164.85000610351562,164.63999938964844,164.82000732421875,19299
2026-09-16 14:41:00+00:00,164.69000244140625,164.69000244140625,164.83999633789062,164.6750030517578,164.67999267578125,23819
2026-09-16 14:42:00+00:00,164.64999389648438,164.64999389648438,164.71499633789062,164.60000610351562,164.64999389648438,72489
2026-09-16 14:43:00+00:00,164.47999572753906,164.47999572753906,164.6999969482422,164.4199981689453,164.64999389648438,76177
2026-09-16 14:44:00+00:00,164.3699951171875,164.3699951171875,164.5500030517578,164.3699951171875,164.54989624023438,18626
2026-09-16 14:45:00+00:00,164.27999877929688,164.27999877929688,164.4199981689453,164.27000427246094,164.3699951171875,41482
2026-09-16 14:46:00+00:00,164.36000061035156,164.36000061035156,164.40499877929688,164.22000122070312,164.2899932861328,92400
2026-09-16 14:47:00+00:00,164.60499572753906,164.60499572753906,164.60499572753906,164.39999389648438,164.4069061279297,21744
2026-09-16 14:48:00+00:00,164.39999389648438,164.39999389648438,164.60000610351562,164.39999389648438,164.60000610351562,44454
2026-09-16 14:49:00+00:00,164.3249969482422,164.3249969482422,164.4600067138672,164.30999755859375,164.44000244140625,11642
2026-09-16 14:50:00+00:00,164.2050018310547,164.2050018310547,164.3249969482422,164.1649932861328,164.3249969482422,20329
2026-09-16 14:51:00+00:00,164.24000549316406,164.24000549316406,164.27000427246094,164.17999267578125,164.17999267578125,24384
2026-09-16 14:52:00+00:00,164.1649932861328,164.1649932861328,164.19000244140625,164.10169982910156,164.19000244140625,16218
2026-09-16 14:53:00+00:00,164.24000549316406,164.24000549316406,164.24000549316406,164.1649932861328,164.1649932861328,20623
2026-09-16 14:54:00+00:00,164.21499633789062,164.21499633789062,164.31500244140625,164.17999267578125,164.24000549316406,20347
2026-09-16 14:55:00+00:00,164.30999755859375,164.30999755859375,164.30999755859375,164.2100067138672,164.2100067138672,28360
2026-09-16 14:56:00+00:00,164.3690948486328,164.3690948486328,164.38999938964844,164.22999572753906,164.31500244140625,32742
2026-09-16 14:57:00+00:00,164.0749969482422,164.0749969482422,164.32000732421875,164.0399932861328,164.32000732421875,23433
2026-09-16 14:58:00+00:00,163.9600067138672,163.9600067138672,164.10000610351562,163.9600067138672,164.07000732421875,53662
2026-09-16 14:59:00+00:00,163.77999877929688,163.77999877929688,164.00999450683594,163.75,163.9575958251953,44322
2026-09-16 15:00:00+00:00,163.8300018310547,163.8300018310547,163.8800048828125,163.77999877929688,163.8000030517578,30220
2026-09-16 15:01:00+00:00,163.9499969482422,163.9499969482422,163.97000122070312,163.77499389648438,163.83999633789062,48605
2026-09-16 15:02:00+00:00,163.8800048828125,163.8800048828125,163.9499969482422,163.75,163.9499969482422,36930
2026-09-16 15:03:00+00:00,163.75999450683594,163.75999450683594,163.9499969482422,163.6999969482422,163.8800048828125,25855
2026-09-16 15:04:00+00:00,163.72000122070312,163.72000122070312,163.78500366210938,163.6199951171875,163.6999969482422,18440
2026-09-16 15:05:00+00:00,163.77999877929688,163.77999877929688,163.77999877929688,163.6999969482422,163.72000122070312,8242
2026-09-16 15:06:00+00:00,163.69000244140625,163.69000244140625,163.8300018310547,163.6699981689453,163.73500061035156,23940
2026-09-16 15:07:00+00:00,163.42999267578125,163.42999267578125,163.67999267578125,163.33999633789062,163.67999267578125,30966
2026-09-16 15:08:00+00:00,163.41000366210938,163.41000366210938,163.47999572753906,163.27000427246094,163.4499969482422,36539
2026-09-16 15:09:00+00:00,163.27999877929688,163.27999877929688,163.5155029296875,163.14999389648438,163.4600067138672,32135
2026-09-16 15:10:00+00:00,163.4199981689453,163.4199981689453,163.49000549316406,163.3000030517578,163.32000732421875,20820
2026-09-16 15:11:00+00:00,163.24000549316406,163.24000549316406,163.4600067138672,163.17999267578125,163.4149932861328,22988
2026-09-16 15:12:00+00:00,163.40989685058594,163.40989685058594,163.42999267578125,163.27999877929688,163.2899932861328,19096
2026-09-16 15:13:00+00:00,163.75,163.75,163.75,163.35000610351562,163.4499969482422,99197
2026-09-16 15:14:00+00:00,163.77499389648438,163.77499389648438,163.8000030517578,163.61500549316406,163.75,45391
2026-09-16 15:15:00+00:00,164.03500366210938,164.03500366210938,164.03500366210938,163.72000122070312,163.8000030517578,34617
2026-09-16 15:16:00+00:00,164.13499450683594,164.13499450683594,164.13999938964844,163.94000244140625,164.03500366210938,28839
2026-09-16 15:17:00+00:00,164.17999267578125,164.17999267578125,164.17999267578125,164.07000732421875,164.13999938964844,40065
2026-09-16 15:18:00+00:00,164.22999572753906,164.22999572753906,164.3000030517578,164.1649932861328,164.1999969482422,20688
2026-09-16 15:19:00+00:00,164.2100067138672,164.2100067138672,164.27000427246094,164.17799377441406,164.22000122070312,11035
2026-09-16 15:20:00+00:00,164.26010131835938,164.26010131835938,164.32000732421875,164.2449951171875,164.27000427246094,21024
2026-09-16 15:21:00+00:00,164.11000061035156,164.11000061035156,164.25999450683594,164.11000061035156,164.25,26503
2026-09-16 15:22:00+00:00,163.9600067138672,163.9600067138672,164.0500030517578,163.94000244140625,164.04159545898438,29773
2026-09-16 15:23:00+00:00,164.1699981689453,164.1699981689453,164.1699981689453,163.99000549316406,163.9929962158203,11719
2026-09-16 15:24:00+00:00,164.10000610351562,164.10000610351562,164.19000244140625,164.10000610351562,164.1699981689453,21362
2026-09-16 15:25:00+00:00,164.22000122070312,164.22000122070312,164.22000122070312,164.07000732421875,164.10000610351562,18941
2026-09-16 15:26:00+00:00,164.12542724609375,164.12542724609375,164.25,164.08999633789062,164.2115936279297,24170
2026-09-16 15:27:00+00:00,164.0500030517578,164.0500030517578,164.14999389648438,163.96499633789062,164.14999389648438,19775
2026-09-16 15:28:00+00:00,164.0500030517578,164.0500030517578,164.0655975341797,163.99009704589844,164.02000427246094,5319
2026-09-16 15:29:00+00:00,164.0449981689453,164.0449981689453,164.10000610351562,164.02499389648438,164.0399932861328,25493
2026-09-16 15:30:00+00:00,164.02999877929688,164.02999877929688,164.0500030517578,163.9600067138672,164.02999877929688,24423
2026-09-16 15:31:00+00:00,164.14010620117188,164.14010620117188,164.1824951171875,164.02999877929688,164.03778076171875,19689
2026-09-16 15:32:00+00:00,164.28500366210938,164.28500366210938,164.30599975585938,164.1544952392578,164.1999969482422,14127
2026-09-16 15:33:00+00:00,164.25999450683594,164.25999450683594,164.31170654296875,164.2100067138672,164.31170654296875,22660
2026-09-16 15:34:00+00:00,164.4293975830078,164.4293975830078,164.4293975830078,164.24000549316406,164.24000549316406,42610
2026-09-16 15:35:00+00:00,164.4600067138672,164.4600067138672,164.52000427246094,164.3551025390625,164.41000366210938,12313
2026-09-16 15:36:00+00:00,164.51499938964844,164.51499938964844,164.52000427246094,164.4499969482422,164.4499969482422,42133
2026-09-16 15:37:00+00:00,164.53500366210938,164.53500366210938,164.5399932861328,164.3699951171875,164.49000549316406,22701
2026-09-16 15:38:00+00:00,164.66000366210938,164.66000366210938,164.6999969482422,164.5399932861328,164.54710388183594,14876
2026-09-16 15:39:00+00:00,164.63999938964844,164.63999938964844,164.69000244140625,164.61000061035156,164.64500427246094,19588
2026-09-16 15:40:00+00:00,164.57000732421875,164.57000732421875,164.66000366210938,164.5,164.63999938964844,13795
2026-09-16 15:41:00+00:00,164.57510375976562,164.57510375976562,164.58999633789062,164.5500030517578,164.5800018310547,9413
2026-09-16 15:42:00+00:00,164.63999938964844,164.63999938964844,164.64999389648438,164.5800018310547,164.58999633789062,9839
2026-09-16 15:43:00+00:00,164.57989501953125,164.57989501953125,164.63999938964844,164.55999755859375,164.63999938964844,12209
2026-09-16 15:44:00+00:00,164.59820556640625,164.59820556640625,164.60000610351562,164.57000732421875,164.5749969482422,7599
2026-09-16 15:45:00+00:00,164.63999938964844,164.63999938964844,164.67999267578125,164.55999755859375,164.60000610351562,24668
2026-09-16 15:46:00+00:00,164.74009704589844,164.74009704589844,164.77499389648438,164.63999938964844,164.64500427246094,49391
2026-09-16 15:47:00+00:00,163.9250030517578,163.9250030517578,164.75,163.7050018310547,164.74000549316406,156022
2026-09-16 15:48:00+00:00,163.80999755859375,163.80999755859375,164.07000732421875,163.72000122070312,163.9250030517578,44528
2026-09-16 15:49:00+00:00,163.97999572753906,163.97999572753906,164.00999450683594,163.64190673828125,163.74000549316406,20741
2026-09-16 15:50:00+00:00,164.1999969482422,164.1999969482422,164.24000549316406,163.97999572753906,164.00990295410156,72086
2026-09-16 15:51:00+00:00,164.2100067138672,164.2100067138672,164.24000549316406,164.1199951171875,164.1999969482422,8386
2026-09-16 15:52:00+00:00,164.25999450683594,164.25999450683594,164.27999877929688,164.1199951171875,164.2050018310547,10183
2026-09-16 15:53:00+00:00,164.5500030517578,164.5500030517578,164.55999755859375,164.2899932861328,164.2899932861328,7272
2026-09-16 15:54:00+00:00,164.42999267578125,164.42999267578125,164.55999755859375,164.41000366210938,164.55999755859375,27785
2026-09-16 15:55:00+00:00,164.38999938964844,164.38999938964844,164.4499969482422,164.38499450683594,164.41000366210938,11196
2026-09-16 15:56:00+00:00,164.4600067138672,164.4600067138672,164.49000549316406,164.41000366210938,164.41000366210938,12156
2026-09-16 15:57:00+00:00,164.4600067138672,164.4600067138672,164.5050048828125,164.4600067138672,164.49000549316406,6948
2026-09-16 15:58:00+00:00,164.36500549316406,164.36500549316406,164.5399932861328,164.24000549316406,164.47000122070312,24220
2026-09-16 15:59:00+00:00,164.30999755859375,164.30999755859375,164.38999938964844,164.25999450683594,164.35000610351562,19953
2026-09-16 16:00:00+00:00,164.3800048828125,164.3800048828125,164.40499877929688,164.27499389648438,164.3699951171875,10267
2026-09-16 16:01:00+00:00,164.44000244140625,164.44000244140625,164.44000244140625,164.3800048828125,164.3800048828125,11697
2026-09-16 16:02:00+00:00,164.5399932861328,164.5399932861328,164.5399932861328,164.4499969482422,164.4499969482422,12907
2026-09-16 16:03:00+00:00,164.58999633789062,164.58999633789062,164.6199951171875,164.5449981689453,164.5500030517578,6398
2026-09-16 16:04:00+00:00,164.6699981689453,164.6699981689453,164.67999267578125,164.58999633789062,164.59500122070312,11832
2026-09-16 16:05:00+00:00,164.60000610351562,164.60000610351562,164.67999267578125,164.60000610351562,164.6699981689453,20663
2026-09-16 16:06:00+00:00,164.61000061035156,164.61000061035156,164.6999969482422,164.5800018310547,164.58999633789062,14129
2026-09-16 16:07:00+00:00,164.58999633789062,164.58999633789062,164.6699981689453,164.55999755859375,164.61000061035156,9883
2026-09-16 16:08:00+00:00,164.61000061035156,164.61000061035156,164.64999389648438,164.5850067138672,164.60000610351562,13405
2026-09-16 16:09:00+00:00,164.5500030517578,164.5500030517578,164.6300048828125,164.50999450683594,164.61000061035156,7177
2026-09-16 16:10:00+00:00,164.5500030517578,164.5500030517578,164.60000610351562,164.52999877929688,164.55499267578125,6851
2026-09-16 16:11:00+00:00,164.5800018310547,164.5800018310547,164.61000061035156,164.52000427246094,164.57000732421875,7107
2026-09-16 16:12:00+00:00,164.64999389648438,164.64999389648438,164.6699981689453,164.5500030517578,164.5800018310547,18455
2026-09-16 16:13:00+00:00,164.7100067138672,164.7100067138672,164.72500610351562,164.63999938964844,164.63999938964844,13080
2026-09-16 16:14:00+00:00,164.65499877929688,164.65499877929688,164.74989318847656,164.64999389648438,164.74989318847656,10898
2026-09-16 16:15:00+00:00,164.6300048828125,164.6300048828125,164.64999389648438,164.58999633789062,164.63999938964844,7499
2026-09-16 16:16:00+00:00,164.63999938964844,164.63999938964844,164.67999267578125,164.6199951171875,164.64999389648438,8968
2026-09-16 16:17:00+00:00,164.55499267578125,164.55499267578125,164.64999389648438,164.5500030517578,164.63600158691406,6896
2026-09-16 16:18:00+00:00,164.6199951171875,164.6199951171875,164.63999938964844,164.5800018310547,164.5800018310547,8743
2026-09-16 16:19:00+00:00,164.55999755859375,164.55999755859375,164.7003936767578,164.55999755859375,164.61000061035156,13909
2026-09-16 16:20:00+00:00,164.55960083007812,164.55960083007812,164.5850067138672,164.5,164.55999755859375,13913
2026-09-16 16:21:00+00:00,164.67190551757812,164.67190551757812,164.67190551757812,164.5500030517578,164.5500030517578,8777
2026-09-16 16:22:00+00:00,164.69500732421875,164.69500732421875,164.6999969482422,164.60000610351562,164.65499877929688,12762
2026-09-16 16:23:00+00:00,164.75,164.75,164.77000427246094,164.67999267578125,164.69500732421875,12806
2026-09-16 16:24:00+00:00,164.72000122070312,164.72000122070312,164.80999755859375,164.6999969482422,164.75999450683594,32459
2026-09-16 16:25:00+00:00,164.6999969482422,164.6999969482422,164.75,164.6999969482422,164.72000122070312,7114
2026-09-16 16:26:00+00:00,164.66000366210938,164.66000366210938,164.72999572753906,164.66000366210938,164.7100067138672,7976
2026-09-16 16:27:00+00:00,164.60000610351562,164.60000610351562,164.67999267578125,164.60000610351562,164.67999267578125,21051
2026-09-16 16:28:00+00:00,164.52000427246094,164.52000427246094,164.61000061035156,164.52000427246094,164.59500122070312,19194
2026-09-16 16:29:00+00:00,164.5800018310547,164.5800018310547,164.60499572753906,164.5,164.52000427246094,7495
2026-09-16 16:30:00+00:00,164.5,164.5,164.56500244140625,164.47999572753906,164.5500030517578,14312
2026-09-16 16:31:00+00:00,164.4600067138672,164.4600067138672,164.50990295410156,164.4499969482422,164.4866943359375,11362
2026-09-16 16:32:00+00:00,164.46499633789062,164.46499633789062,164.48989868164062,164.44000244140625,164.4499969482422,13222
2026-09-16 16:33:00+00:00,164.41510009765625,164.41510009765625,164.46499633789062,164.39999389648438,164.46499633789062,7290
2026-09-16 16:34:00+00:00,164.42999267578125,164.42999267578125,164.42999267578125,164.35499572753906,164.39999389648438,11716
2026-09-16 16:35:00+00:00,164.5,164.5,164.5050048828125,164.44000244140625,164.44000244140625,10473
2026-09-16 16:36:00+00:00,164.6199951171875,164.6199951171875,164.62530517578125,164.48800659179688,164.4949951171875,6915
2026-09-16 16:37:00+00:00,164.69000244140625,164.69000244140625,164.7100067138672,164.61000061035156,164.6300048828125,10510
2026-09-16 16:38:00+00:00,164.63999938964844,164.63999938964844,164.7100067138672,164.63999938964844,164.7050018310547,13223
2026-09-16 16:39:00+00:00,164.63099670410156,164.63099670410156,164.66000366210938,164.625,164.64500427246094,4547
2026-09-16 16:40:00+00:00,164.71499633789062,164.71499633789062,164.74000549316406,164.6300048828125,164.64500427246094,12864
2026-09-16 16:41:00+00:00,164.67999267578125,164.67999267578125,164.75,164.66180419921875,164.75,5907
2026-09-16 16:42:00+00:00,164.72999572753906,164.72999572753906,164.77999877929688,164.6999969482422,164.7071075439453,11681
2026-09-16 16:43:00+00:00,164.75,164.75,164.75,164.7100067138672,164.74000549316406,4767
2026-09-16 16:44:00+00:00,164.6699981689453,164.6699981689453,164.75990295410156,164.64010620117188,164.73350524902344,22616
2026-09-16 16:45:00+00:00,164.6699981689453,164.6699981689453,164.72000122070312,164.60000610351562,164.7100067138672,6889
2026-09-16 16:46:00+00:00,164.64999389648438,164.64999389648438,164.7100067138672,164.64999389648438,164.69000244140625,7332
2026-09-16 16:47:00+00:00,164.66000366210938,164.66000366210938,164.6750030517578,164.6199951171875,164.64500427246094,4062
2026-09-16 16:48:00+00:00,164.75990295410156,164.75990295410156,164.77999877929688,164.65499877929688,164.65499877929688,14911
2026-09-16 16:49:00+00:00,164.82000732421875,164.82000732421875,164.8300018310547,164.77999877929688,164.77999877929688,5621
2026-09-16 16:50:00+00:00,164.86500549316406,164.86500549316406,164.91949462890625,164.8300018310547,164.8300018310547,6638
2026-09-16 16:51:00+00:00,164.85499572753906,164.85499572753906,164.8699951171875,164.80999755859375,164.8699951171875,6741
2026-09-16 16:52:00+00:00,164.8101043701172,164.8101043701172,164.85000610351562,164.80999755859375,164.85000610351562,8229
2026-09-16 16:53:00+00:00,164.80999755859375,164.80999755859375,164.8699951171875,164.80999755859375,164.81500244140625,8664
2026-09-16 16:54:00+00:00,164.83999633789062,164.83999633789062,164.83999633789062,164.72000122070312,164.8000030517578,14912
2026-09-16 16:55:00+00:00,164.8292999267578,164.8292999267578,164.88999938964844,164.8292999267578,164.83999633789062,13991
2026-09-16 16:56:00+00:00,164.74000549316406,164.74000549316406,164.86000061035156,164.74000549316406,164.83999633789062,19646
2026-09-16 16:57:00+00:00,164.69000244140625,164.69000244140625,164.76010131835938,164.67999267578125,164.75,16796
2026-09-16 16:58:00+00:00,164.625,164.625,164.66000366210938,164.60000610351562,164.64999389648438,10365
2026-09-16 16:59:00+00:00,164.61500549316406,164.61500549316406,164.66000366210938,164.58999633789062,164.61000061035156,10767
2026-09-16 17:00:00+00:00,164.61000061035156,164.61000061035156,164.6699981689453,164.5800018310547,164.6199951171875,15405
2026-09-16 17:01:00+00:00,164.5850067138672,164.5850067138672,164.61500549316406,164.53500366210938,164.61500549316406,6474
2026-09-16 17:02:00+00:00,164.60499572753906,164.60499572753906,164.61000061035156,164.57000732421875,164.58999633789062,5419
2026-09-16 17:03:00+00:00,164.7799072265625,164.7799072265625,164.7799072265625,164.60000610351562,164.60499572753906,10637
2026-09-16 17:04:00+00:00,164.86500549316406,164.86500549316406,164.94000244140625,164.75,164.75,49528
2026-09-16 17:05:00+00:00,164.89999389648438,164.89999389648438,164.94000244140625,164.86000061035156,164.86500549316406,10195
2026-09-16 17:06:00+00:00,164.85499572753906,164.85499572753906,164.89999389648438,164.8249969482422,164.88999938964844,8443
2026-09-16 17:07:00+00:00,164.9799041748047,164.9799041748047,164.97999572753906,164.85000610351562,164.85499572753906,16949
2026-09-16 17:08:00+00:00,164.85000610351562,164.85000610351562,164.89999389648438,164.80999755859375,164.8699951171875,18510
2026-09-16 17:09:00+00:00,164.6999969482422,164.6999969482422,164.85000610351562,164.6699981689453,164.83999633789062,27875
2026-09-16 17:10:00+00:00,164.68499755859375,164.68499755859375,164.7213134765625,164.67999267578125,164.69500732421875,15111
2026-09-16 17:11:00+00:00,164.72999572753906,164.72999572753906,164.72999572753906,164.60009765625,164.6649932861328,11195
2026-09-16 17:12:00+00:00,164.6300048828125,164.6300048828125,164.7299041748047,164.5800018310547,164.7100067138672,9447
2026-09-16 17:13:00+00:00,164.67999267578125,164.67999267578125,164.72999572753906,164.64500427246094,164.64500427246094,7982
2026-09-16 17:14:00+00:00,164.72000122070312,164.72000122070312,164.72999572753906,164.69000244140625,164.69000244140625,8139
2026-09-16 17:15:00+00:00,164.82000732421875,164.82000732421875,164.82000732421875,164.72999572753906,164.72999572753906,8678
2026-09-16 17:16:00+00:00,164.7449951171875,164.7449951171875,164.85000610351562,164.73500061035156,164.8300018310547,11814
2026-09-16 17:17:00+00:00,164.74000549316406,164.74000549316406,164.8072052001953,164.74000549316406,164.77000427246094,4943
2026-09-16 17:18:00+00:00,164.69500732421875,164.69500732421875,164.7100067138672,164.67999267578125,164.7100067138672,6980
2026-09-16 17:19:00+00:00,164.7449951171875,164.7449951171875,164.77000427246094,164.69000244140625,164.7100067138672,10337
2026-09-16 17:20:00+00:00,164.8000030517578,164.8000030517578,164.82000732421875,164.72500610351562,164.72500610351562,8311
2026-09-16 17:21:00+00:00,164.8350067138672,164.8350067138672,164.83999633789062,164.75999450683594,164.80999755859375,12082
2026-09-16 17:22:00+00:00,164.83590698242188,164.83590698242188,164.85000610351562,164.77000427246094,164.85000610351562,6839
2026-09-16 17:23:00+00:00,164.8699951171875,164.8699951171875,164.8699951171875,164.80999755859375,164.82000732421875,8235
2026-09-16 17:24:00+00:00,164.91990661621094,164.91990661621094,164.9199981689453,164.8699951171875,164.89999389648438,8474
2026-09-16 17:25:00+00:00,164.89999389648438,164.89999389648438,164.94000244140625,164.8800048828125,164.90499877929688,11254
2026-09-16 17:26:00+00:00,164.9199981689453,164.9199981689453,164.94000244140625,164.91000366210938,164.9199981689453,8521
2026-09-16 17:27:00+00:00,164.91000366210938,164.91000366210938,164.92999267578125,164.9001007080078,164.91000366210938,3700
2026-09-16 17:28:00+00:00,164.8800048828125,164.8800048828125,164.92999267578125,164.85000610351562,164.92999267578125,9952
2026-09-16 17:29:00+00:00,164.85000610351562,164.85000610351562,164.89999389648438,164.85000610351562,164.89999389648438,4630
2026-09-16 17:30:00+00:00,164.76499938964844,164.76499938964844,164.8249969482422,164.76499938964844,164.82000732421875,8830
2026-09-16 17:31:00+00:00,164.64999389648438,164.64999389648438,164.77725219726562,164.64999389648438,164.75999450683594,25143
2026-09-16 17:32:00+00:00,164.6199951171875,164.6199951171875,164.64500427246094,164.55999755859375,164.64500427246094,11554
2026-09-16 17:33:00+00:00,164.64999389648438,164.64999389648438,164.6999969482422,164.60000610351562,164.6199951171875,8316
2026-09-16 17:34:00+00:00,164.60000610351562,164.60000610351562,164.6649932861328,164.5800018310547,164.6649932861328,9705
2026-09-16 17:35:00+00:00,164.6300048828125,164.6300048828125,164.63999938964844,164.56500244140625,164.60000610351562,6217
2026-09-16 17:36:00+00:00,164.6300048828125,164.6300048828125,164.69000244140625,164.6300048828125,164.63999938964844,6234
2026-09-16 17:37:00+00:00,164.55999755859375,164.55999755859375,164.64500427246094,164.5500030517578,164.6199951171875,8618
2026-09-16 17:38:00+00:00,164.5500030517578,164.5500030517578,164.5800018310547,164.52999877929688,164.55999755859375,7771
2026-09-16 17:39:00+00:00,164.66000366210938,164.66000366210938,164.66000366210938,164.57000732421875,164.57000732421875,10101
2026-09-16 17:40:00+00:00,164.69679260253906,164.69679260253906,164.72999572753906,164.64999389648438,164.64999389648438,10062
2026-09-16 17:41:00+00:00,164.75999450683594,164.75999450683594,164.7899932861328,164.69000244140625,164.7100067138672,13322
2026-09-16 17:42:00+00:00,164.72999572753906,164.72999572753906,164.77999877929688,164.7100067138672,164.77000427246094,13861
2026-09-16 17:43:00+00:00,164.72000122070312,164.72000122070312,164.7301025390625,164.69000244140625,164.7301025390625,6002
2026-09-16 17:44:00+00:00,164.69000244140625,164.69000244140625,164.73500061035156,164.66000366210938,164.72999572753906,11164
2026-09-16 17:45:00+00:00,164.63999938964844,164.63999938964844,164.69000244140625,164.6199951171875,164.69000244140625,13918
2026-09-16 17:46:00+00:00,164.6649932861328,164.6649932861328,164.6898956298828,164.6300048828125,164.6300048828125,9415
2026-09-16 17:47:00+00:00,164.64999389648438,164.64999389648438,164.6898956298828,164.64999389648438,164.66000366210938,8921
2026-09-16 17:48:00+00:00,164.72999572753906,164.72999572753906,164.72999572753906,164.64999389648438,164.64999389648438,8258
2026-09-16 17:49:00+00:00,164.8000030517578,164.8000030517578,164.8000030517578,164.72000122070312,164.72000122070312,10864
2026-09-16 17:50:00+00:00,164.8000030517578,164.8000030517578,164.8350067138672,164.7805938720703,164.80999755859375,7619
2026-09-16 17:51:00+00:00,164.72999572753906,164.72999572753906,164.83999633789062,164.72999572753906,164.8199005126953,7092
2026-09-16 17:52:00+00:00,164.72000122070312,164.72000122070312,164.75999450683594,164.72000122070312,164.73500061035156,4811
2026-09-16 17:53:00+00:00,164.64999389648438,164.64999389648438,164.7100067138672,164.64999389648438,164.7100067138672,8272
2026-09-16 17:54:00+00:00,164.6999969482422,164.6999969482422,164.6999969482422,164.62010192871094,164.62010192871094,6326
2026-09-16 17:55:00+00:00,164.74000549316406,164.74000549316406,164.75999450683594,164.7100067138672,164.7100067138672,4867
2026-09-16 17:56:00+00:00,164.71499633789062,164.71499633789062,164.77000427246094,164.69500732421875,164.7407989501953,7209
2026-09-16 17:57:00+00:00,164.72999572753906,164.72999572753906,164.74000549316406,164.7085418701172,164.7085418701172,5028
2026-09-16 17:58:00+00:00,164.74000549316406,164.74000549316406,164.75,164.7100067138672,164.74000549316406,5215
2026-09-16 17:59:00+00:00,164.75,164.75,164.8300018310547,164.75,164.75999450683594,10921
2026-09-16 18:00:00+00:00,164.69000244140625,164.69000244140625,164.77000427246094,164.60000610351562,164.7375030517578,24889
2026-09-16 18:01:00+00:00,164.69000244140625,164.69000244140625,164.80999755859375,164.69000244140625,164.74000549316406,20245
2026-09-16 18:02:00+00:00,164.73500061035156,164.73500061035156,164.82749938964844,164.69000244140625,164.69000244140625,16112
2026-09-16 18:03:00+00:00,164.7821044921875,164.7821044921875,164.78250122070312,164.64999389648438,164.7449951171875,11507
2026-09-16 18:04:00+00:00,164.7899932861328,164.7899932861328,164.8000030517578,164.72000122070312,164.7899932861328,14560
2026-09-16 18:05:00+00:00,164.75999450683594,164.75999450683594,164.77499389648438,164.66000366210938,164.77499389648438,20925
2026-09-16 18:06:00+00:00,164.6300048828125,164.6300048828125,164.79989624023438,164.6300048828125,164.75999450683594,31937
2026-09-16 18:07:00+00:00,164.80990600585938,164.80990600585938,164.80990600585938,164.60000610351562,164.6300048828125,15743
2026-09-16 18:08:00+00:00,164.82000732421875,164.82000732421875,164.85000610351562,164.77000427246094,164.7899932861328,7765
2026-09-16 18:09:00+00:00,164.88999938964844,164.88999938964844,164.94140625,164.82000732421875,164.82000732421875,8002
2026-09-16 18:10:00+00:00,164.91000366210938,164.91000366210938,164.9600067138672,164.8800048828125,164.8800048828125,13450
2026-09-16 18:11:00+00:00,164.99000549316406,164.99000549316406,165.02999877929688,164.9199981689453,164.9199981689453,14395
2026-09-16 18:12:00+00:00,164.95010375976562,164.95010375976562,165.00999450683594,164.9250030517578,164.97500610351562,8995
2026-09-16 18:13:00+00:00,164.97000122070312,164.97000122070312,164.99000549316406,164.94500732421875,164.9499969482422,7126
2026-09-16 18:14:00+00:00,164.94000244140625,164.94000244140625,164.98550415039062,164.94000244140625,164.97999572753906,8401
2026-09-16 18:15:00+00:00,164.90499877929688,164.90499877929688,165.00999450683594,164.86000061035156,164.97000122070312,10306
2026-09-16 18:16:00+00:00,165.0399932861328,165.0399932861328,165.0399932861328,164.8699951171875,164.89500427246094,13002
2026-09-16 18:17:00+00:00,165.0399932861328,165.0399932861328,165.0500030517578,164.9499969482422,165.0500030517578,14506
2026-09-16 18:18:00+00:00,165.02000427246094,165.02000427246094,165.02000427246094,164.99000549316406,165.00999450683594,4025
2026-09-16 18:19:00+00:00,164.8300018310547,164.8300018310547,165.0500030517578,164.8300018310547,165.0399932861328,34169
2026-09-16 18:20:00+00:00,164.85000610351562,164.85000610351562,164.8800048828125,164.83999633789062,164.85000610351562,4906
2026-09-16 18:21:00+00:00,164.92999267578125,164.92999267578125,164.9600067138672,164.83999633789062,164.8800048828125,8253
2026-09-16 18:22:00+00:00,164.9149932861328,164.9149932861328,164.95159912109375,164.89999389648438,164.89999389648438,5543
2026-09-16 18:23:00+00:00,164.7899932861328,164.7899932861328,164.9199981689453,164.7899932861328,164.9199981689453,10952
2026-09-16 18:24:00+00:00,164.75999450683594,164.75999450683594,164.80999755859375,164.72999572753906,164.80999755859375,12310
2026-09-16 18:25:00+00:00,164.7100067138672,164.7100067138672,164.75999450683594,164.67999267578125,164.75999450683594,6103
2026-09-16 18:26:00+00:00,164.6699981689453,164.6699981689453,164.69000244140625,164.6199951171875,164.69000244140625,16234
2026-09-16 18:27:00+00:00,164.57000732421875,164.57000732421875,164.66000366210938,164.5500030517578,164.66000366210938,16298
2026-09-16 18:28:00+00:00,164.60000610351562,164.60000610351562,164.63999938964844,164.5800018310547,164.60000610351562,6676
2026-09-16 18:29:00+00:00,164.5500030517578,164.5500030517578,164.6300048828125,164.5500030517578,164.6300048828125,6008
2026-09-16 18:30:00+00:00,164.28500366210938,164.28500366210938,164.57000732421875,164.2722930908203,164.56500244140625,48142
2026-09-16 18:31:00+00:00,164.30999755859375,164.30999755859375,164.3300018310547,164.25999450683594,164.2899932861328,19910
2026-09-16 18:32:00+00:00,164.30999755859375,164.30999755859375,164.36000061035156,164.27000427246094,164.3300018310547,25020
2026-09-16 18:33:00+00:00,164.1999969482422,164.1999969482422,164.2899932861328,164.16000366210938,164.27999877929688,23623
2026-09-16 18:34:00+00:00,164.2899932861328,164.2899932861328,164.32000732421875,164.2100067138672,164.22000122070312,8199
2026-09-16 18:35:00+00:00,164.2649688720703,164.2649688720703,164.3000030517578,164.22000122070312,164.28990173339844,10744
2026-09-16 18:36:00+00:00,164.02999877929688,164.02999877929688,164.25999450683594,164.02999877929688,164.25,16199
2026-09-16 18:37:00+00:00,164.10000610351562,164.10000610351562,164.14999389648438,163.97000122070312,164.00999450683594,19383
2026-09-16 18:38:00+00:00,164.1219940185547,164.1219940185547,164.18499755859375,164.08999633789062,164.11000061035156,17573
2026-09-16 18:39:00+00:00,164.0,164.0,164.1417999267578,163.9499969482422,164.1300048828125,21362
2026-09-16 18:40:00+00:00,164.07000732421875,164.07000732421875,164.0749969482422,163.99000549316406,163.99000549316406,9966
2026-09-16 18:41:00+00:00,163.9550018310547,163.9550018310547,164.0399932861328,163.86000061035156,164.0399932861328,31846
2026-09-16 18:42:00+00:00,164.10000610351562,164.10000610351562,164.13999938964844,163.96499633789062,163.96499633789062,20920
2026-09-16 18:43:00+00:00,164.16000366210938,164.16000366210938,164.1699981689453,164.0399932861328,164.06500244140625,12956
2026-09-16 18:44:00+00:00,164.0850067138672,164.0850067138672,164.17999267578125,164.05499267578125,164.17999267578125,13941
2026-09-16 18:45:00+00:00,163.92999267578125,163.92999267578125,164.08999633789062,163.86000061035156,164.0749969482422,21121
2026-09-16 18:46:00+00:00,163.88999938964844,163.88999938964844,164.01499938964844,163.8800048828125,163.89999389648438,15516
2026-09-16 18:47:00+00:00,163.94000244140625,163.94000244140625,163.97999572753906,163.9199981689453,163.9199981689453,7301
2026-09-16 18:48:00+00:00,163.9199981689453,163.9199981689453,163.99000549316406,163.9199981689453,163.9199981689453,9632
2026-09-16 18:49:00+00:00,163.75999450683594,163.75999450683594,163.89999389648438,163.6999969482422,163.89999389648438,12060
2026-09-16 18:50:00+00:00,163.86000061035156,163.86000061035156,163.89999389648438,163.77999877929688,163.77999877929688,8362
2026-09-16 18:51:00+00:00,163.69000244140625,163.69000244140625,163.82000732421875,163.66000366210938,163.82000732421875,21494
2026-09-16 18:52:00+00:00,163.67999267578125,163.67999267578125,163.6999969482422,163.6199951171875,163.6750030517578,13533
2026-09-16 18:53:00+00:00,163.69000244140625,163.69000244140625,163.6999969482422,163.63009643554688,163.6699981689453,8522
2026-09-16 18:54:00+00:00,163.52499389648438,163.52499389648438,163.66000366210938,163.52000427246094,163.66000366210938,22301
2026-09-16 18:55:00+00:00,163.57000732421875,163.57000732421875,163.58999633789062,163.5,163.52000427246094,21495
2026-09-16 18:56:00+00:00,163.5500030517578,163.5500030517578,163.61000061035156,163.5,163.58999633789062,17420
2026-09-16 18:57:00+00:00,163.52499389648438,163.52499389648438,163.58999633789062,163.5,163.52000427246094,16762
2026-09-16 18:58:00+00:00,163.5800018310547,163.5800018310547,163.5800018310547,163.50999450683594,163.52999877929688,13503
2026-09-16 18:59:00+00:00,163.66000366210938,163.66000366210938,163.7510986328125,163.5749969482422,163.5749969482422,35655
2026-09-16 19:00:00+00:00,163.6300048828125,163.6300048828125,163.8347930908203,163.55999755859375,163.66000366210938,37862
2026-09-16 19:01:00+00:00,163.48179626464844,163.48179626464844,163.75,163.44000244140625,163.64999389648438,18658
2026-09-16 19:02:00+00:00,163.47000122070312,163.47000122070312,163.52999877929688,163.34750366210938,163.51499938964844,69036
2026-09-16 19:03:00+00:00,163.5399932861328,163.5399932861328,163.5399932861328,163.42999267578125,163.4499969482422,18540
2026-09-16 19:04:00+00:00,163.5399932861328,163.5399932861328,163.61000061035156,163.48500061035156,163.5749969482422,20774
2026-09-16 19:05:00+00:00,163.4499969482422,163.4499969482422,163.57000732421875,163.44000244140625,163.5399932861328,18250
2026-09-16 19:06:00+00:00,163.52000427246094,163.52000427246094,163.5500030517578,163.44000244140625,163.4499969482422,17825
2026-09-16 19:07:00+00:00,163.46499633789062,163.46499633789062,163.58999633789062,163.4600067138672,163.5,44665
2026-09-16 19:08:00+00:00,163.38999938964844,163.38999938964844,163.4499969482422,163.38999938964844,163.44500732421875,16594
2026-09-16 19:09:00+00:00,163.32240295410156,163.32240295410156,163.39999389648438,163.30999755859375,163.39999389648438,28406
2026-09-16 19:10:00+00:00,163.07000732421875,163.07000732421875,163.3300018310547,163.07000732421875,163.3300018310547,44813
2026-09-16 19:11:00+00:00,163.14044189453125,163.14044189453125,163.24000549316406,163.0399932861328,163.05999755859375,40767
2026-09-16 19:12:00+00:00,163.0399932861328,163.0399932861328,163.13999938964844,163.00999450683594,163.1300048828125,12041
2026-09-16 19:13:00+00:00,163.05999755859375,163.05999755859375,163.08999633789062,163.02000427246094,163.02999877929688,27915
2026-09-16 19:14:00+00:00,162.9499969482422,162.9499969482422,163.08999633789062,162.9499969482422,163.03500366210938,49401
2026-09-16 19:15:00+00:00,162.8800048828125,162.8800048828125,163.10000610351562,162.8800048828125,162.97000122070312,20568
2026-09-16 19:16:00+00:00,162.99000549316406,162.99000549316406,163.00999450683594,162.83999633789062,162.86000061035156,49069
2026-09-16 19:17:00+00:00,162.8800048828125,162.8800048828125,163.05999755859375,162.85499572753906,162.99000549316406,45415
2026-09-16 19:18:00+00:00,162.8000030517578,162.8000030517578,162.8800048828125,162.77999877929688,162.85000610351562,12306
2026-09-16 19:19:00+00:00,163.0,163.0,163.0,162.8000030517578,162.81500244140625,22980
2026-09-16 19:20:00+00:00,162.91000366210938,162.91000366210938,163.02000427246094,162.85000610351562,163.0,31898
2026-09-16 19:21:00+00:00,162.86500549316406,162.86500549316406,162.92999267578125,162.82000732421875,162.9199981689453,21342
2026-09-16 19:22:00+00:00,162.6199951171875,162.6199951171875,162.85000610351562,162.6199951171875,162.85000610351562,56968
2026-09-16 19:23:00+00:00,162.67999267578125,162.67999267578125,162.71510314941406,162.55999755859375,162.61000061035156,39234
2026-09-16 19:24:00+00:00,162.8800048828125,162.8800048828125,162.8800048828125,162.69000244140625,162.69000244140625,29610
2026-09-16 19:25:00+00:00,162.86000061035156,162.86000061035156,162.92039489746094,162.7899932861328,162.89500427246094,23076
2026-09-16 19:26:00+00:00,162.77000427246094,162.77000427246094,162.88999938964844,162.72000122070312,162.84500122070312,16433
2026-09-16 19:27:00+00:00,162.7698974609375,162.7698974609375,162.7899932861328,162.72000122070312,162.7696075439453,15848
2026-09-16 19:28:00+00:00,162.8699951171875,162.8699951171875,162.92999267578125,162.77000427246094,162.77000427246094,44507
2026-09-16 19:29:00+00:00,162.9199981689453,162.9199981689453,163.02000427246094,162.8800048828125,162.8800048828125,35824
2026-09-16 19:30:00+00:00,162.9149932861328,162.9149932861328,162.97999572753906,162.7899932861328,162.9199981689453,39903
2026-09-16 19:31:00+00:00,162.9600067138672,162.9600067138672,163.0500030517578,162.84010314941406,162.92999267578125,94601
2026-09-16 19:32:00+00:00,162.93499755859375,162.93499755859375,162.97000122070312,162.85000610351562,162.92999267578125,20511
2026-09-16 19:33:00+00:00,162.99000549316406,162.99000549316406,163.02000427246094,162.8300018310547,162.92999267578125,24049
2026-09-16 19:34:00+00:00,163.0500030517578,163.0500030517578,163.14999389648438,163.0,163.0,49985
2026-09-16 19:35:00+00:00,162.93499755859375,162.93499755859375,163.07000732421875,162.88999938964844,163.0500030517578,29385
2026-09-16 19:36:00+00:00,162.94000244140625,162.94000244140625,163.05999755859375,162.9199981689453,162.9499969482422,46654
2026-09-16 19:37:00+00:00,162.89500427246094,162.89500427246094,162.97000122070312,162.86000061035156,162.9499969482422,19653
2026-09-16 19:38:00+00:00,162.90499877929688,162.90499877929688,162.92010498046875,162.86000061035156,162.89999389648438,24641
2026-09-16 19:39:00+00:00,162.9600067138672,162.9600067138672,162.97000122070312,162.8300018310547,162.88999938964844,20209
2026-09-16 19:40:00+00:00,162.82000732421875,162.82000732421875,162.9698944091797,162.82000732421875,162.968994140625,48686
2026-09-16 19:41:00+00:00,162.93499755859375,162.93499755859375,162.97500610351562,162.80999755859375,162.80999755859375,35264
2026-09-16 19:42:00+00:00,163.0500030517578,163.0500030517578,163.0500030517578,162.92999267578125,162.9499969482422,37281
2026-09-16 19:43:00+00:00,163.08990478515625,163.08990478515625,163.14999389648438,163.01100158691406,163.0399932861328,36584
2026-09-16 19:44:00+00:00,163.00999450683594,163.00999450683594,163.0850067138672,163.0,163.0850067138672,20753
2026-09-16 19:45:00+00:00,163.0800018310547,163.0800018310547,163.14999389648438,163.02499389648438,163.02499389648438,38228
2026-09-16 19:46:00+00:00,163.06500244140625,163.06500244140625,163.08999633789062,163.02000427246094,163.07000732421875,24919
2026-09-16 19:47:00+00:00,163.19000244140625,163.19000244140625,163.19000244140625,163.07000732421875,163.07000732421875,19345
2026-09-16 19:48:00+00:00,163.1699981689453,163.1699981689453,163.19000244140625,163.0749969482422,163.17999267578125,54955
2026-09-16 19:49:00+00:00,163.19500732421875,163.19500732421875,163.2799072265625,163.1300048828125,163.16299438476562,39641
2026-09-16 19:50:00+00:00,163.30999755859375,163.30999755859375,163.3699951171875,163.1699981689453,163.2100067138672,40225
2026-09-16 19:51:00+00:00,163.33999633789062,163.33999633789062,163.38999938964844,163.3000030517578,163.30999755859375,509163
2026-09-16 19:52:00+00:00,163.33999633789062,163.33999633789062,163.3699951171875,163.30999755859375,163.33999633789062,30793
2026-09-16 19:53:00+00:00,163.4199981689453,163.4199981689453,163.47900390625,163.35000610351562,163.35000610351562,36930
2026-09-16 19:54:00+00:00,163.39999389648438,163.39999389648438,163.44500732421875,163.33999633789062,163.4199981689453,47542
2026-09-16 19:55:00+00:00,163.5,163.5,163.50999450683594,163.38999938964844,163.41000366210938,50816
2026-09-16 19:56:00+00:00,163.44000244140625,163.44000244140625,163.51499938964844,163.41000366210938,163.5050048828125,66660
2026-09-16 19:57:00+00:00,163.36900329589844,163.36900329589844,163.51499938964844,163.33009338378906,163.42999267578125,98550
2026-09-16 19:58:00+00:00,163.18499755859375,163.18499755859375,163.3800048828125,163.16000366210938,163.3699951171875,129284
2026-09-16 19:59:00+00:00,163.3300018310547,163.3300018310547,163.38999938964844,163.1750030517578,163.19000244140625,226877
2026-09-17 13:31:00+00:00,162.00999450683594,162.00999450683594,162.3000030517578,161.8300018310547,161.8300018310547,124490
2026-09-17 13:32:00+00:00,162.44000244140625,162.44000244140625,162.52000427246094,162.3000030517578,162.3000030517578,2855
2026-09-17 13:33:00+00:00,162.44000244140625,162.44000244140625,162.80999755859375,162.3300018310547,162.4550018310547,214512
2026-09-17 13:34:00+00:00,162.27499389648438,162.27499389648438,162.63999938964844,162.16000366210938,162.36000061035156,123004
2026-09-17 13:35:00+00:00,162.2899932861328,162.2899932861328,162.5399932861328,162.02000427246094,162.27499389648438,70486
2026-09-17 13:36:00+00:00,162.40499877929688,162.40499877929688,162.51499938964844,162.24000549316406,162.32000732421875,46631
2026-09-17 13:37:00+00:00,162.6125030517578,162.6125030517578,162.7100067138672,162.4550018310547,162.4550018310547,43335
2026-09-17 13:38:00+00:00,162.27000427246094,162.27000427246094,162.63499450683594,162.24000549316406,162.59500122070312,32190
2026-09-17 13:39:00+00:00,162.55999755859375,162.55999755859375,162.55999755859375,162.25,162.27000427246094,38610
2026-09-17 13:40:00+00:00,162.25999450683594,162.25999450683594,162.59500122070312,162.1999969482422,162.54324340820312,34292
2026-09-17 13:41:00+00:00,162.4250030517578,162.4250030517578,162.4250030517578,162.1199951171875,162.26499938964844,29580
2026-09-17 13:42:00+00:00,162.41000366210938,162.41000366210938,162.49000549316406,162.27499389648438,162.4250030517578,20586
2026-09-17 13:43:00+00:00,162.72000122070312,162.72000122070312,162.8000030517578,162.4199981689453,162.4199981689453,31263
2026-09-17 13:44:00+00:00,162.8350067138672,162.8350067138672,162.89999389648438,162.64999389648438,162.75999450683594,48139
2026-09-17 13:45:00+00:00,163.11000061035156,163.11000061035156,163.24000549316406,162.75,162.8300018310547,80182
2026-09-17 13:46:00+00:00,163.14999389648438,163.14999389648438,163.2449951171875,163.08999633789062,163.10499572753906,33181
2026-09-17 13:47:00+00:00,162.80999755859375,162.80999755859375,163.13999938964844,162.6699981689453,163.1199951171875,67115
2026-09-17 13:48:00+00:00,162.80999755859375,162.80999755859375,162.8350067138672,162.63999938964844,162.8300018310547,27547
2026-09-17 13:49:00+00:00,162.82000732421875,162.82000732421875,162.97000122070312,162.66000366210938,162.8300018310547,25242
2026-09-17 13:50:00+00:00,162.8300018310547,162.8300018310547,162.88999938964844,162.6699981689453,162.85000610351562,26592
2026-09-17 13:51:00+00:00,162.8300018310547,162.8300018310547,162.94000244140625,162.75999450683594,162.7899932861328,25322
2026-09-17 13:52:00+00:00,162.866455078125,162.866455078125,162.8699951171875,162.72000122070312,162.77999877929688,11907
2026-09-17 13:53:00+00:00,162.82000732421875,162.82000732421875,162.9199981689453,162.72999572753906,162.83999633789062,18215
2026-09-17 13:54:00+00:00,162.8249969482422,162.8249969482422,162.97000122070312,162.8249969482422,162.86070251464844,20094
2026-09-17 13:55:00+00:00,162.9250030517578,162.9250030517578,162.9499969482422,162.75999450683594,162.84500122070312,23212
2026-09-17 13:56:00+00:00,162.88999938964844,162.88999938964844,163.02999877929688,162.8800048828125,162.99000549316406,28064
2026-09-17 13:57:00+00:00,162.8699951171875,162.8699951171875,162.92999267578125,162.80499267578125,162.8699951171875,17099
2026-09-17 13:58:00+00:00,162.69000244140625,162.69000244140625,162.88999938964844,162.66000366210938,162.88999938964844,18282
2026-09-17 13:59:00+00:00,162.58999633789062,162.58999633789062,162.71499633789062,162.52999877929688,162.71499633789062,30005
2026-09-17 14:00:00+00:00,162.52999877929688,162.52999877929688,162.66000366210938,162.41000366210938,162.6300048828125,47724
2026-09-17 14:01:00+00:00,162.44500732421875,162.44500732421875,162.55999755859375,162.44500732421875,162.48500061035156,13032
2026-09-17 14:02:00+00:00,161.99000549316406,161.99000549316406,162.4600067138672,161.94500732421875,162.4199981689453,51651
2026-09-17 14:03:00+00:00,162.05999755859375,162.05999755859375,162.12989807128906,161.97999572753906,161.99000549316406,23028
2026-09-17 14:04:00+00:00,162.19000244140625,162.19000244140625,162.26499938964844,162.05499267578125,162.05999755859375,51682
2026-09-17 14:05:00+00:00,162.05499267578125,162.05499267578125,162.2449951171875,162.00999450683594,162.19000244140625,28114
2026-09-17 14:06:00+00:00,161.92999267578125,161.92999267578125,162.02000427246094,161.8975067138672,162.02000427246094,27432
2026-09-17 14:07:00+00:00,161.80999755859375,161.80999755859375,161.92999267578125,161.80999755859375,161.88999938964844,26448
2026-09-17 14:08:00+00:00,161.73500061035156,161.73500061035156,161.8300018310547,161.64999389648438,161.8300018310547,32640
2026-09-17 14:09:00+00:00,161.7779998779297,161.7779998779297,161.7899932861328,161.6999969482422,161.74000549316406,21913
2026-09-17 14:10:00+00:00,161.65499877929688,161.65499877929688,161.77000427246094,161.5800018310547,161.75999450683594,23369
2026-09-17 14:11:00+00:00,161.85000610351562,161.85000610351562,161.88999938964844,161.60000610351562,161.66000366210938,19295
2026-09-17 14:12:00+00:00,161.7949981689453,161.7949981689453,161.8800048828125,161.7449951171875,161.85499572753906,16433
2026-09-17 14:13:00+00:00,161.77499389648438,161.77499389648438,161.8000030517578,161.67999267578125,161.75,17534
2026-09-17 14:14:00+00:00,161.8800048828125,161.8800048828125,161.9199981689453,161.8101043701172,161.82000732421875,26407
2026-09-17 14:15:00+00:00,161.88499450683594,161.88499450683594,161.9600067138672,161.76499938964844,161.9600067138672,14662
2026-09-17 14:16:00+00:00,161.86000061035156,161.86000061035156,161.9600067138672,161.7899932861328,161.8699951171875,18933
2026-09-17 14:17:00+00:00,161.86000061035156,161.86000061035156,161.91000366210938,161.74000549316406,161.89010620117188,33769
2026-09-17 14:18:00+00:00,161.88499450683594,161.88499450683594,161.94000244140625,161.77000427246094,161.8699951171875,10445
2026-09-17 14:19:00+00:00,162.0850067138672,162.0850067138672,162.1199951171875,161.94000244140625,161.99000549316406,13881
2026-09-17 14:20:00+00:00,162.10000610351562,162.10000610351562,162.1199951171875,161.9600067138672,162.0399932861328,20216
2026-09-17 14:21:00+00:00,161.96499633789062,161.96499633789062,162.0800018310547,161.92999267578125,162.0800018310547,16681
2026-09-17 14:22:00+00:00,161.97999572753906,161.97999572753906,162.03500366210938,161.92999267578125,161.96499633789062,11543
2026-09-17 14:23:00+00:00,161.92999267578125,161.92999267578125,162.13999938964844,161.92999267578125,162.02000427246094,28403
2026-09-17 14:24:00+00:00,161.74000549316406,161.74000549316406,161.9199981689453,161.6999969482422,161.9199981689453,17879
2026-09-17 14:25:00+00:00,161.63499450683594,161.63499450683594,161.77499389648438,161.63499450683594,161.7449951171875,12418
2026-09-17 14:26:00+00:00,161.5904998779297,161.5904998779297,161.77999877929688,161.5800018310547,161.65499877929688,16607
2026-09-17 14:27:00+00:00,161.61000061035156,161.61000061035156,161.63450622558594,161.5399932861328,161.60499572753906,11535
2026-09-17 14:28:00+00:00,161.55999755859375,161.55999755859375,161.64990234375,161.5399932861328,161.63510131835938,14429
2026-09-17 14:29:00+00:00,161.6199951171875,161.6199951171875,161.63999938964844,161.5399932861328,161.5399932861328,21015
2026-09-17 14:30:00+00:00,161.625,161.625,161.66000366210938,161.52000427246094,161.6300048828125,22253
2026-09-17 14:31:00+00:00,161.47999572753906,161.47999572753906,161.64923095703125,161.44500732421875,161.61000061035156,29441
2026-09-17 14:32:00+00:00,161.69000244140625,161.69000244140625,161.7100067138672,161.47000122070312,161.48500061035156,38968
2026-09-17 14:33:00+00:00,161.7050018310547,161.7050018310547,161.72500610351562,161.6699981689453,161.69000244140625,15581
2026-09-17 14:34:00+00:00,161.67999267578125,161.67999267578125,161.71499633789062,161.5500030517578,161.66000366210938,15352
2026-09-17 14:35:00+00:00,161.61000061035156,161.61000061035156,161.6999969482422,161.59500122070312,161.6699981689453,18845
2026-09-17 14:36:00+00:00,161.60000610351562,161.60000610351562,161.64999389648438,161.53277587890625,161.58999633789062,15894
2026-09-17 14:37:00+00:00,161.6999969482422,161.6999969482422,161.75,161.57000732421875,161.5800018310547,19102
2026-09-17 14:38:00+00:00,161.7100067138672,161.7100067138672,161.71499633789062,161.6300048828125,161.6999969482422,36407
2026-09-17 14:39:00+00:00,161.7364959716797,161.7364959716797,161.77999877929688,161.60000610351562,161.6773681640625,9307
2026-09-17 14:40:00+00:00,161.77000427246094,161.77000427246094,161.77499389648438,161.66000366210938,161.69000244140625,7189
2026-09-17 14:41:00+00:00,161.88999938964844,161.88999938964844,161.90989685058594,161.8000030517578,161.80999755859375,6273
2026-09-17 14:42:00+00:00,161.89999389648438,161.89999389648438,161.91000366210938,161.8350067138672,161.86500549316406,9998
2026-09-17 14:43:00+00:00,161.9499969482422,161.9499969482422,161.9600067138672,161.83999633789062,161.89010620117188,25080
2026-09-17 14:44:00+00:00,161.93499755859375,161.93499755859375,162.0800018310547,161.92999267578125,161.94000244140625,22590
2026-09-17 14:45:00+00:00,161.99000549316406,161.99000549316406,162.05999755859375,161.8699951171875,161.91000366210938,35984
2026-09-17 14:46:00+00:00,161.94000244140625,161.94000244140625,162.05999755859375,161.9001007080078,161.9600067138672,20961
2026-09-17 14:47:00+00:00,162.00999450683594,162.00999450683594,162.07000732421875,161.9600067138672,161.9600067138672,8103
2026-09-17 14:48:00+00:00,162.10000610351562,162.10000610351562,162.11050415039062,161.9499969482422,162.0254364013672,18029
2026-09-17 14:49:00+00:00,162.17999267578125,162.17999267578125,162.17999267578125,162.02999877929688,162.0800018310547,10354
2026-09-17 14:50:00+00:00,162.0800018310547,162.0800018310547,162.19000244140625,162.0800018310547,162.16000366210938,13069
2026-09-17 14:51:00+00:00,162.0800018310547,162.0800018310547,162.0800018310547,161.9499969482422,162.0500030517578,20961
2026-09-17 14:52:00+00:00,161.93499755859375,161.93499755859375,162.0800018310547,161.91000366210938,162.0399932861328,18309
2026-09-17 14:53:00+00:00,161.89500427246094,161.89500427246094,162.10000610351562,161.8800048828125,161.9600067138672,26030
2026-09-17 14:54:00+00:00,161.77999877929688,161.77999877929688,161.8800048828125,161.75,161.8800048828125,14141
2026-09-17 14:55:00+00:00,161.99000549316406,161.99000549316406,161.99000549316406,161.77000427246094,161.7949981689453,28119
2026-09-17 14:56:00+00:00,162.07000732421875,162.07000732421875,162.1300048828125,161.9600067138672,161.97000122070312,9086
2026-09-17 14:57:00+00:00,162.27000427246094,162.27000427246094,162.27000427246094,162.0399932861328,162.0399932861328,8409
2026-09-17 14:58:00+00:00,162.2899932861328,162.2899932861328,162.2899932861328,162.2100067138672,162.22000122070312,10574
2026-09-17 14:59:00+00:00,162.22000122070312,162.22000122070312,162.2698974609375,162.19000244140625,162.2698974609375,8146
2026-09-17 15:00:00+00:00,162.0749969482422,162.0749969482422,162.24000549316406,162.05999755859375,162.24000549316406,37229
2026-09-17 15:01:00+00:00,162.04010009765625,162.04010009765625,162.10499572753906,162.02499389648438,162.10499572753906,10067
2026-09-17 15:02:00+00:00,162.14999389648438,162.14999389648438,162.16000366210938,161.99000549316406,162.0399932861328,10692
2026-09-17 15:03:00+00:00,162.19000244140625,162.19000244140625,162.22999572753906,162.1199951171875,162.1199951171875,9903
2026-09-17 15:04:00+00:00,162.11500549316406,162.11500549316406,162.17999267578125,162.05999755859375,162.17999267578125,8436
2026-09-17 15:05:00+00:00,162.09500122070312,162.09500122070312,162.14999389648438,162.0449981689453,162.10000610351562,8886
2026-09-17 15:06:00+00:00,162.1300048828125,162.1300048828125,162.1300048828125,162.02999877929688,162.08740234375,7751
2026-09-17 15:07:00+00:00,162.13999938964844,162.13999938964844,162.18499755859375,162.02000427246094,162.10009765625,13798
2026-09-17 15:08:00+00:00,162.19000244140625,162.19000244140625,162.1999969482422,162.1199951171875,162.13999938964844,20530
2026-09-17 15:09:00+00:00,162.13999938964844,162.13999938964844,162.19000244140625,162.10000610351562,162.1750030517578,18055
2026-09-17 15:10:00+00:00,162.02999877929688,162.02999877929688,162.22000122070312,162.0,162.1300048828125,42719
2026-09-17 15:11:00+00:00,162.13999938964844,162.13999938964844,162.13999938964844,162.0,162.05999755859375,7754
2026-09-17 15:12:00+00:00,162.01010131835938,162.01010131835938,162.0500030517578,161.97000122070312,162.0500030517578,7778
2026-09-17 15:13:00+00:00,162.0,162.0,162.08999633789062,162.0,162.07000732421875,4727
2026-09-17 15:14:00+00:00,161.9499969482422,161.9499969482422,162.02499389648438,161.94000244140625,162.0,14276
2026-09-17 15:15:00+00:00,162.02999877929688,162.02999877929688,162.02999877929688,161.82000732421875,161.94000244140625,37559
2026-09-17 15:16:00+00:00,162.13499450683594,162.13499450683594,162.19500732421875,161.9600067138672,162.01499938964844,14140
2026-09-17 15:17:00+00:00,162.0399932861328,162.0399932861328,162.1300048828125,161.99000549316406,162.1300048828125,18244
2026-09-17 15:18:00+00:00,162.0,162.0,162.05999755859375,161.99000549316406,162.04010009765625,5298
2026-09-17 15:19:00+00:00,161.92999267578125,161.92999267578125,161.9739990234375,161.90499877929688,161.97000122070312,5484
2026-09-17 15:20:00+00:00,161.7899932861328,161.7899932861328,161.9600067138672,161.77999877929688,161.9199981689453,20169
2026-09-17 15:21:00+00:00,161.86000061035156,161.86000061035156,161.8699951171875,161.80999755859375,161.82000732421875,5544
2026-09-17 15:22:00+00:00,161.9550018310547,161.9550018310547,161.9550018310547,161.86500549316406,161.86500549316406,7717
2026-09-17 15:23:00+00:00,161.93499755859375,161.93499755859375,161.9550018310547,161.90499877929688,161.9550018310547,7325
2026-09-17 15:24:00+00:00,161.9550018310547,161.9550018310547,161.99000549316406,161.93499755859375,161.93499755859375,9225
2026-09-17 15:25:00+00:00,161.89999389648438,161.89999389648438,161.97999572753906,161.88999938964844,161.9499969482422,9723
2026-09-17 15:26:00+00:00,161.83999633789062,161.83999633789062,161.89500427246094,161.7899932861328,161.8800048828125,9745
2026-09-17 15:27:00+00:00,161.91000366210938,161.91000366210938,161.9149932861328,161.8350067138672,161.85000610351562,10493
2026-09-17 15:28:00+00:00,161.92999267578125,161.92999267578125,161.9499969482422,161.8800048828125,161.89999389648438,13959
2026-09-17 15:29:00+00:00,162.02499389648438,162.02499389648438,162.0449981689453,161.97000122070312,161.97000122070312,35276
2026-09-17 15:30:00+00:00,162.02499389648438,162.02499389648438,162.13499450683594,162.0,162.00999450683594,13675
2026-09-17 15:31:00+00:00,162.00999450683594,162.00999450683594,162.0500030517578,161.9499969482422,162.0050048828125,16057
2026-09-17 15:32:00+00:00,162.13999938964844,162.13999938964844,162.15499877929688,162.0,162.02000427246094,21081
2026-09-17 15:33:00+00:00,162.0500030517578,162.0500030517578,162.12010192871094,162.02000427246094,162.12010192871094,13299
2026-09-17 15:34:00+00:00,162.02000427246094,162.02000427246094,162.0500030517578,161.99220275878906,162.02999877929688,28417
2026-09-17 15:35:00+00:00,162.05999755859375,162.05999755859375,162.05999755859375,161.97999572753906,162.02499389648438,24924
2026-09-17 15:36:00+00:00,161.98500061035156,161.98500061035156,162.02999877929688,161.97000122070312,162.0,21820
2026-09-17 15:37:00+00:00,161.83999633789062,161.83999633789062,162.02000427246094,161.8249969482422,161.97500610351562,51941
2026-09-17 15:38:00+00:00,161.8383331298828,161.8383331298828,161.88999938964844,161.80999755859375,161.88999938964844,5674
2026-09-17 15:39:00+00:00,161.9499969482422,161.9499969482422,161.9600067138672,161.8000030517578,161.83999633789062,18260
2026-09-17 15:40:00+00:00,161.97999572753906,161.97999572753906,161.97999572753906,161.9149932861328,161.94000244140625,13832
2026-09-17 15:41:00+00:00,161.9600067138672,161.9600067138672,162.02000427246094,161.9499969482422,161.9499969482422,5160
2026-09-17 15:42:00+00:00,162.00999450683594,162.00999450683594,162.10499572753906,161.9499969482422,161.9499969482422,41375
2026-09-17 15:43:00+00:00,161.94000244140625,161.94000244140625,162.0800018310547,161.94000244140625,162.0449981689453,8009
2026-09-17 15:44:00+00:00,162.01499938964844,162.01499938964844,162.0399932861328,161.92010498046875,161.92010498046875,30687
2026-09-17 15:45:00+00:00,161.9199981689453,161.9199981689453,162.02499389648438,161.9199981689453,162.02499389648438,7052
2026-09-17 15:46:00+00:00,161.90989685058594,161.90989685058594,161.97000122070312,161.8800048828125,161.9499969482422,9151
2026-09-17 15:47:00+00:00,161.8800048828125,161.8800048828125,161.94000244140625,161.8699951171875,161.88999938964844,14264
2026-09-17 15:48:00+00:00,161.85000610351562,161.85000610351562,161.91000366210938,161.80999755859375,161.8800048828125,20464
2026-09-17 15:49:00+00:00,161.89999389648438,161.89999389648438,161.89999389648438,161.8000030517578,161.8300018310547,8127
2026-09-17 15:50:00+00:00,161.8800048828125,161.8800048828125,161.97999572753906,161.8800048828125,161.90499877929688,15945
2026-09-17 15:51:00+00:00,161.98500061035156,161.98500061035156,162.0,161.8800048828125,161.8800048828125,6863
2026-09-17 15:52:00+00:00,161.96499633789062,161.96499633789062,161.97500610351562,161.88499450683594,161.9600067138672,13369
2026-09-17 15:53:00+00:00,161.8925018310547,161.8925018310547,161.99000549316406,161.88499450683594,161.9600067138672,13413
2026-09-17 15:54:00+00:00,161.8800048828125,161.8800048828125,161.9149932861328,161.84530639648438,161.88499450683594,5753
2026-09-17 15:55:00+00:00,161.875,161.875,161.89999389648438,161.875,161.89999389648438,3198
2026-09-17 15:56:00+00:00,161.86000061035156,161.86000061035156,161.90679931640625,161.86000061035156,161.89500427246094,3187
2026-09-17 15:57:00+00:00,161.86000061035156,161.86000061035156,161.91000366210938,161.83999633789062,161.85000610351562,7026
2026-09-17 15:58:00+00:00,161.82000732421875,161.82000732421875,161.8800048828125,161.82000732421875,161.8800048828125,14248
2026-09-17 15:59:00+00:00,161.91000366210938,161.91000366210938,161.91000366210938,161.8300018310547,161.8699951171875,9060
2026-09-17 16:00:00+00:00,161.8905029296875,161.8905029296875,161.9499969482422,161.8905029296875,161.91000366210938,17688
2026-09-17 16:01:00+00:00,161.72999572753906,161.72999572753906,161.88999938964844,161.72999572753906,161.8800048828125,47854
2026-09-17 16:02:00+00:00,161.75,161.75,161.7899932861328,161.72000122070312,161.72000122070312,9048
2026-09-17 16:03:00+00:00,161.8350067138672,161.8350067138672,161.8350067138672,161.75,161.77999877929688,16570
2026-09-17 16:04:00+00:00,161.83999633789062,161.83999633789062,161.83999633789062,161.8000030517578,161.80999755859375,3800
2026-09-17 16:05:00+00:00,161.83999633789062,161.83999633789062,161.8699951171875,161.78500366210938,161.8300018310547,17443
2026-09-17 16:06:00+00:00,161.86000061035156,161.86000061035156,161.88999938964844,161.77999877929688,161.8300018310547,7550
2026-09-17 16:07:00+00:00,161.86000061035156,161.86000061035156,161.88499450683594,161.85000610351562,161.8699951171875,6632
2026-09-17 16:08:00+00:00,162.02000427246094,162.02000427246094,162.02999877929688,161.85000610351562,161.8699951171875,62056
2026-09-17 16:09:00+00:00,162.03500366210938,162.03500366210938,162.0500030517578,161.97999572753906,162.0,10506
2026-09-17 16:10:00+00:00,161.9949951171875,161.9949951171875,162.00999450683594,161.9600067138672,162.00999450683594,7846
2026-09-17 16:11:00+00:00,161.89500427246094,161.89500427246094,162.0399932861328,161.88499450683594,162.00999450683594,10195
2026-09-17 16:12:00+00:00,161.83599853515625,161.83599853515625,161.89999389648438,161.80999755859375,161.88499450683594,20180
2026-09-17 16:13:00+00:00,161.80499267578125,161.80499267578125,161.82000732421875,161.7899932861328,161.81500244140625,6890
2026-09-17 16:14:00+00:00,161.8300018310547,161.8300018310547,161.83999633789062,161.8000030517578,161.80499267578125,12095
2026-09-17 16:15:00+00:00,162.0,162.0,162.02999877929688,161.8300018310547,161.8300018310547,14705
2026-09-17 16:16:00+00:00,162.0749969482422,162.0749969482422,162.0749969482422,161.88999938964844,161.99000549316406,13394
2026-09-17 16:17:00+00:00,162.05999755859375,162.05999755859375,162.1300048828125,162.0399932861328,162.10000610351562,11853
2026-09-17 16:18:00+00:00,162.05999755859375,162.05999755859375,162.0749969482422,161.9949951171875,162.05999755859375,34612
2026-09-17 16:19:00+00:00,162.02999877929688,162.02999877929688,162.0399932861328,161.9600067138672,162.0399932861328,9546
2026-09-17 16:20:00+00:00,161.93499755859375,161.93499755859375,162.01499938964844,161.89999389648438,162.01499938964844,11154
2026-09-17 16:21:00+00:00,162.0050048828125,162.0050048828125,162.00999450683594,161.94000244140625,161.94000244140625,8079
2026-09-17 16:22:00+00:00,161.97500610351562,161.97500610351562,162.00999450683594,161.97500610351562,162.00999450683594,9622
2026-09-17 16:23:00+00:00,161.89500427246094,161.89500427246094,161.97000122070312,161.8699951171875,161.97000122070312,258152
2026-09-17 16:24:00+00:00,161.88999938964844,161.88999938964844,161.94000244140625,161.86000061035156,161.91990661621094,22525
2026-09-17 16:25:00+00:00,162.00999450683594,162.00999450683594,162.0299072265625,161.89999389648438,161.89999389648438,16734
2026-09-17 16:26:00+00:00,162.0500030517578,162.0500030517578,162.0592498779297,162.00799560546875,162.02499389648438,8847
2026-09-17 16:27:00+00:00,162.14999389648438,162.14999389648438,162.14999389648438,162.0800018310547,162.11000061035156,3529
2026-09-17 16:28:00+00:00,162.0800018310547,162.0800018310547,162.2100067138672,162.0800018310547,162.14999389648438,13547
2026-09-17 16:29:00+00:00,162.12950134277344,162.12950134277344,162.12950134277344,162.08999633789062,162.10000610351562,2092
2026-09-17 16:30:00+00:00,162.16000366210938,162.16000366210938,162.26499938964844,162.16000366210938,162.1649932861328,30922
2026-09-17 16:31:00+00:00,162.31480407714844,162.31480407714844,162.31480407714844,162.16000366210938,162.16000366210938,8477
2026-09-17 16:32:00+00:00,162.360107421875,162.360107421875,162.3800048828125,162.25999450683594,162.30999755859375,50324
2026-09-17 16:33:00+00:00,162.47000122070312,162.47000122070312,162.48989868164062,162.36000061035156,162.39500427246094,10080
2026-09-17 16:34:00+00:00,162.38999938964844,162.38999938964844,162.48500061035156,162.3800048828125,162.46499633789062,17454
2026-09-17 16:35:00+00:00,162.32000732421875,162.32000732421875,162.52999877929688,162.30999755859375,162.375,35866
2026-09-17 16:36:00+00:00,162.17999267578125,162.17999267578125,162.30499267578125,162.16000366210938,162.2899932861328,14316
2026-09-17 16:37:00+00:00,162.19000244140625,162.19000244140625,162.25999450683594,162.1699981689453,162.2100067138672,9595
2026-09-17 16:38:00+00:00,162.14999389648438,162.14999389648438,162.1999969482422,162.1300048828125,162.16000366210938,11596
2026-09-17 16:39:00+00:00,162.16000366210938,162.16000366210938,162.19000244140625,162.1300048828125,162.19000244140625,10896
2026-09-17 16:40:00+00:00,162.19000244140625,162.19000244140625,162.19500732421875,162.1300048828125,162.14999389648438,7771
2026-09-17 16:41:00+00:00,162.25,162.25,162.25,162.16000366210938,162.17999267578125,13692
2026-09-17 16:42:00+00:00,162.27000427246094,162.27000427246094,162.35989379882812,162.27000427246094,162.30999755859375,7405
2026-09-17 16:43:00+00:00,162.3000030517578,162.3000030517578,162.35499572753906,162.26010131835938,162.35000610351562,46631
2026-09-17 16:44:00+00:00,162.25999450683594,162.25999450683594,162.32000732421875,162.25,162.2899932861328,21958
2026-09-17 16:45:00+00:00,162.2449951171875,162.2449951171875,162.27000427246094,162.210693359375,162.27000427246094,3462
2026-09-17 16:46:00+00:00,162.25999450683594,162.25999450683594,162.27000427246094,162.23500061035156,162.23500061035156,8214
2026-09-17 16:47:00+00:00,162.26759338378906,162.26759338378906,162.30039978027344,162.25,162.2550048828125,7141
2026-09-17 16:48:00+00:00,162.32000732421875,162.32000732421875,162.32000732421875,162.27999877929688,162.27999877929688,7594
2026-09-17 16:49:00+00:00,162.2899932861328,162.2899932861328,162.32260131835938,162.2899932861328,162.2899932861328,30843
2026-09-17 16:50:00+00:00,162.39999389648438,162.39999389648438,162.39999389648438,162.3000030517578,162.32000732421875,14690
2026-09-17 16:51:00+00:00,162.4250030517578,162.4250030517578,162.42999267578125,162.35499572753906,162.38999938964844,8383
2026-09-17 16:52:00+00:00,162.4550018310547,162.4550018310547,162.4550018310547,162.41000366210938,162.41000366210938,5249
2026-09-17 16:53:00+00:00,162.4199981689453,162.4199981689453,162.5290069580078,162.4199981689453,162.4550018310547,37122
2026-09-17 16:54:00+00:00,162.32000732421875,162.32000732421875,162.4600067138672,162.32000732421875,162.44000244140625,7052
2026-09-17 16:55:00+00:00,162.5399932861328,162.5399932861328,162.57000732421875,162.30999755859375,162.3300018310547,21942
2026-09-17 16:56:00+00:00,162.48500061035156,162.48500061035156,162.52999877929688,162.4499969482422,162.52999877929688,4760
2026-09-17 16:57:00+00:00,162.53500366210938,162.53500366210938,162.5399932861328,162.4199981689453,162.4600067138672,10818
2026-09-17 16:58:00+00:00,162.5399932861328,162.5399932861328,162.5399932861328,162.47000122070312,162.52999877929688,5136
2026-09-17 16:59:00+00:00,162.61000061035156,162.61000061035156,162.62249755859375,162.5500030517578,162.55880737304688,9322
2026-09-17 17:00:00+00:00,162.4250030517578,162.4250030517578,162.610107421875,162.39999389648438,162.61000061035156,18242
2026-09-17 17:01:00+00:00,162.48500061035156,162.48500061035156,162.5699005126953,162.42999267578125,162.4499969482422,21726
2026-09-17 17:02:00+00:00,162.4550018310547,162.4550018310547,162.50999450683594,162.44500732421875,162.5,6545
2026-09-17 17:03:00+00:00,162.40499877929688,162.40499877929688,162.46499633789062,162.375,162.4600067138672,11896
2026-09-17 17:04:00+00:00,162.40989685058594,162.40989685058594,162.42999267578125,162.3800048828125,162.4199981689453,8813
2026-09-17 17:05:00+00:00,162.47999572753906,162.47999572753906,162.47999572753906,162.33999633789062,162.38009643554688,13849
2026-09-17 17:06:00+00:00,162.4949951171875,162.4949951171875,162.52000427246094,162.47000122070312,162.52000427246094,7671
2026-09-17 17:07:00+00:00,162.48939514160156,162.48939514160156,162.5,162.4499969482422,162.5,5337
2026-09-17 17:08:00+00:00,162.4604949951172,162.4604949951172,162.52000427246094,162.4604949951172,162.5,14135
2026-09-17 17:09:00+00:00,162.47000122070312,162.47000122070312,162.48989868164062,162.4600067138672,162.4799041748047,3860
2026-09-17 17:10:00+00:00,162.49000549316406,162.49000549316406,162.52999877929688,162.4550018310547,162.4600067138672,8855
2026-09-17 17:11:00+00:00,162.55499267578125,162.55499267578125,162.57000732421875,162.5,162.5050048828125,13668
2026-09-17 17:12:00+00:00,162.61000061035156,162.61000061035156,162.61000061035156,162.54010009765625,162.57000732421875,9093
2026-09-17 17:13:00+00:00,162.5800018310547,162.5800018310547,162.61000061035156,162.5500030517578,162.58999633789062,5537
2026-09-17 17:14:00+00:00,162.67999267578125,162.67999267578125,162.67999267578125,162.58999633789062,162.58999633789062,5028
2026-09-17 17:15:00+00:00,162.64500427246094,162.64500427246094,162.6999969482422,162.63999938964844,162.67999267578125,18492
2026-09-17 17:16:00+00:00,162.67999267578125,162.67999267578125,162.71499633789062,162.63900756835938,162.63900756835938,4806
2026-09-17 17:17:00+00:00,162.66000366210938,162.66000366210938,162.7100067138672,162.66000366210938,162.6999969482422,4311
2026-09-17 17:18:00+00:00,162.67250061035156,162.67250061035156,162.72000122070312,162.6699981689453,162.6699981689453,15289
2026-09-17 17:19:00+00:00,162.7449951171875,162.7449951171875,162.77000427246094,162.6649932861328,162.6649932861328,5985
2026-09-17 17:20:00+00:00,162.6649932861328,162.6649932861328,162.7449951171875,162.61000061035156,162.7449951171875,12257
2026-09-17 17:21:00+00:00,162.67999267578125,162.67999267578125,162.7100067138672,162.66000366210938,162.67999267578125,10666
2026-09-17 17:22:00+00:00,162.6999969482422,162.6999969482422,162.72000122070312,162.66000366210938,162.69000244140625,6167
2026-09-17 17:23:00+00:00,162.75999450683594,162.75999450683594,162.75999450683594,162.6999969482422,162.6999969482422,5415
2026-09-17 17:24:00+00:00,162.77499389648438,162.77499389648438,162.8000030517578,162.74000549316406,162.7550048828125,5911
2026-09-17 17:25:00+00:00,162.74000549316406,162.74000549316406,162.77999877929688,162.74000549316406,162.7700958251953,3264
2026-09-17 17:26:00+00:00,162.83999633789062,162.83999633789062,162.83999633789062,162.72000122070312,162.72999572753906,7302
2026-09-17 17:27:00+00:00,162.85499572753906,162.85499572753906,162.85499572753906,162.8000030517578,162.8300018310547,7388
2026-09-17 17:28:00+00:00,162.85000610351562,162.85000610351562,162.8800048828125,162.83999633789062,162.85499572753906,9128
2026-09-17 17:29:00+00:00,162.8300018310547,162.8300018310547,162.86000061035156,162.8300018310547,162.85499572753906,7798
2026-09-17 17:30:00+00:00,162.80999755859375,162.80999755859375,162.83999633789062,162.80499267578125,162.81199645996094,5029
2026-09-17 17:31:00+00:00,162.7899932861328,162.7899932861328,162.80999755859375,162.6999969482422,162.80999755859375,21525
2026-09-17 17:32:00+00:00,162.7100067138672,162.7100067138672,162.78500366210938,162.7100067138672,162.78500366210938,9344
2026-09-17 17:33:00+00:00,162.72999572753906,162.72999572753906,162.74000549316406,162.7008056640625,162.7100067138672,11234
2026-09-17 17:34:00+00:00,162.73289489746094,162.73289489746094,162.75,162.69000244140625,162.7050018310547,11768
2026-09-17 17:35:00+00:00,162.7100067138672,162.7100067138672,162.74000549316406,162.7100067138672,162.72500610351562,5992
2026-09-17 17:36:00+00:00,162.72999572753906,162.72999572753906,162.73500061035156,162.69000244140625,162.7050018310547,10093
2026-09-17 17:37:00+00:00,162.66000366210938,162.66000366210938,162.75,162.63999938964844,162.7100067138672,34266
2026-09-17 17:38:00+00:00,162.69000244140625,162.69000244140625,162.69400024414062,162.6699981689453,162.69000244140625,5329
2026-09-17 17:39:00+00:00,162.67999267578125,162.67999267578125,162.69000244140625,162.64999389648438,162.68499755859375,8911
2026-09-17 17:40:00+00:00,162.6699981689453,162.6699981689453,162.6999969482422,162.66000366210938,162.67999267578125,6870
2026-09-17 17:41:00+00:00,162.67999267578125,162.67999267578125,162.7100067138672,162.67999267578125,162.69000244140625,4278
2026-09-17 17:42:00+00:00,162.61000061035156,162.61000061035156,162.64999389648438,162.61000061035156,162.64999389648438,8923
2026-09-17 17:43:00+00:00,162.61000061035156,162.61000061035156,162.6300048828125,162.59010314941406,162.60000610351562,6059
2026-09-17 17:44:00+00:00,162.61000061035156,162.61000061035156,162.66000366210938,162.60049438476562,162.60049438476562,8246
2026-09-17 17:45:00+00:00,162.6699981689453,162.6699981689453,162.6699981689453,162.57000732421875,162.61500549316406,6627
2026-09-17 17:46:00+00:00,162.6999969482422,162.6999969482422,162.72000122070312,162.64999389648438,162.66000366210938,9086
2026-09-17 17:47:00+00:00,162.68499755859375,162.68499755859375,162.72999572753906,162.68499755859375,162.71499633789062,11852
2026-09-17 17:48:00+00:00,162.72000122070312,162.72000122070312,162.72000122070312,162.66000366210938,162.67999267578125,21894
2026-09-17 17:49:00+00:00,162.73500061035156,162.73500061035156,162.73500061035156,162.69000244140625,162.71499633789062,10470
2026-09-17 17:50:00+00:00,162.67999267578125,162.67999267578125,162.75999450683594,162.67999267578125,162.74000549316406,19268
2026-09-17 17:51:00+00:00,162.72999572753906,162.72999572753906,162.72999572753906,162.69000244140625,162.7100067138672,5595
2026-09-17 17:52:00+00:00,162.75,162.75,162.75,162.72720336914062,162.74000549316406,3912
2026-09-17 17:53:00+00:00,162.75,162.75,162.77000427246094,162.74000549316406,162.76158142089844,5819
2026-09-17 17:54:00+00:00,162.80499267578125,162.80499267578125,162.80499267578125,162.74000549316406,162.77999877929688,12864
2026-09-17 17:55:00+00:00,162.8350067138672,162.8350067138672,162.85000610351562,162.7899932861328,162.80499267578125,14809
2026-09-17 17:56:00+00:00,162.860107421875,162.860107421875,162.8699951171875,162.82000732421875,162.84500122070312,10672
2026-09-17 17:57:00+00:00,162.8300018310547,162.8300018310547,162.8800048828125,162.8300018310547,162.8800048828125,5385
2026-09-17 17:58:00+00:00,162.85000610351562,162.85000610351562,162.85000610351562,162.80499267578125,162.8300018310547,9395
2026-09-17 17:59:00+00:00,162.9199981689453,162.9199981689453,162.9199981689453,162.80999755859375,162.86000061035156,9749
2026-09-17 18:00:00+00:00,162.96499633789062,162.96499633789062,162.97500610351562,162.92999267578125,162.92999267578125,20201
2026-09-17 18:01:00+00:00,163.00999450683594,163.00999450683594,163.00999450683594,162.91000366210938,162.96499633789062,32489
2026-09-17 18:02:00+00:00,162.98190307617188,162.98190307617188,163.0500030517578,162.97000122070312,163.0,20010
2026-09-17 18:03:00+00:00,163.0500030517578,163.0500030517578,163.0500030517578,162.97500610351562,163.0,8806
2026-09-17 18:04:00+00:00,162.97999572753906,162.97999572753906,163.0500030517578,162.97500610351562,163.0500030517578,20695
2026-09-17 18:05:00+00:00,162.88999938964844,162.88999938964844,162.9600067138672,162.85499572753906,162.9600067138672,29959
2026-09-17 18:06:00+00:00,162.90499877929688,162.90499877929688,162.90499877929688,162.8300018310547,162.84010314941406,21259
2026-09-17 18:07:00+00:00,162.83999633789062,162.83999633789062,162.89999389648438,162.83999633789062,162.89500427246094,9610
2026-09-17 18:08:00+00:00,162.80999755859375,162.80999755859375,162.86000061035156,162.75,162.85000610351562,12372
2026-09-17 18:09:00+00:00,162.85000610351562,162.85000610351562,162.85000610351562,162.77999877929688,162.82000732421875,7286
2026-09-17 18:10:00+00:00,162.83999633789062,162.83999633789062,162.85000610351562,162.80740356445312,162.81500244140625,5475
2026-09-17 18:11:00+00:00,162.8699951171875,162.8699951171875,162.89500427246094,162.8350067138672,162.85000610351562,8116
2026-09-17 18:12:00+00:00,162.92999267578125,162.92999267578125,162.92999267578125,162.88999938964844,162.88999938964844,5704
2026-09-17 18:13:00+00:00,162.90499877929688,162.90499877929688,162.9250030517578,162.85000610351562,162.9250030517578,8867
2026-09-17 18:14:00+00:00,162.9250030517578,162.9250030517578,162.94500732421875,162.91000366210938,162.9149932861328,5081
2026-09-17 18:15:00+00:00,163.00999450683594,163.00999450683594,163.02999877929688,162.9250030517578,162.9250030517578,11153
2026-09-17 18:16:00+00:00,163.04510498046875,163.04510498046875,163.04510498046875,162.99000549316406,163.02999877929688,6586
2026-09-17 18:17:00+00:00,163.0399932861328,163.0399932861328,163.0500030517578,163.01499938964844,163.0500030517578,6476
2026-09-17 18:18:00+00:00,163.0500030517578,163.0500030517578,163.0500030517578,163.0301055908203,163.03500366210938,4251
2026-09-17 18:19:00+00:00,163.01499938964844,163.01499938964844,163.05999755859375,162.99000549316406,163.0500030517578,18346
2026-09-17 18:20:00+00:00,163.0,163.0,163.0,162.95651245117188,163.0,7584
2026-09-17 18:21:00+00:00,162.9499969482422,162.9499969482422,162.97000122070312,162.92010498046875,162.97000122070312,10412
2026-09-17 18:22:00+00:00,162.8800048828125,162.8800048828125,162.92999267578125,162.86500549316406,162.9199981689453,7541
2026-09-17 18:23:00+00:00,162.85499572753906,162.85499572753906,162.8800048828125,162.83999633789062,162.875,4665
2026-09-17 18:24:00+00:00,162.91000366210938,162.91000366210938,162.93499755859375,162.86000061035156,162.86000061035156,8944
2026-09-17 18:25:00+00:00,162.8000030517578,162.8000030517578,162.88999938964844,162.7801055908203,162.88999938964844,16099
2026-09-17 18:26:00+00:00,162.8800048828125,162.8800048828125,162.8800048828125,162.8000030517578,162.8000030517578,7114
2026-09-17 18:27:00+00:00,162.9199981689453,162.9199981689453,162.9199981689453,162.8699951171875,162.88499450683594,7062
2026-09-17 18:28:00+00:00,162.9600067138672,162.9600067138672,162.9600067138672,162.88999938964844,162.9199981689453,8426
2026-09-17 18:29:00+00:00,162.9600067138672,162.9600067138672,162.99000549316406,162.94000244140625,162.9550018310547,7182
2026-09-17 18:30:00+00:00,162.9149932861328,162.9149932861328,162.97000122070312,162.89999389648438,162.97000122070312,24394
2026-09-17 18:31:00+00:00,162.8800048828125,162.8800048828125,162.91990661621094,162.83999633789062,162.9149932861328,11184
2026-09-17 18:32:00+00:00,162.89999389648438,162.89999389648438,162.91000366210938,162.88999938964844,162.88999938964844,8723
2026-09-17 18:33:00+00:00,162.7700958251953,162.7700958251953,162.89999389648438,162.7700958251953,162.89999389648438,11620
2026-09-17 18:34:00+00:00,162.77999877929688,162.77999877929688,162.82000732421875,162.75999450683594,162.8000030517578,6128
2026-09-17 18:35:00+00:00,162.73500061035156,162.73500061035156,162.77999877929688,162.73500061035156,162.77999877929688,7372
2026-09-17 18:36:00+00:00,162.72500610351562,162.72500610351562,162.75,162.69110107421875,162.74000549316406,13762
2026-09-17 18:37:00+00:00,162.78250122070312,162.78250122070312,162.7899932861328,162.7100067138672,162.72500610351562,9815
2026-09-17 18:38:00+00:00,162.71499633789062,162.71499633789062,162.78500366210938,162.71499633789062,162.78500366210938,20356
2026-09-17 18:39:00+00:00,162.71499633789062,162.71499633789062,162.73500061035156,162.7100067138672,162.71009826660156,8079
2026-09-17 18:40:00+00:00,162.67999267578125,162.67999267578125,162.7100067138672,162.64999389648438,162.7050018310547,12804
2026-09-17 18:41:00+00:00,162.57000732421875,162.57000732421875,162.6300048828125,162.55999755859375,162.6300048828125,23846
2026-09-17 18:42:00+00:00,162.6013946533203,162.6013946533203,162.6199951171875,162.55999755859375,162.57000732421875,9591
2026-09-17 18:43:00+00:00,162.64999389648438,162.64999389648438,162.6699981689453,162.61000061035156,162.61000061035156,5371
2026-09-17 18:44:00+00:00,162.625,162.625,162.6750030517578,162.625,162.64999389648438,12072
2026-09-17 18:45:00+00:00,162.64500427246094,162.64500427246094,162.64500427246094,162.59010314941406,162.6199951171875,7853
2026-09-17 18:46:00+00:00,162.72500610351562,162.72500610351562,162.72500610351562,162.6331024169922,162.6331024169922,3507
2026-09-17 18:47:00+00:00,162.78500366210938,162.78500366210938,162.78500366210938,162.7135009765625,162.74000549316406,8928
2026-09-17 18:48:00+00:00,162.82000732421875,162.82000732421875,162.83999633789062,162.77499389648438,162.77499389648438,4968
2026-09-17 18:49:00+00:00,162.8800048828125,162.8800048828125,162.88999938964844,162.80999755859375,162.8101043701172,11242
2026-09-17 18:50:00+00:00,162.8300018310547,162.8300018310547,162.875,162.8300018310547,162.86050415039062,7965
2026-09-17 18:51:00+00:00,162.7949981689453,162.7949981689453,162.82000732421875,162.7606964111328,162.82000732421875,13415
2026-09-17 18:52:00+00:00,162.75999450683594,162.75999450683594,162.80499267578125,162.75999450683594,162.80499267578125,5664
2026-09-17 18:53:00+00:00,162.72999572753906,162.72999572753906,162.77000427246094,162.72000122070312,162.75,10044
2026-09-17 18:54:00+00:00,162.69000244140625,162.69000244140625,162.74000549316406,162.69000244140625,162.7100067138672,9022
2026-09-17 18:55:00+00:00,162.72500610351562,162.72500610351562,162.72999572753906,162.69000244140625,162.69500732421875,2503
2026-09-17 18:56:00+00:00,162.7899932861328,162.7899932861328,162.7899932861328,162.75,162.75999450683594,7432
2026-09-17 18:57:00+00:00,162.84500122070312,162.84500122070312,162.86000061035156,162.77999877929688,162.77999877929688,8094
2026-09-17 18:58:00+00:00,162.85000610351562,162.85000610351562,162.86000061035156,162.82000732421875,162.85499572753906,5791
2026-09-17 18:59:00+00:00,162.84500122070312,162.84500122070312,162.8800048828125,162.82000732421875,162.85000610351562,32576
2026-09-17 19:00:00+00:00,162.9250030517578,162.9250030517578,162.9250030517578,162.77999877929688,162.8300018310547,14799
2026-09-17 19:01:00+00:00,162.86000061035156,162.86000061035156,162.9149932861328,162.85000610351562,162.9149932861328,5977
2026-09-17 19:02:00+00:00,162.875,162.875,162.875,162.8000030517578,162.86500549316406,8595
2026-09-17 19:03:00+00:00,162.81500244140625,162.81500244140625,162.8699951171875,162.8000030517578,162.86000061035156,9514
2026-09-17 19:04:00+00:00,162.83999633789062,162.83999633789062,162.8699951171875,162.82009887695312,162.8300018310547,4663
2026-09-17 19:05:00+00:00,162.86000061035156,162.86000061035156,162.86000061035156,162.8000030517578,162.83999633789062,11415
2026-09-17 19:06:00+00:00,162.91000366210938,162.91000366210938,162.91000366210938,162.84500122070312,162.86000061035156,4868
2026-09-17 19:07:00+00:00,162.8000030517578,162.8000030517578,162.91000366210938,162.77000427246094,162.91000366210938,19637
2026-09-17 19:08:00+00:00,162.86000061035156,162.86000061035156,162.86000061035156,162.7801055908203,162.81500244140625,4491
2026-09-17 19:09:00+00:00,162.87820434570312,162.87820434570312,162.87820434570312,162.8300018310547,162.83999633789062,6848
2026-09-17 19:10:00+00:00,162.8800048828125,162.8800048828125,162.9199981689453,162.8800048828125,162.88499450683594,16552
2026-09-17 19:11:00+00:00,162.89010620117188,162.89010620117188,162.9199981689453,162.88999938964844,162.90499877929688,6769
2026-09-17 19:12:00+00:00,162.88999938964844,162.88999938964844,162.91000366210938,162.8751983642578,162.91000366210938,4659
2026-09-17 19:13:00+00:00,162.78680419921875,162.78680419921875,162.88999938964844,162.78680419921875,162.88999938964844,18009
2026-09-17 19:14:00+00:00,162.72000122070312,162.72000122070312,162.80999755859375,162.72000122070312,162.80999755859375,8436
2026-09-17 19:15:00+00:00,162.8300018310547,162.8300018310547,162.85499572753906,162.6999969482422,162.6999969482422,8498
2026-09-17 19:16:00+00:00,162.90499877929688,162.90499877929688,162.90499877929688,162.80999755859375,162.8300018310547,7032
2026-09-17 19:17:00+00:00,162.84500122070312,162.84500122070312,162.91000366210938,162.83999633789062,162.91000366210938,9938
2026-09-17 19:18:00+00:00,162.85000610351562,162.85000610351562,162.875,162.82150268554688,162.84500122070312,10811
2026-09-17 19:19:00+00:00,162.8699951171875,162.8699951171875,162.8699951171875,162.8000030517578,162.8300018310547,9056
2026-09-17 19:20:00+00:00,162.80499267578125,162.80499267578125,162.86000061035156,162.8000030517578,162.86000061035156,13969
2026-09-17 19:21:00+00:00,162.8000030517578,162.8000030517578,162.86000061035156,162.8000030517578,162.80999755859375,9627
2026-09-17 19:22:00+00:00,162.77499389648438,162.77499389648438,162.8000030517578,162.77000427246094,162.7707977294922,14580
2026-09-17 19:23:00+00:00,162.77000427246094,162.77000427246094,162.7899932861328,162.7550048828125,162.7899932861328,8063
2026-09-17 19:24:00+00:00,162.75999450683594,162.75999450683594,162.77000427246094,162.7100067138672,162.77000427246094,11433
2026-09-17 19:25:00+00:00,162.82000732421875,162.82000732421875,162.82000732421875,162.75,162.76499938964844,12248
2026-09-17 19:26:00+00:00,162.75,162.75,162.82400512695312,162.72999572753906,162.80999755859375,16615
2026-09-17 19:27:00+00:00,162.72000122070312,162.72000122070312,162.77000427246094,162.72000122070312,162.75,6626
2026-09-17 19:28:00+00:00,162.7111053466797,162.7111053466797,162.75,162.69000244140625,162.72999572753906,17649
2026-09-17 19:29:00+00:00,162.8000030517578,162.8000030517578,162.8000030517578,162.7100067138672,162.72000122070312,11954
2026-09-17 19:30:00+00:00,162.85499572753906,162.85499572753906,162.85499572753906,162.7899932861328,162.7899932861328,22223
2026-09-17 19:31:00+00:00,162.86000061035156,162.86000061035156,162.89999389648438,162.83999633789062,162.85000610351562,11460
2026-09-17 19:32:00+00:00,162.83999633789062,162.83999633789062,162.88499450683594,162.8300018310547,162.875,12290
2026-09-17 19:33:00+00:00,162.85000610351562,162.85000610351562,162.86000061035156,162.8000030517578,162.8300018310547,10530
2026-09-17 19:34:00+00:00,162.87010192871094,162.87010192871094,162.88999938964844,162.83999633789062,162.85499572753906,8123
2026-09-17 19:35:00+00:00,162.8800048828125,162.8800048828125,162.89999389648438,162.8699951171875,162.8800048828125,12656
2026-09-17 19:36:00+00:00,162.89999389648438,162.89999389648438,162.91000366210938,162.88999938964844,162.90989685058594,20569
2026-09-17 19:37:00+00:00,162.99000549316406,162.99000549316406,162.99000549316406,162.89019775390625,162.8941192626953,47507
2026-09-17 19:38:00+00:00,163.0,163.0,163.0063934326172,162.97000122070312,162.99000549316406,21952
2026-09-17 19:39:00+00:00,162.9600067138672,162.9600067138672,162.97999572753906,162.92999267578125,162.97999572753906,18831
2026-09-17 19:40:00+00:00,162.99049377441406,162.99049377441406,163.0,162.94960021972656,162.96499633789062,16812
2026-09-17 19:41:00+00:00,163.0,163.0,163.03500366210938,162.99009704589844,163.0,14439
2026-09-17 19:42:00+00:00,162.97000122070312,162.97000122070312,163.02499389648438,162.95010375976562,162.99000549316406,25276
2026-09-17 19:43:00+00:00,163.02000427246094,163.02000427246094,163.0399932861328,162.97999572753906,162.985107421875,9884
2026-09-17 19:44:00+00:00,163.0,163.0,163.0399932861328,163.0,163.00999450683594,24499
2026-09-17 19:45:00+00:00,162.94000244140625,162.94000244140625,163.00999450683594,162.9199981689453,163.0,32335
2026-09-17 19:46:00+00:00,162.92999267578125,162.92999267578125,162.9499969482422,162.91000366210938,162.92999267578125,16991
2026-09-17 19:47:00+00:00,162.9499969482422,162.9499969482422,162.9600067138672,162.92999267578125,162.92999267578125,16524
2026-09-17 19:48:00+00:00,162.97999572753906,162.97999572753906,162.99000549316406,162.94000244140625,162.9499969482422,50244
2026-09-17 19:49:00+00:00,162.88499450683594,162.88499450683594,162.97000122070312,162.88499450683594,162.97000122070312,25834
2026-09-17 19:50:00+00:00,162.97000122070312,162.97000122070312,163.0,162.8699951171875,162.87210083007812,32158
2026-09-17 19:51:00+00:00,163.02999877929688,163.02999877929688,163.0500030517578,162.92999267578125,162.9600067138672,39797
2026-09-17 19:52:00+00:00,163.02000427246094,163.02000427246094,163.0500030517578,162.9949951171875,163.02999877929688,33685
2026-09-17 19:53:00+00:00,163.1699981689453,163.1699981689453,163.1699981689453,163.01499938964844,163.01499938964844,25242
2026-09-17 19:54:00+00:00,163.2100067138672,163.2100067138672,163.22999572753906,163.1300048828125,163.14999389648438,32445
2026-09-17 19:55:00+00:00,163.24000549316406,163.24000549316406,163.34500122070312,163.22000122070312,163.22000122070312,550841
2026-09-17 19:56:00+00:00,163.2899932861328,163.2899932861328,163.3056182861328,163.19000244140625,163.24000549316406,45785
2026-09-17 19:57:00+00:00,163.25999450683594,163.25999450683594,163.34500122070312,163.25,163.30999755859375,60493
2026-09-17 19:58:00+00:00,163.23500061035156,163.23500061035156,163.38499450683594,163.22000122070312,163.27000427246094,122782
2026-09-17 19:59:00+00:00,163.25999450683594,163.25999450683594,163.3300018310547,163.23370361328125,163.25,163383
2026-09-18 13:30:00+00:00,162.5,162.5,162.86000061035156,162.5,162.5,88155
2026-09-18 13:32:00+00:00,162.99000549316406,162.99000549316406,162.99000549316406,162.41000366210938,162.67999267578125,2933
2026-09-18 13:33:00+00:00,163.05999755859375,163.05999755859375,163.39999389648438,162.75,162.75,3544786
2026-09-18 13:34:00+00:00,162.5500030517578,162.5500030517578,163.23500061035156,162.5399932861328,163.10000610351562,45267
2026-09-18 13:35:00+00:00,162.68960571289062,162.68960571289062,162.79989624023438,162.4499969482422,162.5,32099
2026-09-18 13:36:00+00:00,162.2550048828125,162.2550048828125,162.69000244140625,162.22999572753906,162.61500549316406,33517
2026-09-18 13:37:00+00:00,162.2899932861328,162.2899932861328,162.4600067138672,162.25,162.25999450683594,21705
2026-09-18 13:38:00+00:00,162.32000732421875,162.32000732421875,162.4199981689453,162.24000549316406,162.36000061035156,8344
2026-09-18 13:39:00+00:00,162.40499877929688,162.40499877929688,162.44000244140625,162.22000122070312,162.2949981689453,10444
2026-09-18 13:40:00+00:00,162.50999450683594,162.50999450683594,162.61000061035156,162.35000610351562,162.35000610351562,33125
2026-09-18 13:41:00+00:00,162.6999969482422,162.6999969482422,162.6999969482422,162.44859313964844,162.49000549316406,18975
2026-09-18 13:42:00+00:00,162.92999267578125,162.92999267578125,162.92999267578125,162.6199951171875,162.72999572753906,29899
2026-09-18 13:43:00+00:00,163.22500610351562,163.22500610351562,163.27999877929688,162.8800048828125,162.97500610351562,17502
2026-09-18 13:44:00+00:00,163.01499938964844,163.01499938964844,163.2899932861328,162.96499633789062,163.22509765625,17556
2026-09-18 13:45:00+00:00,162.99000549316406,162.99000549316406,163.13499450683594,162.94000244140625,163.02000427246094,28126
2026-09-18 13:46:00+00:00,163.07000732421875,163.07000732421875,163.15499877929688,162.97000122070312,162.97000122070312,12158
2026-09-18 13:47:00+00:00,163.02999877929688,163.02999877929688,163.1199951171875,163.0,163.10000610351562,17067
2026-09-18 13:48:00+00:00,162.97500610351562,162.97500610351562,163.10189819335938,162.9600067138672,163.0,45123
2026-09-18 13:49:00+00:00,163.02000427246094,163.02000427246094,163.10000610351562,162.99850463867188,162.99850463867188,9280
2026-09-18 13:50:00+00:00,163.10000610351562,163.10000610351562,163.14999389648438,163.0500946044922,163.05999755859375,20265
2026-09-18 13:51:00+00:00,162.9600067138672,162.9600067138672,163.10000610351562,162.9600067138672,163.08999633789062,21395
2026-09-18 13:52:00+00:00,162.99000549316406,162.99000549316406,163.02999877929688,162.89999389648438,163.0,25001
2026-09-18 13:53:00+00:00,162.6905059814453,162.6905059814453,162.97000122070312,162.6699981689453,162.97000122070312,27659
2026-09-18 13:54:00+00:00,162.55999755859375,162.55999755859375,162.7100067138672,162.5399932861328,162.5800018310547,12204
2026-09-18 13:55:00+00:00,162.4499969482422,162.4499969482422,162.55499267578125,162.35000610351562,162.55499267578125,28543
2026-09-18 13:56:00+00:00,162.43499755859375,162.43499755859375,162.4550018310547,162.41000366210938,162.41000366210938,4393
2026-09-18 13:57:00+00:00,162.4499969482422,162.4499969482422,162.4600067138672,162.3000030517578,162.41000366210938,18389
2026-09-18 13:58:00+00:00,162.59500122070312,162.59500122070312,162.6300048828125,162.45030212402344,162.4550018310547,55823
2026-09-18 13:59:00+00:00,162.55499267578125,162.55499267578125,162.5800018310547,162.50999450683594,162.5399932861328,12659
2026-09-18 14:00:00+00:00,162.8300018310547,162.8300018310547,162.8300018310547,162.5800018310547,162.5800018310547,17224
2026-09-18 14:01:00+00:00,162.69000244140625,162.69000244140625,162.78500366210938,162.64999389648438,162.74639892578125,17239
2026-09-18 14:02:00+00:00,162.7100067138672,162.7100067138672,162.72000122070312,162.47000122070312,162.69000244140625,43106
2026-09-18 14:03:00+00:00,162.6699981689453,162.6699981689453,162.72000122070312,162.58999633789062,162.72000122070312,7358
2026-09-18 14:04:00+00:00,162.72000122070312,162.72000122070312,162.75999450683594,162.6300048828125,162.66000366210938,10376
2026-09-18 14:05:00+00:00,162.6199951171875,162.6199951171875,162.75,162.5800018310547,162.75,9776
2026-09-18 14:06:00+00:00,162.6199951171875,162.6199951171875,162.75,162.61000061035156,162.66000366210938,11707
2026-09-18 14:07:00+00:00,162.6300048828125,162.6300048828125,162.64939880371094,162.5500030517578,162.60000610351562,8528
2026-09-18 14:08:00+00:00,162.64999389648438,162.64999389648438,162.64999389648438,162.51010131835938,162.60000610351562,13824
2026-09-18 14:09:00+00:00,162.61000061035156,162.61000061035156,162.61000061035156,162.5500030517578,162.60000610351562,5266
2026-09-18 14:10:00+00:00,162.71499633789062,162.71499633789062,162.72000122070312,162.60000610351562,162.60000610351562,12028
2026-09-18 14:11:00+00:00,162.7100067138672,162.7100067138672,162.7100067138672,162.63999938964844,162.7100067138672,15528
2026-09-18 14:12:00+00:00,162.68499755859375,162.68499755859375,162.80999755859375,162.6300048828125,162.72900390625,22224
2026-09-18 14:13:00+00:00,162.74000549316406,162.74000549316406,162.74000549316406,162.63999938964844,162.63999938964844,21012
2026-09-18 14:14:00+00:00,162.6300048828125,162.6300048828125,162.75830078125,162.60000610351562,162.6999969482422,50062
2026-09-18 14:15:00+00:00,162.74000549316406,162.74000549316406,162.77999877929688,162.60000610351562,162.625,18097
2026-09-18 14:16:00+00:00,162.7899932861328,162.7899932861328,162.87989807128906,162.75,162.8000030517578,10908
2026-09-18 14:17:00+00:00,162.75999450683594,162.75999450683594,162.8000030517578,162.6999969482422,162.8000030517578,10849
2026-09-18 14:18:00+00:00,162.75,162.75,162.78500366210938,162.65499877929688,162.7100067138672,24898
2026-09-18 14:19:00+00:00,162.8000030517578,162.8000030517578,162.82000732421875,162.72999572753906,162.76980590820312,11021
2026-09-18 14:20:00+00:00,162.77000427246094,162.77000427246094,162.79989624023438,162.71009826660156,162.7899932861328,13276
2026-09-18 14:21:00+00:00,162.77499389648438,162.77499389648438,162.85000610351562,162.6699981689453,162.7449951171875,32174
2026-09-18 14:22:00+00:00,162.8800048828125,162.8800048828125,162.91000366210938,162.7899932861328,162.7899932861328,10534
2026-09-18 14:23:00+00:00,162.99989318847656,162.99989318847656,163.0,162.8300018310547,162.9199981689453,21033
2026-09-18 14:24:00+00:00,162.7100067138672,162.7100067138672,162.83999633789062,162.6699981689453,162.83999633789062,16344
2026-09-18 14:25:00+00:00,162.75,162.75,162.77999877929688,162.6699981689453,162.7698974609375,10379
2026-09-18 14:26:00+00:00,162.80999755859375,162.80999755859375,162.8800048828125,162.74000549316406,162.74000549316406,9745
2026-09-18 14:27:00+00:00,162.89500427246094,162.89500427246094,162.92990112304688,162.7899932861328,162.83999633789062,15456
2026-09-18 14:28:00+00:00,162.8699951171875,162.8699951171875,162.97999572753906,162.8699951171875,162.88999938964844,7206
2026-09-18 14:29:00+00:00,162.88999938964844,162.88999938964844,162.91000366210938,162.75999450683594,162.91000366210938,11639
2026-09-18 14:30:00+00:00,163.0,163.0,163.0050048828125,162.85000610351562,162.85000610351562,7816
2026-09-18 14:31:00+00:00,163.00999450683594,163.00999450683594,163.02000427246094,162.92999267578125,163.0,30057
2026-09-18 14:32:00+00:00,163.0850067138672,163.0850067138672,163.1199951171875,162.99000549316406,163.00999450683594,9343
2026-09-18 14:33:00+00:00,163.10000610351562,163.10000610351562,163.10989379882812,163.0,163.0399932861328,15986
2026-09-18 14:34:00+00:00,163.0500030517578,163.0500030517578,163.07000732421875,162.99000549316406,163.05999755859375,19966
2026-09-18 14:35:00+00:00,163.08999633789062,163.08999633789062,163.08999633789062,163.00999450683594,163.02110290527344,10301
2026-09-18 14:36:00+00:00,163.125,163.125,163.22000122070312,163.08999633789062,163.08999633789062,12490
2026-09-18 14:37:00+00:00,163.15499877929688,163.15499877929688,163.19000244140625,163.08999633789062,163.1300048828125,11611
2026-09-18 14:38:00+00:00,163.09500122070312,163.09500122070312,163.1699981689453,163.05999755859375,163.1199951171875,10639
2026-09-18 14:39:00+00:00,163.13009643554688,163.13009643554688,163.13009643554688,162.97000122070312,163.08999633789062,24427
2026-09-18 14:40:00+00:00,163.1699981689453,163.1699981689453,163.1750030517578,163.10000610351562,163.1750030517578,8974
2026-09-18 14:41:00+00:00,163.10000610351562,163.10000610351562,163.24000549316406,163.10000610351562,163.16000366210938,20137
2026-09-18 14:42:00+00:00,163.16000366210938,163.16000366210938,163.1699981689453,163.05999755859375,163.11500549316406,11851
2026-09-18 14:43:00+00:00,163.25999450683594,163.25999450683594,163.25999450683594,163.11000061035156,163.18499755859375,16216
2026-09-18 14:44:00+00:00,163.25999450683594,163.25999450683594,163.3249969482422,163.1999969482422,163.23500061035156,15279
2026-09-18 14:45:00+00:00,163.32000732421875,163.32000732421875,163.36000061035156,163.24000549316406,163.2899932861328,10043
2026-09-18 14:46:00+00:00,163.24000549316406,163.24000549316406,163.38999938964844,163.24000549316406,163.3699951171875,17452
2026-09-18 14:47:00+00:00,163.1999969482422,163.1999969482422,163.24000549316406,163.1199951171875,163.24000549316406,14378
2026-09-18 14:48:00+00:00,163.24000549316406,163.24000549316406,163.2550048828125,163.17999267578125,163.19000244140625,7978
2026-09-18 14:49:00+00:00,163.14849853515625,163.14849853515625,163.25,163.13999938964844,163.22999572753906,13368
2026-09-18 14:50:00+00:00,163.05499267578125,163.05499267578125,163.1699981689453,163.0399932861328,163.15499877929688,40022
2026-09-18 14:51:00+00:00,162.63499450683594,162.63499450683594,163.05499267578125,162.6199951171875,163.0500030517578,34623
2026-09-18 14:52:00+00:00,162.57000732421875,162.57000732421875,162.6199951171875,162.50999450683594,162.61000061035156,27016
2026-09-18 14:53:00+00:00,162.5749969482422,162.5749969482422,162.6649932861328,162.57000732421875,162.57000732421875,11050
2026-09-18 14:54:00+00:00,162.4300994873047,162.4300994873047,162.60499572753906,162.4300994873047,162.60000610351562,23614
2026-09-18 14:55:00+00:00,162.5800018310547,162.5800018310547,162.5850067138672,162.4600067138672,162.46499633789062,9871
2026-09-18 14:56:00+00:00,162.64999389648438,162.64999389648438,162.6649932861328,162.52499389648438,162.5850067138672,9603
2026-09-18 14:57:00+00:00,162.6699981689453,162.6699981689453,162.7100067138672,162.63999938964844,162.6750030517578,9396
2026-09-18 14:58:00+00:00,162.72000122070312,162.72000122070312,162.72000122070312,162.66000366210938,162.66000366210938,11175
2026-09-18 14:59:00+00:00,162.81500244140625,162.81500244140625,162.85000610351562,162.69500732421875,162.69500732421875,9800
2026-09-18 15:00:00+00:00,162.87010192871094,162.87010192871094,162.97000122070312,162.85000610351562,162.86000061035156,14757
2026-09-18 15:01:00+00:00,162.82009887695312,162.82009887695312,162.94000244140625,162.77000427246094,162.88499450683594,12755
2026-09-18 15:02:00+00:00,162.74000549316406,162.74000549316406,162.83999633789062,162.69000244140625,162.83999633789062,11057
2026-09-18 15:03:00+00:00,162.60499572753906,162.60499572753906,162.72999572753906,162.5850067138672,162.72999572753906,15700
2026-09-18 15:04:00+00:00,162.66000366210938,162.66000366210938,162.66000366210938,162.5800018310547,162.60000610351562,8863
2026-09-18 15:05:00+00:00,162.8000030517578,162.8000030517578,162.8249969482422,162.6750030517578,162.69000244140625,11653
2026-09-18 15:06:00+00:00,162.86000061035156,162.86000061035156,162.94000244140625,162.82000732421875,162.85000610351562,11072
2026-09-18 15:07:00+00:00,162.94000244140625,162.94000244140625,162.97000122070312,162.83999633789062,162.86000061035156,9356
2026-09-18 15:08:00+00:00,162.99000549316406,162.99000549316406,162.99000549316406,162.9250030517578,162.97000122070312,7769
2026-09-18 15:09:00+00:00,163.00999450683594,163.00999450683594,163.02000427246094,162.97000122070312,162.9949951171875,8258
2026-09-18 15:10:00+00:00,163.02000427246094,163.02000427246094,163.0399932861328,162.94000244140625,163.02000427246094,7943
2026-09-18 15:11:00+00:00,163.10000610351562,163.10000610351562,163.19000244140625,163.0570068359375,163.0570068359375,12593
2026-09-18 15:12:00+00:00,163.1300048828125,163.1300048828125,163.2100067138672,163.05999755859375,163.11500549316406,9621
2026-09-18 15:13:00+00:00,163.1300048828125,163.1300048828125,163.19000244140625,163.0601043701172,163.11500549316406,11049
2026-09-18 15:14:00+00:00,163.18499755859375,163.18499755859375,163.19500732421875,163.10000610351562,163.14500427246094,10723
2026-09-18 15:15:00+00:00,163.25,163.25,163.27000427246094,163.17010498046875,163.1999969482422,13803
2026-09-18 15:16:00+00:00,163.2949981689453,163.2949981689453,163.33999633789062,163.25,163.27000427246094,9719
2026-09-18 15:17:00+00:00,163.32000732421875,163.32000732421875,163.3300018310547,163.25,163.30999755859375,12684
2026-09-18 15:18:00+00:00,163.3350067138672,163.3350067138672,163.3800048828125,163.22500610351562,163.3300018310547,24365
2026-09-18 15:19:00+00:00,163.3000030517578,163.3000030517578,163.33999633789062,163.2949981689453,163.3350067138672,7311
2026-09-18 15:20:00+00:00,163.24000549316406,163.24000549316406,163.32000732421875,163.15499877929688,163.30499267578125,25134
2026-09-18 15:21:00+00:00,163.22500610351562,163.22500610351562,163.27999877929688,163.19000244140625,163.27000427246094,14181
2026-09-18 15:22:00+00:00,163.25,163.25,163.27000427246094,163.19000244140625,163.22000122070312,8141
2026-09-18 15:23:00+00:00,163.27999877929688,163.27999877929688,163.3699951171875,163.2277069091797,163.2277069091797,9321
2026-09-18 15:24:00+00:00,163.25,163.25,163.30999755859375,163.24659729003906,163.2899932861328,4243
2026-09-18 15:25:00+00:00,163.30999755859375,163.30999755859375,163.3300018310547,163.2779998779297,163.2779998779297,7576
2026-09-18 15:26:00+00:00,163.09500122070312,163.09500122070312,163.3249969482422,163.07020568847656,163.3249969482422,26359
2026-09-18 15:27:00+00:00,163.13999938964844,163.13999938964844,163.13999938964844,163.03500366210938,163.0800018310547,16124
2026-09-18 15:28:00+00:00,163.11000061035156,163.11000061035156,163.13999938964844,163.0800018310547,163.13999938964844,9828
2026-09-18 15:29:00+00:00,163.21499633789062,163.21499633789062,163.22000122070312,163.10000610351562,163.13999938964844,5565
2026-09-18 15:30:00+00:00,163.27000427246094,163.27000427246094,163.30499267578125,163.1999969482422,163.25,18403
2026-09-18 15:31:00+00:00,163.2449951171875,163.2449951171875,163.3092041015625,163.1999969482422,163.27499389648438,5127
2026-09-18 15:32:00+00:00,163.11000061035156,163.11000061035156,163.25999450683594,163.08999633789062,163.2301025390625,10393
2026-09-18 15:33:00+00:00,163.1999969482422,163.1999969482422,163.1999969482422,163.1300048828125,163.1300048828125,4175
2026-09-18 15:34:00+00:00,163.19500732421875,163.19500732421875,163.2100067138672,163.1699981689453,163.20010375976562,5841
2026-09-18 15:35:00+00:00,163.1199951171875,163.1199951171875,163.22999572753906,163.1199951171875,163.22000122070312,14436
2026-09-18 15:36:00+00:00,163.00999450683594,163.00999450683594,163.10499572753906,162.97500610351562,163.08999633789062,14864
2026-09-18 15:37:00+00:00,162.9250030517578,162.9250030517578,163.08389282226562,162.89999389648438,163.02999877929688,19659
2026-09-18 15:38:00+00:00,162.8699951171875,162.8699951171875,162.91310119628906,162.80999755859375,162.8699951171875,11310
2026-09-18 15:39:00+00:00,162.8000030517578,162.8000030517578,162.86500549316406,162.8000030517578,162.82000732421875,4601
2026-09-18 15:40:00+00:00,162.6999969482422,162.6999969482422,162.82000732421875,162.63009643554688,162.82000732421875,6720
2026-09-18 15:41:00+00:00,162.59500122070312,162.59500122070312,162.6999969482422,162.57749938964844,162.6999969482422,7210
2026-09-18 15:42:00+00:00,162.6649932861328,162.6649932861328,162.66859436035156,162.59500122070312,162.59500122070312,7583
2026-09-18 15:43:00+00:00,162.72000122070312,162.72000122070312,162.74000549316406,162.6649932861328,162.6649932861328,6743
2026-09-18 15:44:00+00:00,162.6750030517578,162.6750030517578,162.6999969482422,162.6750030517578,162.68499755859375,2687
2026-09-18 15:45:00+00:00,162.74000549316406,162.74000549316406,162.77000427246094,162.69500732421875,162.7050018310547,12932
2026-09-18 15:46:00+00:00,162.74000549316406,162.74000549316406,162.77000427246094,162.72000122070312,162.73500061035156,5114
2026-09-18 15:47:00+00:00,162.72999572753906,162.72999572753906,162.77000427246094,162.6999969482422,162.7449951171875,8969
2026-09-18 15:48:00+00:00,162.72999572753906,162.72999572753906,162.7550048828125,162.66619873046875,162.6999969482422,7136
2026-09-18 15:49:00+00:00,162.7825927734375,162.7825927734375,162.7825927734375,162.72000122070312,162.7449951171875,4852
2026-09-18 15:50:00+00:00,162.86500549316406,162.86500549316406,162.86500549316406,162.7899932861328,162.7899932861328,7689
2026-09-18 15:51:00+00:00,162.92999267578125,162.92999267578125,162.92999267578125,162.85000610351562,162.85000610351562,3305
2026-09-18 15:52:00+00:00,162.9199981689453,162.9199981689453,162.94000244140625,162.8699951171875,162.89999389648438,6548
2026-09-18 15:53:00+00:00,162.8699951171875,162.8699951171875,162.94000244140625,162.8699951171875,162.94000244140625,6347
2026-09-18 15:54:00+00:00,162.9600067138672,162.9600067138672,162.96499633789062,162.86000061035156,162.88999938964844,11922
2026-09-18 15:55:00+00:00,162.97000122070312,162.97000122070312,162.98989868164062,162.9199981689453,162.97000122070312,14952
2026-09-18 15:56:00+00:00,162.97000122070312,162.97000122070312,163.0,162.9600067138672,163.0,4159
2026-09-18 15:57:00+00:00,163.0500030517578,163.0500030517578,163.0800018310547,162.9550018310547,162.97999572753906,8581
2026-09-18 15:58:00+00:00,163.10499572753906,163.10499572753906,163.1300048828125,163.0800018310547,163.0800018310547,6307
2026-09-18 15:59:00+00:00,163.1300048828125,163.1300048828125,163.19000244140625,163.08999633789062,163.1300048828125,13738
2026-09-18 16:00:00+00:00,163.17999267578125,163.17999267578125,163.22999572753906,163.1300048828125,163.13999938964844,25480
2026-09-18 16:01:00+00:00,163.19500732421875,163.19500732421875,163.2100067138672,163.1750030517578,163.17999267578125,6343
2026-09-18 16:02:00+00:00,163.13999938964844,163.13999938964844,163.18499755859375,163.1298065185547,163.1699981689453,8219
2026-09-18 16:03:00+00:00,163.15499877929688,163.15499877929688,163.17990112304688,163.10000610351562,163.1199951171875,8325
2026-09-18 16:04:00+00:00,163.11500549316406,163.11500549316406,163.1699981689453,163.11500549316406,163.1649932861328,6002
2026-09-18 16:05:00+00:00,163.11500549316406,163.11500549316406,163.1199951171875,163.10000610351562,163.10499572753906,3994
2026-09-18 16:06:00+00:00,163.14999389648438,163.14999389648438,163.14999389648438,163.10000610351562,163.10000610351562,2255
2026-09-18 16:07:00+00:00,163.11500549316406,163.11500549316406,163.14999389648438,163.10000610351562,163.14999389648438,6072
2026-09-18 16:08:00+00:00,162.94000244140625,162.94000244140625,163.11500549316406,162.94000244140625,163.11500549316406,18887
2026-09-18 16:09:00+00:00,163.00999450683594,163.00999450683594,163.02499389648438,162.94000244140625,162.94000244140625,6075
2026-09-18 16:10:00+00:00,162.97000122070312,162.97000122070312,162.97999572753906,162.92999267578125,162.97999572753906,3723
2026-09-18 16:11:00+00:00,162.97000122070312,162.97000122070312,163.02999877929688,162.9499969482422,162.9499969482422,10944
2026-09-18 16:12:00+00:00,162.9149932861328,162.9149932861328,162.97500610351562,162.89500427246094,162.92999267578125,7028
2026-09-18 16:13:00+00:00,162.94500732421875,162.94500732421875,162.9600067138672,162.8800048828125,162.8800048828125,3895
2026-09-18 16:14:00+00:00,162.9600067138672,162.9600067138672,162.97000122070312,162.9199981689453,162.94000244140625,3075
2026-09-18 16:15:00+00:00,162.97999572753906,162.97999572753906,163.03500366210938,162.97000122070312,162.99000549316406,8447
2026-09-18 16:16:00+00:00,163.0449981689453,163.0449981689453,163.05999755859375,162.9698028564453,162.97000122070312,15253
2026-09-18 16:17:00+00:00,163.10499572753906,163.10499572753906,163.11500549316406,163.02999877929688,163.0399932861328,8645
2026-09-18 16:18:00+00:00,162.92999267578125,162.92999267578125,163.10000610351562,162.9250030517578,163.08999633789062,17285
2026-09-18 16:19:00+00:00,162.91000366210938,162.91000366210938,162.9199981689453,162.84649658203125,162.9199981689453,7062
2026-09-18 16:20:00+00:00,162.86000061035156,162.86000061035156,162.91000366210938,162.85000610351562,162.91000366210938,4415
2026-09-18 16:21:00+00:00,162.85650634765625,162.85650634765625,162.8699951171875,162.8300018310547,162.8699951171875,3313
2026-09-18 16:22:00+00:00,162.9199981689453,162.9199981689453,162.9199981689453,162.8800048828125,162.8800048828125,9386
2026-09-18 16:23:00+00:00,162.9499969482422,162.9499969482422,162.9499969482422,162.89999389648438,162.92999267578125,6470
2026-09-18 16:24:00+00:00,162.9600067138672,162.9600067138672,162.96499633789062,162.92999267578125,162.92999267578125,4876
2026-09-18 16:25:00+00:00,162.9499969482422,162.9499969482422,162.9600067138672,162.91000366210938,162.9600067138672,8780
2026-09-18 16:26:00+00:00,162.9199981689453,162.9199981689453,162.9600067138672,162.9199981689453,162.92999267578125,5916
2026-09-18 16:27:00+00:00,162.875,162.875,162.9250030517578,162.86000061035156,162.9199981689453,9501
2026-09-18 16:28:00+00:00,162.6699981689453,162.6699981689453,162.86500549316406,162.6199951171875,162.86000061035156,36839
2026-09-18 16:29:00+00:00,162.6999969482422,162.6999969482422,162.72000122070312,162.55999755859375,162.68499755859375,11137
2026-09-18 16:30:00+00:00,162.92999267578125,162.92999267578125,162.92999267578125,162.72000122070312,162.72000122070312,12372
2026-09-18 16:31:00+00:00,162.82000732421875,162.82000732421875,162.9600067138672,162.80999755859375,162.94000244140625,8100
2026-09-18 16:32:00+00:00,162.8300018310547,162.8300018310547,162.8300018310547,162.72000122070312,162.78500366210938,12886
2026-09-18 16:33:00+00:00,162.67999267578125,162.67999267578125,162.8300018310547,162.6750030517578,162.8300018310547,8427
2026-09-18 16:34:00+00:00,162.77999877929688,162.77999877929688,162.77999877929688,162.6699981689453,162.6699981689453,4424
2026-09-18 16:35:00+00:00,162.9503936767578,162.9503936767578,162.9503936767578,162.80999755859375,162.80999755859375,4985
2026-09-18 16:36:00+00:00,162.94000244140625,162.94000244140625,162.9550018310547,162.92999267578125,162.94000244140625,3463
2026-09-18 16:37:00+00:00,162.88999938964844,162.88999938964844,162.94000244140625,162.875,162.94000244140625,6005
2026-09-18 16:38:00+00:00,162.8800048828125,162.8800048828125,162.88999938964844,162.85000610351562,162.88999938964844,6858
2026-09-18 16:39:00+00:00,162.7100067138672,162.7100067138672,162.86000061035156,162.7100067138672,162.86000061035156,5078
2026-09-18 16:40:00+00:00,162.67999267578125,162.67999267578125,162.7100067138672,162.64999389648438,162.7100067138672,5416
2026-09-18 16:41:00+00:00,162.66000366210938,162.66000366210938,162.7100067138672,162.61000061035156,162.7100067138672,13716
2026-09-18 16:42:00+00:00,162.5500030517578,162.5500030517578,162.66000366210938,162.5500030517578,162.66000366210938,8247
2026-09-18 16:43:00+00:00,162.6199951171875,162.6199951171875,162.6199951171875,162.5,162.5399932861328,10137
2026-09-18 16:44:00+00:00,162.65499877929688,162.65499877929688,162.6898956298828,162.60000610351562,162.63999938964844,15691
2026-09-18 16:45:00+00:00,162.58999633789062,162.58999633789062,162.67999267578125,162.5800018310547,162.66000366210938,10369
2026-09-18 16:46:00+00:00,162.6300048828125,162.6300048828125,162.6300048828125,162.55999755859375,162.58999633789062,5556
2026-09-18 16:47:00+00:00,162.57000732421875,162.57000732421875,162.59500122070312,162.52499389648438,162.59500122070312,10403
2026-09-18 16:48:00+00:00,162.58999633789062,162.58999633789062,162.6199951171875,162.53919982910156,162.5449981689453,7388
2026-09-18 16:49:00+00:00,162.57659912109375,162.57659912109375,162.58999633789062,162.57659912109375,162.5800018310547,2948
2026-09-18 16:50:00+00:00,162.60000610351562,162.60000610351562,162.6300048828125,162.5399932861328,162.5800018310547,7110
2026-09-18 16:51:00+00:00,162.55499267578125,162.55499267578125,162.59080505371094,162.5449981689453,162.59080505371094,1804
2026-09-18 16:52:00+00:00,162.66000366210938,162.66000366210938,162.6999969482422,162.57000732421875,162.57000732421875,7941
2026-09-18 16:53:00+00:00,162.66000366210938,162.66000366210938,162.66000366210938,162.58999633789062,162.60000610351562,4459
2026-09-18 16:54:00+00:00,162.625,162.625,162.6999969482422,162.625,162.67999267578125,3753
2026-09-18 16:55:00+00:00,162.59500122070312,162.59500122070312,162.60000610351562,162.5500030517578,162.60000610351562,4537
2026-09-18 16:56:00+00:00,162.67999267578125,162.67999267578125,162.67999267578125,162.59500122070312,162.59500122070312,5509
2026-09-18 16:57:00+00:00,162.67010498046875,162.67010498046875,162.72000122070312,162.6699981689453,162.7050018310547,9661
2026-09-18 16:58:00+00:00,162.67999267578125,162.67999267578125,162.6999969482422,162.63999938964844,162.69000244140625,106594
2026-09-18 16:59:00+00:00,162.7200927734375,162.7200927734375,162.72999572753906,162.7100067138672,162.7100067138672,3382
2026-09-18 17:00:00+00:00,162.72999572753906,162.72999572753906,162.75,162.72000122070312,162.74000549316406,8510
2026-09-18 17:01:00+00:00,162.63999938964844,162.63999938964844,162.72999572753906,162.58999633789062,162.72999572753906,14579
2026-09-18 17:02:00+00:00,162.64999389648438,162.64999389648438,162.66000366210938,162.63009643554688,162.66000366210938,3727
2026-09-18 17:03:00+00:00,162.66000366210938,162.66000366210938,162.6999969482422,162.6199951171875,162.6510009765625,6103
2026-09-18 17:04:00+00:00,162.6300048828125,162.6300048828125,162.64999389648438,162.6300048828125,162.64999389648438,1689
2026-09-18 17:05:00+00:00,162.63999938964844,162.63999938964844,162.63999938964844,162.60499572753906,162.63999938964844,5340
2026-09-18 17:06:00+00:00,162.53500366210938,162.53500366210938,162.61000061035156,162.52499389648438,162.61000061035156,9139
2026-09-18 17:07:00+00:00,162.56239318847656,162.56239318847656,162.5699005126953,162.52999877929688,162.5399932861328,3281
2026-09-18 17:08:00+00:00,162.55929565429688,162.55929565429688,162.57000732421875,162.55929565429688,162.55999755859375,4868
2026-09-18 17:09:00+00:00,162.52000427246094,162.52000427246094,162.58999633789062,162.5,162.5800018310547,10252
2026-09-18 17:10:00+00:00,162.55999755859375,162.55999755859375,162.55999755859375,162.5,162.50999450683594,5761
2026-09-18 17:11:00+00:00,162.5,162.5,162.55499267578125,162.5,162.55499267578125,4248
2026-09-18 17:12:00+00:00,162.52999877929688,162.52999877929688,162.5399932861328,162.49000549316406,162.5,9694
2026-09-18 17:13:00+00:00,162.61859130859375,162.61859130859375,162.63499450683594,162.5399932861328,162.5399932861328,7569
2026-09-18 17:14:00+00:00,162.5449981689453,162.5449981689453,162.61000061035156,162.52499389648438,162.58999633789062,5695
2026-09-18 17:15:00+00:00,162.57000732421875,162.57000732421875,162.57000732421875,162.5399932861328,162.5449981689453,4748
2026-09-18 17:16:00+00:00,162.50999450683594,162.50999450683594,162.52999877929688,162.47999572753906,162.52000427246094,3457
2026-09-18 17:17:00+00:00,162.50999450683594,162.50999450683594,162.50999450683594,162.47999572753906,162.50999450683594,4482
2026-09-18 17:18:00+00:00,162.52000427246094,162.52000427246094,162.55999755859375,162.49000549316406,162.52000427246094,8063
2026-09-18 17:19:00+00:00,162.5,162.5,162.52499389648438,162.4499969482422,162.52499389648438,11334
2026-09-18 17:20:00+00:00,162.58999633789062,162.58999633789062,162.58999633789062,162.5050048828125,162.5050048828125,6862
2026-09-18 17:21:00+00:00,162.5500030517578,162.5500030517578,162.5800018310547,162.5500030517578,162.5800018310547,7412
2026-09-18 17:22:00+00:00,162.52000427246094,162.52000427246094,162.5449981689453,162.47999572753906,162.5449981689453,6801
2026-09-18 17:23:00+00:00,162.47000122070312,162.47000122070312,162.5399932861328,162.47000122070312,162.52000427246094,5491
2026-09-18 17:24:00+00:00,162.60000610351562,162.60000610351562,162.61000061035156,162.4499969482422,162.49000549316406,18623
2026-09-18 17:25:00+00:00,162.60000610351562,162.60000610351562,162.63499450683594,162.58999633789062,162.60499572753906,10219
2026-09-18 17:26:00+00:00,162.66000366210938,162.66000366210938,162.6699981689453,162.63999938964844,162.64999389648438,5001
2026-09-18 17:27:00+00:00,162.6750030517578,162.6750030517578,162.69000244140625,162.6649932861328,162.6699981689453,5748
2026-09-18 17:28:00+00:00,162.7100067138672,162.7100067138672,162.71499633789062,162.63999938964844,162.66000366210938,7758
2026-09-18 17:29:00+00:00,162.7100067138672,162.7100067138672,162.7100067138672,162.67999267578125,162.69000244140625,4693
2026-09-18 17:30:00+00:00,162.77999877929688,162.77999877929688,162.80999755859375,162.7100067138672,162.7100067138672,9836
2026-09-18 17:31:00+00:00,162.70010375976562,162.70010375976562,162.77999877929688,162.6999969482422,162.77999877929688,12993
2026-09-18 17:32:00+00:00,162.72999572753906,162.72999572753906,162.72999572753906,162.67999267578125,162.69000244140625,3934
2026-09-18 17:33:00+00:00,162.75,162.75,162.77999877929688,162.72999572753906,162.72999572753906,5404
2026-09-18 17:34:00+00:00,162.77999877929688,162.77999877929688,162.80999755859375,162.75169372558594,162.77000427246094,7955
2026-09-18 17:35:00+00:00,162.7899932861328,162.7899932861328,162.82000732421875,162.77999877929688,162.77999877929688,3823
2026-09-18 17:36:00+00:00,162.7899932861328,162.7899932861328,162.82000732421875,162.77999877929688,162.8083038330078,9137
2026-09-18 17:37:00+00:00,162.81500244140625,162.81500244140625,162.83990478515625,162.8000030517578,162.8000030517578,6442
2026-09-18 17:38:00+00:00,162.7899932861328,162.7899932861328,162.81500244140625,162.75999450683594,162.8000030517578,12008
2026-09-18 17:39:00+00:00,162.7899932861328,162.7899932861328,162.82000732421875,162.7700958251953,162.8000030517578,8800
2026-09-18 17:40:00+00:00,162.74000549316406,162.74000549316406,162.8000030517578,162.72000122070312,162.8000030517578,10576
2026-09-18 17:41:00+00:00,162.72999572753906,162.72999572753906,162.75100708007812,162.6999969482422,162.75,4481
2026-09-18 17:42:00+00:00,162.7050018310547,162.7050018310547,162.72500610351562,162.7050018310547,162.72500610351562,5400
2026-09-18 17:43:00+00:00,162.72999572753906,162.72999572753906,162.72999572753906,162.6999969482422,162.72999572753906,5361
2026-09-18 17:44:00+00:00,162.7368927001953,162.7368927001953,162.75999450683594,162.72999572753906,162.74000549316406,12013
2026-09-18 17:45:00+00:00,162.76499938964844,162.76499938964844,162.77999877929688,162.75,162.75509643554688,6373
2026-09-18 17:46:00+00:00,162.8000030517578,162.8000030517578,162.8000030517578,162.77000427246094,162.77999877929688,6335
2026-09-18 17:47:00+00:00,162.78500366210938,162.78500366210938,162.7884063720703,162.77090454101562,162.7884063720703,3319
2026-09-18 17:48:00+00:00,162.77499389648438,162.77499389648438,162.7949981689453,162.77499389648438,162.7899932861328,5193
2026-09-18 17:49:00+00:00,162.76499938964844,162.76499938964844,162.76669311523438,162.74000549316406,162.7624053955078,13640
2026-09-18 17:50:00+00:00,162.7899932861328,162.7899932861328,162.82000732421875,162.75999450683594,162.75999450683594,11935
2026-09-18 17:51:00+00:00,162.82899475097656,162.82899475097656,162.8300018310547,162.7899932861328,162.8000030517578,5929
2026-09-18 17:52:00+00:00,162.8000030517578,162.8000030517578,162.82000732421875,162.77999877929688,162.82000732421875,6960
2026-09-18 17:53:00+00:00,162.80499267578125,162.80499267578125,162.83999633789062,162.79100036621094,162.79330444335938,13080
2026-09-18 17:54:00+00:00,162.77000427246094,162.77000427246094,162.82000732421875,162.74000549316406,162.80999755859375,14710
2026-09-18 17:55:00+00:00,162.77999877929688,162.77999877929688,162.80999755859375,162.77999877929688,162.77999877929688,6190
2026-09-18 17:56:00+00:00,162.72999572753906,162.72999572753906,162.72999572753906,162.69000244140625,162.72000122070312,3197
2026-09-18 17:57:00+00:00,162.7050018310547,162.7050018310547,162.7100067138672,162.63999938964844,162.7100067138672,5972
2026-09-18 17:58:00+00:00,162.6649932861328,162.6649932861328,162.72000122070312,162.64999389648438,162.7100067138672,5456
2026-09-18 17:59:00+00:00,162.70010375976562,162.70010375976562,162.7100067138672,162.6699981689453,162.67999267578125,7961
2026-09-18 18:00:00+00:00,162.75,162.75,162.77000427246094,162.6999969482422,162.6999969482422,12581
2026-09-18 18:01:00+00:00,162.71499633789062,162.71499633789062,162.75,162.69500732421875,162.74000549316406,8625
2026-09-18 18:02:00+00:00,162.7100067138672,162.7100067138672,162.72000122070312,162.6999969482422,162.71499633789062,5838
2026-09-18 18:03:00+00:00,162.71499633789062,162.71499633789062,162.72999572753906,162.7100067138672,162.7100067138672,6299
2026-09-18 18:04:00+00:00,162.75,162.75,162.77999877929688,162.7050018310547,162.7050018310547,33138
2026-09-18 18:05:00+00:00,162.64999389648438,162.64999389648438,162.74000549316406,162.64500427246094,162.74000549316406,6186
2026-09-18 18:06:00+00:00,162.58999633789062,162.58999633789062,162.61000061035156,162.5749969482422,162.60000610351562,4211
2026-09-18 18:07:00+00:00,162.7550048828125,162.7550048828125,162.75999450683594,162.57009887695312,162.57009887695312,10669
2026-09-18 18:08:00+00:00,162.80499267578125,162.80499267578125,162.80499267578125,162.72000122070312,162.7550048828125,5237
2026-09-18 18:09:00+00:00,162.8000030517578,162.8000030517578,162.8249969482422,162.78500366210938,162.8000030517578,58134
2026-09-18 18:10:00+00:00,162.73500061035156,162.73500061035156,162.78500366210938,162.72999572753906,162.77999877929688,4312
2026-09-18 18:11:00+00:00,162.78990173339844,162.78990173339844,162.78990173339844,162.69000244140625,162.7100067138672,6403
2026-09-18 18:12:00+00:00,162.75,162.75,162.77999877929688,162.72999572753906,162.72999572753906,2448
2026-09-18 18:13:00+00:00,162.8000030517578,162.8000030517578,162.8000030517578,162.75999450683594,162.76429748535156,4627
2026-09-18 18:14:00+00:00,162.7700958251953,162.7700958251953,162.80740356445312,162.77000427246094,162.8000030517578,5347
2026-09-18 18:15:00+00:00,162.77000427246094,162.77000427246094,162.80999755859375,162.77000427246094,162.77999877929688,3974
2026-09-18 18:16:00+00:00,162.80999755859375,162.80999755859375,162.80999755859375,162.77999877929688,162.7899932861328,4743
2026-09-18 18:17:00+00:00,162.88999938964844,162.88999938964844,162.89999389648438,162.8300018310547,162.8300018310547,15464
2026-09-18 18:18:00+00:00,162.94000244140625,162.94000244140625,162.94000244140625,162.8800048828125,162.88999938964844,7711
2026-09-18 18:19:00+00:00,162.9600067138672,162.9600067138672,163.0,162.92999267578125,162.94940185546875,10459
2026-09-18 18:20:00+00:00,162.8699951171875,162.8699951171875,162.9499969482422,162.8699951171875,162.94000244140625,8445
2026-09-18 18:21:00+00:00,162.85000610351562,162.85000610351562,162.88999938964844,162.8000030517578,162.88999938964844,6297
2026-09-18 18:22:00+00:00,162.8699951171875,162.8699951171875,162.8699951171875,162.8300018310547,162.85499572753906,8545
2026-09-18 18:23:00+00:00,162.83999633789062,162.83999633789062,162.88949584960938,162.8300018310547,162.88949584960938,5244
2026-09-18 18:24:00+00:00,162.8249969482422,162.8249969482422,162.85000610351562,162.80999755859375,162.85000610351562,3202
2026-09-18 18:25:00+00:00,162.83999633789062,162.83999633789062,162.86500549316406,162.8300018310547,162.83999633789062,6493
2026-09-18 18:26:00+00:00,162.8699951171875,162.8699951171875,162.8699951171875,162.82000732421875,162.83999633789062,3805
2026-09-18 18:27:00+00:00,162.8616943359375,162.8616943359375,162.8699951171875,162.85000610351562,162.86000061035156,2835
2026-09-18 18:28:00+00:00,162.89999389648438,162.89999389648438,162.94000244140625,162.8800048828125,162.8800048828125,15665
2026-09-18 18:29:00+00:00,162.94000244140625,162.94000244140625,162.94000244140625,162.88999938964844,162.88999938964844,6561
2026-09-18 18:30:00+00:00,162.88499450683594,162.88499450683594,162.9199981689453,162.85000610351562,162.9199981689453,10003
2026-09-18 18:31:00+00:00,162.85000610351562,162.85000610351562,162.88510131835938,162.83999633789062,162.88510131835938,3729
2026-09-18 18:32:00+00:00,162.8699951171875,162.8699951171875,162.89999389648438,162.8300018310547,162.85000610351562,14500
2026-09-18 18:33:00+00:00,162.85000610351562,162.85000610351562,162.89999389648438,162.85000610351562,162.8699951171875,7642
2026-09-18 18:34:00+00:00,162.8300018310547,162.8300018310547,162.86000061035156,162.8249969482422,162.86000061035156,5146
2026-09-18 18:35:00+00:00,162.75999450683594,162.75999450683594,162.82000732421875,162.74000549316406,162.82000732421875,9131
2026-09-18 18:36:00+00:00,162.75999450683594,162.75999450683594,162.75999450683594,162.75,162.75,3453
2026-09-18 18:37:00+00:00,162.69000244140625,162.69000244140625,162.75999450683594,162.67999267578125,162.75,9042
2026-09-18 18:38:00+00:00,162.75,162.75,162.75,162.69000244140625,162.6999969482422,5089
2026-09-18 18:39:00+00:00,162.74000549316406,162.74000549316406,162.77999877929688,162.74000549316406,162.77000427246094,3956
2026-09-18 18:40:00+00:00,162.7449951171875,162.7449951171875,162.7449951171875,162.7100067138672,162.72000122070312,8055
2026-09-18 18:41:00+00:00,162.67999267578125,162.67999267578125,162.74000549316406,162.64999389648438,162.74000549316406,15816
2026-09-18 18:42:00+00:00,162.7100067138672,162.7100067138672,162.7100067138672,162.66510009765625,162.69000244140625,4548
2026-09-18 18:43:00+00:00,162.71499633789062,162.71499633789062,162.7449951171875,162.71200561523438,162.71499633789062,3087
2026-09-18 18:44:00+00:00,162.66000366210938,162.66000366210938,162.74989318847656,162.6199951171875,162.72000122070312,6068
2026-09-18 18:45:00+00:00,162.67999267578125,162.67999267578125,162.67999267578125,162.63999938964844,162.67999267578125,10801
2026-09-18 18:46:00+00:00,162.80999755859375,162.80999755859375,162.82000732421875,162.68499755859375,162.68499755859375,19348
2026-09-18 18:47:00+00:00,162.80499267578125,162.80499267578125,162.8300018310547,162.8000030517578,162.8000030517578,6799
2026-09-18 18:48:00+00:00,162.72999572753906,162.72999572753906,162.80499267578125,162.71499633789062,162.80499267578125,6877
2026-09-18 18:49:00+00:00,162.6999969482422,162.6999969482422,162.7449951171875,162.6999969482422,162.7449951171875,3050
2026-09-18 18:50:00+00:00,162.58999633789062,162.58999633789062,162.6999969482422,162.58999633789062,162.6999969482422,17028
2026-09-18 18:51:00+00:00,162.5709991455078,162.5709991455078,162.61270141601562,162.57000732421875,162.5850067138672,12546
2026-09-18 18:52:00+00:00,162.58999633789062,162.58999633789062,162.60000610351562,162.55999755859375,162.55999755859375,9262
2026-09-18 18:53:00+00:00,162.6649932861328,162.6649932861328,162.69000244140625,162.60000610351562,162.60000610351562,17312
2026-09-18 18:54:00+00:00,162.63314819335938,162.63314819335938,162.69500732421875,162.6300048828125,162.6699981689453,8970
2026-09-18 18:55:00+00:00,162.6300048828125,162.6300048828125,162.6300048828125,162.60000610351562,162.61000061035156,8639
2026-09-18 18:56:00+00:00,162.6199951171875,162.6199951171875,162.625,162.61000061035156,162.625,2812
2026-09-18 18:57:00+00:00,162.59500122070312,162.59500122070312,162.6199951171875,162.57000732421875,162.6199951171875,9357
2026-09-18 18:58:00+00:00,162.55999755859375,162.55999755859375,162.58999633789062,162.52000427246094,162.58999633789062,20523
2026-09-18 18:59:00+00:00,162.52000427246094,162.52000427246094,162.5800018310547,162.5,162.55999755859375,12090
2026-09-18 19:00:00+00:00,162.48500061035156,162.48500061035156,162.5,162.44000244140625,162.49029541015625,21459
2026-09-18 19:01:00+00:00,162.39010620117188,162.39010620117188,162.47999572753906,162.39010620117188,162.47999572753906,14417
2026-09-18 19:02:00+00:00,162.55999755859375,162.55999755859375,162.57000732421875,162.3509979248047,162.3800048828125,27981
2026-09-18 19:03:00+00:00,162.3000030517578,162.3000030517578,162.56500244140625,162.25999450683594,162.5399932861328,36945
2026-09-18 19:04:00+00:00,162.3300018310547,162.3300018310547,162.3800048828125,162.29119873046875,162.3000030517578,6685
2026-09-18 19:05:00+00:00,162.36839294433594,162.36839294433594,162.36839294433594,162.2899932861328,162.3300018310547,8550
2026-09-18 19:06:00+00:00,162.25999450683594,162.25999450683594,162.36000061035156,162.22999572753906,162.36000061035156,15259
2026-09-18 19:07:00+00:00,162.25999450683594,162.25999450683594,162.27999877929688,162.1999969482422,162.27999877929688,14244
2026-09-18 19:08:00+00:00,162.27000427246094,162.27000427246094,162.33999633789062,162.25,162.2899932861328,14287
2026-09-18 19:09:00+00:00,162.2100067138672,162.2100067138672,162.28500366210938,162.1699981689453,162.27000427246094,12259
2026-09-18 19:10:00+00:00,162.32400512695312,162.32400512695312,162.35000610351562,162.22999572753906,162.22999572753906,16065
2026-09-18 19:11:00+00:00,162.41000366210938,162.41000366210938,162.4199981689453,162.3000030517578,162.32009887695312,19209
2026-09-18 19:12:00+00:00,162.2899932861328,162.2899932861328,162.39999389648438,162.22000122070312,162.38099670410156,16434
2026-09-18 19:13:00+00:00,162.22000122070312,162.22000122070312,162.30999755859375,162.2100067138672,162.30999755859375,13077
2026-09-18 19:14:00+00:00,162.36500549316406,162.36500549316406,162.3699951171875,162.22000122070312,162.22000122070312,14448
2026-09-18 19:15:00+00:00,162.30499267578125,162.30499267578125,162.3800048828125,162.26499938964844,162.35000610351562,25493
2026-09-18 19:16:00+00:00,162.22000122070312,162.22000122070312,162.30499267578125,162.1999969482422,162.30499267578125,18193
2026-09-18 19:17:00+00:00,162.10000610351562,162.10000610351562,162.22000122070312,162.08999633789062,162.21499633789062,28294
2026-09-18 19:18:00+00:00,162.1199951171875,162.1199951171875,162.13499450683594,162.0850067138672,162.08999633789062,13981
2026-09-18 19:19:00+00:00,162.1999969482422,162.1999969482422,162.24000549316406,162.11000061035156,162.11000061035156,35091
2026-09-18 19:20:00+00:00,162.30999755859375,162.30999755859375,162.3300018310547,162.1999969482422,162.1999969482422,23170
2026-09-18 19:21:00+00:00,162.16000366210938,162.16000366210938,162.3300018310547,162.16000366210938,162.3300018310547,29143
2026-09-18 19:22:00+00:00,161.97999572753906,161.97999572753906,162.16000366210938,161.97999572753906,162.16000366210938,31519
2026-09-18 19:23:00+00:00,161.99000549316406,161.99000549316406,162.02999877929688,161.9600067138672,161.97999572753906,24339
2026-09-18 19:24:00+00:00,162.0,162.0,162.02499389648438,161.94000244140625,161.99000549316406,17431
2026-09-18 19:25:00+00:00,161.94000244140625,161.94000244140625,162.05999755859375,161.89999389648438,161.9949951171875,22502
2026-09-18 19:26:00+00:00,162.00999450683594,162.00999450683594,162.0117950439453,161.9199981689453,161.9499969482422,13602
2026-09-18 19:27:00+00:00,162.0321044921875,162.0321044921875,162.04660034179688,161.98300170898438,162.02499389648438,11963
2026-09-18 19:28:00+00:00,161.97999572753906,161.97999572753906,162.0800018310547,161.97999572753906,162.0500030517578,22711
2026-09-18 19:29:00+00:00,162.02000427246094,162.02000427246094,162.10000610351562,161.97999572753906,161.99000549316406,23868
2026-09-18 19:30:00+00:00,161.96499633789062,161.96499633789062,162.02499389648438,161.94009399414062,162.02000427246094,28967
2026-09-18 19:31:00+00:00,161.97999572753906,161.97999572753906,162.0399932861328,161.9571990966797,161.97000122070312,14601
2026-09-18 19:32:00+00:00,161.91299438476562,161.91299438476562,162.05999755859375,161.91299438476562,161.97999572753906,18923
2026-09-18 19:33:00+00:00,161.9499969482422,161.9499969482422,161.97999572753906,161.94000244140625,161.94000244140625,19543
2026-09-18 19:34:00+00:00,162.02000427246094,162.02000427246094,162.0399932861328,161.9600067138672,161.97999572753906,22431
2026-09-18 19:35:00+00:00,162.02059936523438,162.02059936523438,162.08999633789062,161.94000244140625,162.02000427246094,36757
2026-09-18 19:36:00+00:00,162.05099487304688,162.05099487304688,162.07000732421875,162.0,162.00999450683594,11813
2026-09-18 19:37:00+00:00,162.13999938964844,162.13999938964844,162.14999389648438,162.0500030517578,162.05059814453125,14634
2026-09-18 19:38:00+00:00,162.2449951171875,162.2449951171875,162.2899932861328,162.11099243164062,162.1199951171875,35562
2026-09-18 19:39:00+00:00,162.32000732421875,162.32000732421875,162.32000732421875,162.17100524902344,162.24000549316406,26675
2026-09-18 19:40:00+00:00,162.22500610351562,162.22500610351562,162.32000732421875,162.22500610351562,162.3000030517578,19005
2026-09-18 19:41:00+00:00,162.24000549316406,162.24000549316406,162.30999755859375,162.1699981689453,162.22999572753906,34279
2026-09-18 19:42:00+00:00,162.3800048828125,162.3800048828125,162.3800048828125,162.22999572753906,162.25,41091
2026-09-18 19:43:00+00:00,162.2100067138672,162.2100067138672,162.38999938964844,162.17999267578125,162.3800048828125,49223
2026-09-18 19:44:00+00:00,162.25,162.25,162.32000732421875,162.14999389648438,162.1999969482422,42669
2026-09-18 19:45:00+00:00,162.0399932861328,162.0399932861328,162.25,161.85000610351562,162.25,155080
2026-09-18 19:46:00+00:00,161.88999938964844,161.88999938964844,162.06930541992188,161.8699951171875,162.0500030517578,55135
2026-09-18 19:47:00+00:00,161.85000610351562,161.85000610351562,161.9199981689453,161.72000122070312,161.89999389648438,149826
2026-09-18 19:48:00+00:00,161.9199981689453,161.9199981689453,161.9199981689453,161.72999572753906,161.83999633789062,126018
2026-09-18 19:49:00+00:00,161.88999938964844,161.88999938964844,161.9199981689453,161.66000366210938,161.9199981689453,82670
2026-09-18 19:50:00+00:00,162.16000366210938,162.16000366210938,162.42999267578125,161.30999755859375,161.8699951171875,290451
2026-09-18 19:51:00+00:00,162.1999969482422,162.1999969482422,162.27000427246094,162.1199951171875,162.13999938964844,77945
2026-09-18 19:52:00+00:00,162.220703125,162.220703125,162.27000427246094,162.19000244140625,162.2100067138672,560658
2026-09-18 19:53:00+00:00,162.8000030517578,162.8000030517578,162.86000061035156,162.22999572753906,162.23500061035156,184139
2026-09-18 19:54:00+00:00,162.74000549316406,162.74000549316406,162.85000610351562,162.72000122070312,162.7899932861328,66623
2026-09-18 19:55:00+00:00,162.72999572753906,162.72999572753906,162.88999938964844,162.68499755859375,162.72000122070312,132522
2026-09-18 19:56:00+00:00,163.1300048828125,163.1300048828125,163.17999267578125,162.49000549316406,162.74000549316406,280796
2026-09-18 19:57:00+00:00,163.02999877929688,163.02999877929688,163.22999572753906,162.92999267578125,163.1300048828125,189639
2026-09-18 19:58:00+00:00,162.91000366210938,162.91000366210938,163.02000427246094,162.83999633789062,163.00999450683594,243527
2026-09-18 19:59:00+00:00,163.18499755859375,163.18499755859375,163.3699951171875,162.86000061035156,162.89999389648438,576684
